Name,Description,Data Type,Data Unit,Can Read,Can Write
aircraft.acceleration,Aircraft forward acceleration KTS/sec,System.Double,,TRUE,FALSE
aircraft.acceleration.ias,"Aircraft forward acceleration kts/sec, based on airspeed",System.Double,,TRUE,FALSE
aircraft.acceleration.X,Aircraft side acceleration,System.Double,,TRUE,FALSE
aircraft.acceleration.Y,Aircraft vertical acceleration,System.Double,,TRUE,FALSE
aircraft.adirs.display.content,Adirs display content,System.String,,TRUE,FALSE
aircraft.adiru.1.align_minutes_left,Minutes left for alignment,System.Double,,TRUE,FALSE
aircraft.adiru.1.aligning,True if the IRS is aligning,System.Boolean,,TRUE,FALSE
aircraft.adiru.1.attitude_available,Attitude is available,System.Boolean,,TRUE,FALSE
aircraft.adiru.1.display_status,IRS display status,System.Int32,,TRUE,FALSE
aircraft.adiru.1.fault.bank,IRS bank fault,System.Double,,TRUE,TRUE
aircraft.adiru.1.fault.heading,IRS heading fault,System.Double,,TRUE,TRUE
aircraft.adiru.1.fault.pitch,IRS pitch fault,System.Double,,TRUE,TRUE
aircraft.adiru.1.groundspeed,Ground speed output from IRS,System.Double,,TRUE,FALSE
aircraft.adiru.1.heading,True heading output from IRS,System.Double,,TRUE,FALSE
aircraft.adiru.1.heading.mag,Magnetic heading data,System.Double,,TRUE,FALSE
aircraft.adiru.1.latitude,Latitude output from IRS,System.Double,,TRUE,FALSE
aircraft.adiru.1.longitude,Longitude output from IRS,System.Double,,TRUE,FALSE
aircraft.adiru.1.magVar,Magnetic variation,System.Double,,TRUE,FALSE
aircraft.adiru.1.need_heading_entry,True if the IRS requires heading entry,System.Boolean,,TRUE,FALSE
aircraft.adiru.1.need_position_entry,True if the IRS requires position entry,System.Boolean,,TRUE,FALSE
aircraft.adiru.1.position_available,Position is available,System.Boolean,,TRUE,FALSE
aircraft.adiru.1.track,True track output from IRS,System.Double,,TRUE,FALSE
aircraft.adiru.1.track.mag,Magnetic track data,System.Double,,TRUE,FALSE
aircraft.adiru.1.windheading,Wind heading output from IRS,System.Double,,TRUE,FALSE
aircraft.adiru.1.windspeed,Wind speed output from IRS,System.Double,,TRUE,FALSE
aircraft.adiru.2.align_minutes_left,Minutes left for alignment,System.Double,,TRUE,FALSE
aircraft.adiru.2.aligning,True if the IRS is aligning,System.Boolean,,TRUE,FALSE
aircraft.adiru.2.attitude_available,Attitude is available,System.Boolean,,TRUE,FALSE
aircraft.adiru.2.display_status,IRS display status,System.Int32,,TRUE,FALSE
aircraft.adiru.2.fault.bank,IRS bank fault,System.Double,,TRUE,TRUE
aircraft.adiru.2.fault.heading,IRS heading fault,System.Double,,TRUE,TRUE
aircraft.adiru.2.fault.pitch,IRS pitch fault,System.Double,,TRUE,TRUE
aircraft.adiru.2.groundspeed,Ground speed output from IRS,System.Double,,TRUE,FALSE
aircraft.adiru.2.heading,True heading output from IRS,System.Double,,TRUE,FALSE
aircraft.adiru.2.heading.mag,Magnetic heading data,System.Double,,TRUE,FALSE
aircraft.adiru.2.latitude,Latitude output from IRS,System.Double,,TRUE,FALSE
aircraft.adiru.2.longitude,Longitude output from IRS,System.Double,,TRUE,FALSE
aircraft.adiru.2.magVar,Magnetic variation,System.Double,,TRUE,FALSE
aircraft.adiru.2.need_heading_entry,True if the IRS requires heading entry,System.Boolean,,TRUE,FALSE
aircraft.adiru.2.need_position_entry,True if the IRS requires position entry,System.Boolean,,TRUE,FALSE
aircraft.adiru.2.position_available,Position is available,System.Boolean,,TRUE,FALSE
aircraft.adiru.2.track,True track output from IRS,System.Double,,TRUE,FALSE
aircraft.adiru.2.track.mag,Magnetic track data,System.Double,,TRUE,FALSE
aircraft.adiru.2.windheading,Wind heading output from IRS,System.Double,,TRUE,FALSE
aircraft.adiru.2.windspeed,Wind speed output from IRS,System.Double,,TRUE,FALSE
aircraft.adiru.3.align_minutes_left,Minutes left for alignment,System.Double,,TRUE,FALSE
aircraft.adiru.3.aligning,True if the IRS is aligning,System.Boolean,,TRUE,FALSE
aircraft.adiru.3.attitude_available,Attitude is available,System.Boolean,,TRUE,FALSE
aircraft.adiru.3.display_status,IRS display status,System.Int32,,TRUE,FALSE
aircraft.adiru.3.fault.bank,IRS bank fault,System.Double,,TRUE,TRUE
aircraft.adiru.3.fault.heading,IRS heading fault,System.Double,,TRUE,TRUE
aircraft.adiru.3.fault.pitch,IRS pitch fault,System.Double,,TRUE,TRUE
aircraft.adiru.3.groundspeed,Ground speed output from IRS,System.Double,,TRUE,FALSE
aircraft.adiru.3.heading,True heading output from IRS,System.Double,,TRUE,FALSE
aircraft.adiru.3.heading.mag,Magnetic heading data,System.Double,,TRUE,FALSE
aircraft.adiru.3.latitude,Latitude output from IRS,System.Double,,TRUE,FALSE
aircraft.adiru.3.longitude,Longitude output from IRS,System.Double,,TRUE,FALSE
aircraft.adiru.3.magVar,Magnetic variation,System.Double,,TRUE,FALSE
aircraft.adiru.3.need_heading_entry,True if the IRS requires heading entry,System.Boolean,,TRUE,FALSE
aircraft.adiru.3.need_position_entry,True if the IRS requires position entry,System.Boolean,,TRUE,FALSE
aircraft.adiru.3.position_available,Position is available,System.Boolean,,TRUE,FALSE
aircraft.adiru.3.track,True track output from IRS,System.Double,,TRUE,FALSE
aircraft.adiru.3.track.mag,Magnetic track data,System.Double,,TRUE,FALSE
aircraft.adiru.3.windheading,Wind heading output from IRS,System.Double,,TRUE,FALSE
aircraft.adiru.3.windspeed,Wind speed output from IRS,System.Double,,TRUE,FALSE
aircraft.alphaprot,AOA exceeds alpha protection,System.Boolean,,TRUE,FALSE
aircraft.altitude,The true altitude of the aircraft in feet MSL,System.Double,,TRUE,TRUE
aircraft.altitude.aboveGround,Aircraft altitude AGL in feet,System.Double,,TRUE,FALSE
aircraft.altitude.captain,Indicated altitude on captain PFD,System.Double,,TRUE,FALSE
aircraft.altitude.compensation,Altitude compensation due to temperature,System.Double,,TRUE,FALSE
aircraft.altitude.dradio,Aircraft delta altitude AGL in feet/sec,System.Double,,TRUE,FALSE
aircraft.altitude.FO,Indicated altitude on F/O PFD,System.Double,,TRUE,FALSE
aircraft.altitude.ground,Ground altitude below aircraft in feet,System.Double,,TRUE,FALSE
aircraft.altitude.radio,Aircraft radio altitude in feet,System.Double,,TRUE,FALSE
aircraft.AOA,Aircraft angle of attack,System.Double,,TRUE,FALSE
aircraft.aoa.dampened,Dampened AOA,System.Double,,TRUE,FALSE
aircraft.ap.pitchInput,Autopilot pitch input,System.Double,,TRUE,FALSE
aircraft.ap.wingload,Autopilot commanded wingload,System.Double,,TRUE,FALSE
aircraft.atsu.VHF3Data,VHF3 in data mode,System.Boolean,,TRUE,TRUE
aircraft.autoflight.pitchCMD,Autoflight pitch command,System.Double,,TRUE,FALSE
aircraft.autoflight.pitchReference,Autoflight pitch reference,System.Double,,TRUE,FALSE
aircraft.autoflight.rollCMD,Autoflight roll command,System.Double,,TRUE,FALSE
aircraft.balance.MAC,Aircraft MAC in %,System.Double,,TRUE,FALSE
aircraft.bank,Aircraft bank,System.Double,,TRUE,TRUE
aircraft.brakes.brakeTempFactor,Temperature factor for braking,System.Double,,TRUE,TRUE
aircraft.brakes.fan.left,Brake fan left running,System.Boolean,,TRUE,FALSE
aircraft.brakes.fan.right,Brake fan right running,System.Boolean,,TRUE,FALSE
aircraft.brakes.input.left.captain,Left brake captain input,System.Double,,TRUE,FALSE
aircraft.brakes.input.left.fo,Left brake f/o input,System.Double,,TRUE,FALSE
aircraft.brakes.input.left.total,Left brake total input,System.Double,,TRUE,FALSE
aircraft.brakes.input.right.captain,Right brake captain input,System.Double,,TRUE,FALSE
aircraft.brakes.input.right.fo,Right brake f/o input,System.Double,,TRUE,FALSE
aircraft.brakes.input.right.total,Right brake total input,System.Double,,TRUE,FALSE
aircraft.brakes.percentage.1,Simulator brake percentage left,System.Double,,TRUE,FALSE
aircraft.brakes.percentage.2,Simulator brake percentage right,System.Double,,TRUE,FALSE
aircraft.brakes.temperature.target.1,Brake target temperature wheel 1,System.Double,,TRUE,FALSE
aircraft.brakes.temperature.target.2,Brake target temperature wheel 2,System.Double,,TRUE,FALSE
aircraft.brakes.temperature.target.3,Brake target temperature wheel 3,System.Double,,TRUE,FALSE
aircraft.brakes.temperature.target.4,Brake target temperature wheel 4,System.Double,,TRUE,FALSE
aircraft.cabin.aft.temp,Cabin temperature aft in celcius,System.Double,,TRUE,FALSE
aircraft.cabin.differentialPressure,Differential pressure,System.Double,,TRUE,FALSE
aircraft.cabin.fwd.temp.air,Cabin temperature fwd in celcius,System.Double,,TRUE,FALSE
aircraft.cabin.fwd.temp.seat,Seat temperature fwd in celcius,System.Double,,TRUE,FALSE
aircraft.cabin.pressure,Cabin pressure,System.Double,,TRUE,FALSE
aircraft.cargo.aft.amount,Aft cargo amount,System.Double,kg,TRUE,TRUE
aircraft.cargo.aft.capacity,Aft cargo capacity,System.Double,kg,TRUE,FALSE
aircraft.cargo.bulk.capacity,Bulk cargo capacity,System.Double,kg,TRUE,FALSE
aircraft.cargo.forward.amount,Forward cargo amount,System.Double,kg,TRUE,TRUE
aircraft.cargo.forward.capacity,Forward cargo capacity,System.Double,kg,TRUE,FALSE
aircraft.cg,Center of gravity in %MAC,System.Double,,TRUE,TRUE
aircraft.communication.ifeInUse,IFE in use indicator,System.Boolean,,TRUE,TRUE
aircraft.communication.paInUse,PA in use indicator,System.Boolean,,TRUE,TRUE
aircraft.communication.RMP1.navigationBackup,RMP navigation backup mode,System.Boolean,,TRUE,TRUE
aircraft.communication.RMP2.navigationBackup,RMP navigation backup mode,System.Boolean,,TRUE,TRUE
aircraft.communication.RMP3.navigationBackup,RMP navigation backup mode,System.Boolean,,TRUE,TRUE
aircraft.communication.videoInUse,Video in use indicator,System.Boolean,,TRUE,TRUE
aircraft.communications.draims.captain.Animation,Animation data,System.String[],,TRUE,FALSE
aircraft.communications.draims.captain.Boxes,Data for boxes,System.String[],,TRUE,FALSE
aircraft.communications.draims.captain.brightness,Display brightness,System.Double,,TRUE,FALSE
aircraft.communications.draims.captain.Column1,Left column static data,System.String[],,TRUE,FALSE
aircraft.communications.draims.captain.Column2,Right column static data,System.String[],,TRUE,FALSE
aircraft.communications.draims.captain.Column3,Center column static data,System.String[],,TRUE,FALSE
aircraft.communications.draims.captain.pageRenderMode,Main page render mode,System.String,,TRUE,FALSE
aircraft.communications.draims.captain.Row4,Row 4 static data,System.String[],,TRUE,FALSE
aircraft.communications.draims.captain.row4RenderMode,Row 4 page render mode,System.String,,TRUE,FALSE
aircraft.communications.draims.fo.Animation,Animation data,System.String[],,TRUE,FALSE
aircraft.communications.draims.fo.Boxes,Data for boxes,System.String[],,TRUE,FALSE
aircraft.communications.draims.fo.brightness,Display brightness,System.Double,,TRUE,FALSE
aircraft.communications.draims.fo.Column1,Left column static data,System.String[],,TRUE,FALSE
aircraft.communications.draims.fo.Column2,Right column static data,System.String[],,TRUE,FALSE
aircraft.communications.draims.fo.Column3,Center column static data,System.String[],,TRUE,FALSE
aircraft.communications.draims.fo.pageRenderMode,Main page render mode,System.String,,TRUE,FALSE
aircraft.communications.draims.fo.Row4,Row 4 static data,System.String[],,TRUE,FALSE
aircraft.communications.draims.fo.row4RenderMode,Row 4 page render mode,System.String,,TRUE,FALSE
aircraft.config.neo,True if the aircraft is a NEO,System.Boolean,,TRUE,FALSE
aircraft.controlLaw,Current FBW control law,System.String,,TRUE,FALSE
aircraft.controlLaw.numerical,Current FBW control law numerical,System.Int32,,TRUE,FALSE
aircraft.crew.flightAttendants.weight,Weight of the flight attendants,System.Double,kg,TRUE,FALSE
aircraft.crew.pilots.weight,Weight of the pilots,System.Double,kg,TRUE,FALSE
aircraft.datalink.printer.control,SDK printer control. Commands: [Query: returns number of print jobs on hold in queue] [Print: returns the contetn of the first print job available],System.String,,TRUE,TRUE
aircraft.datalink.printer.enabled,"Enables the SDK print queue. Enabling the queue will disable any other printer selected in datalink config, regardless if it is enabled or not. It will also make the PRINT prompt availabe for a printable message",System.Boolean,,TRUE,TRUE
aircraft.dcdu1.display,DCDU display 1 XML,System.String,,TRUE,FALSE
aircraft.dcdu1.display.state,"0=Off, 1=Self test, 2=Waiting data, 3=Normal",System.Int32,DCDU state display 1,TRUE,FALSE
aircraft.dcdu2.display,DCDU display 2 XML,System.String,,TRUE,FALSE
aircraft.dcdu2.display.state,"0=Off, 1=Self test, 2=Waiting data, 3=Normal",System.Int32,DCDU state display 2,TRUE,FALSE
aircraft.debug.combinedRudderOutput,Combined rudder output,System.Double,,TRUE,FALSE
aircraft.debug.fac_windshearData,FAC 1 running windshear data,System.Double,,TRUE,FALSE
aircraft.ELAC1.cstar.current,Current C* value,System.Double,,TRUE,FALSE
aircraft.ELAC1.cstar.request,Requested C* value,System.Double,,TRUE,TRUE
aircraft.ELAC2.cstar.current,Current C* value,System.Double,,TRUE,FALSE
aircraft.ELAC2.cstar.request,Requested C* value,System.Double,,TRUE,TRUE
aircraft.electrical.battery1.charge,Battery charge between 0 to 1,System.Double,,TRUE,TRUE
aircraft.electrical.battery1.voltage,Battery voltage,System.Double,,TRUE,FALSE
aircraft.electrical.battery2.charge,Battery charge between 0 to 1,System.Double,,TRUE,TRUE
aircraft.electrical.battery2.voltage,Battery voltage,System.Double,,TRUE,FALSE
aircraft.electrical.relay.ACBusTie1,AC Bus Tie 1 closed,System.Boolean,,TRUE,FALSE
aircraft.electrical.relay.ACBusTie2,AC Bus Tie 2 closed,System.Boolean,,TRUE,FALSE
aircraft.electrical.relay.ACEssential1,AC Essential contactor 1 closed,System.Boolean,,TRUE,FALSE
aircraft.electrical.relay.ACEssential2,AC Essential contactor 2 closed,System.Boolean,,TRUE,FALSE
aircraft.electrical.relay.ACEssentialShedCont,AC Essential shed contactor closed,System.Boolean,,TRUE,FALSE
aircraft.electrical.relay.ACEssentialToTR,AC Essential to TR contactor closed,System.Boolean,,TRUE,FALSE
aircraft.electrical.relay.ACStaticInverter,AC Static inverter contactor closed,System.Boolean,,TRUE,FALSE
aircraft.electrical.relay.ApuPowerCont,APU power contactor closed,System.Boolean,,TRUE,FALSE
aircraft.electrical.relay.Bat1,Bat 1 contactor closed,System.Boolean,,TRUE,FALSE
aircraft.electrical.relay.Bat2,Bat 2 contactor closed,System.Boolean,,TRUE,FALSE
aircraft.electrical.relay.DCEssentialShedCont,DC Essential shed contactor closed,System.Boolean,,TRUE,FALSE
aircraft.electrical.relay.DCTie1,DC Tie 1 closed,System.Boolean,,TRUE,FALSE
aircraft.electrical.relay.DCTie2,DC Tie 2 closed,System.Boolean,,TRUE,FALSE
aircraft.electrical.relay.EmergencyCont,Emergency contactor closed,System.Boolean,,TRUE,FALSE
aircraft.electrical.relay.EssentialDCTie,Essential DC Tie contactor closed,System.Boolean,,TRUE,FALSE
aircraft.electrical.relay.EssTrOutputCont,Ess TR output contactor closed,System.Boolean,,TRUE,FALSE
aircraft.electrical.relay.ExternPowerCont,External power contactor closed,System.Boolean,,TRUE,FALSE
aircraft.electrical.relay.Gen1Line,Gen 1 line contactor closed,System.Boolean,,TRUE,FALSE
aircraft.electrical.relay.Gen2Line,Gen 2 line contactor closed,System.Boolean,,TRUE,FALSE
aircraft.electrical.relay.StaticInverter1,Static inverter 1 contactor closed,System.Boolean,,TRUE,FALSE
aircraft.electrical.relay.StaticInverter2,Static inverter 2 contactor closed,System.Boolean,,TRUE,FALSE
aircraft.electrical.relay.TR1Cont,TR 1 contactor closed,System.Boolean,,TRUE,FALSE
aircraft.electrical.relay.TR2Cont,TR 2 contactor closed,System.Boolean,,TRUE,FALSE
aircraft.engine1.blending,Engine 1 blending,System.Double,,TRUE,FALSE
aircraft.engine1.raw,Engine 1 N1 raw,System.Double,,TRUE,FALSE
aircraft.engine1.starting,Engine 1 starting,System.Double,,TRUE,FALSE
aircraft.engine1.startTable,Engine 1 N1 start table,System.Double,,TRUE,TRUE
aircraft.engine2.raw,Engine 2 N1 raw,System.Double,,TRUE,FALSE
aircraft.engine2.starting,Engine 1 starting,System.Double,,TRUE,FALSE
aircraft.engines.1.egt,EGT in celcius,System.Double,,TRUE,FALSE
aircraft.engines.1.epr,Exhaust pressure ratio,System.Double,,TRUE,FALSE
aircraft.engines.1.ff.kg,Fuel flow in kg/hour,System.Double,,TRUE,FALSE
aircraft.engines.1.ff.lbs,Fuel flow in lbs/hour,System.Double,,TRUE,FALSE
aircraft.engines.1.filter.time,Engine spool filter time,System.Double,,TRUE,TRUE
aircraft.engines.1.n1,N1 percent,System.Double,,TRUE,FALSE
aircraft.engines.1.n2,N2 percent,System.Double,,TRUE,FALSE
aircraft.engines.1.n2 raw,N2 percent raw,System.Double,,TRUE,FALSE
aircraft.engines.1.Nacelle,Nacelle temperature,System.Double,,TRUE,FALSE
aircraft.engines.1.oil.pressure,Engine oil pressure,System.Double,,TRUE,FALSE
aircraft.engines.1.oil.quantity,Engine oil quantity,System.Double,,TRUE,FALSE
aircraft.engines.1.oil.temperature,Engine oil temperature,System.Double,,TRUE,FALSE
aircraft.engines.1.RPM.n1,N1 rotation speed,System.Double,,TRUE,FALSE
aircraft.engines.1.running,True if engine is running,System.Boolean,,TRUE,FALSE
aircraft.engines.1.vib,vibration,System.Double,,TRUE,FALSE
aircraft.engines.2.egt,EGT in celcius,System.Double,,TRUE,FALSE
aircraft.engines.2.epr,Exhaust pressure ratio,System.Double,,TRUE,FALSE
aircraft.engines.2.ff.kg,Fuel flow in kg/hour,System.Double,,TRUE,FALSE
aircraft.engines.2.ff.lbs,Fuel flow in lbs/hour,System.Double,,TRUE,FALSE
aircraft.engines.2.filter.time,Engine spool filter time,System.Double,,TRUE,TRUE
aircraft.engines.2.n1,N1 percent,System.Double,,TRUE,FALSE
aircraft.engines.2.n2,N2 percent,System.Double,,TRUE,FALSE
aircraft.engines.2.n2 raw,N2 percent raw,System.Double,,TRUE,FALSE
aircraft.engines.2.Nacelle,Nacelle temperature,System.Double,,TRUE,FALSE
aircraft.engines.2.oil.pressure,Engine oil pressure,System.Double,,TRUE,FALSE
aircraft.engines.2.oil.quantity,Engine oil quantity,System.Double,,TRUE,FALSE
aircraft.engines.2.oil.temperature,Engine oil temperature,System.Double,,TRUE,FALSE
aircraft.engines.2.RPM.n1,N1 rotation speed,System.Double,,TRUE,FALSE
aircraft.engines.2.running,True if engine is running,System.Boolean,,TRUE,FALSE
aircraft.engines.2.vib,vibration,System.Double,,TRUE,FALSE
aircraft.engines.limits.climb,Current Climb N1 target,System.Double,,TRUE,FALSE
aircraft.engines.limits.flex,Current Flex/MCT N1 target,System.Double,,TRUE,FALSE
aircraft.engines.limits.toga,Current TOGA N1 target,System.Double,,TRUE,FALSE
aircraft.FAC1.cstar.current,Current C* value,System.Double,,TRUE,FALSE
aircraft.FAC1.cstar.request,Requested C* value,System.Double,,TRUE,TRUE
aircraft.FAC1.StallAOA,Stall Angle of Attack,System.Double,,TRUE,FALSE
aircraft.FAC1.VAMax,V alpha max,System.Double,,TRUE,FALSE
aircraft.FAC1.VAProt,V alpha protection,System.Double,,TRUE,FALSE
aircraft.FAC1.VFE,VFE,System.Double,,TRUE,FALSE
aircraft.FAC1.VGD,Green dot speed,System.Double,,TRUE,FALSE
aircraft.FAC1.VLE,VLE,System.Double,,TRUE,FALSE
aircraft.FAC1.VLS,V low speed,System.Double,,TRUE,FALSE
aircraft.FAC1.VMax,V max kts,System.Double,,TRUE,FALSE
aircraft.FAC1.VMO,VMO kts,System.Double,,TRUE,FALSE
aircraft.FAC1.VS1G,V Stall 1G,System.Double,,TRUE,FALSE
aircraft.FAC1.VSAmber,V amber band speed,System.Double,,TRUE,FALSE
aircraft.FAC1.VSW,V stall warning,System.Double,,TRUE,FALSE
aircraft.FAC1.windshear,Windshear detected,System.Boolean,,TRUE,FALSE
aircraft.FAC2.cstar.current,Current C* value,System.Double,,TRUE,FALSE
aircraft.FAC2.cstar.request,Requested C* value,System.Double,,TRUE,TRUE
aircraft.FAC2.StallAOA,Stall Angle of Attack,System.Double,,TRUE,FALSE
aircraft.FAC2.VAMax,V alpha max,System.Double,,TRUE,FALSE
aircraft.FAC2.VAProt,V alpha protection,System.Double,,TRUE,FALSE
aircraft.FAC2.VFE,VFE,System.Double,,TRUE,FALSE
aircraft.FAC2.VGD,Green dot speed,System.Double,,TRUE,FALSE
aircraft.FAC2.VLE,VLE,System.Double,,TRUE,FALSE
aircraft.FAC2.VLS,V low speed,System.Double,,TRUE,FALSE
aircraft.FAC2.VMax,V max kts,System.Double,,TRUE,FALSE
aircraft.FAC2.VMO,VMO kts,System.Double,,TRUE,FALSE
aircraft.FAC2.VS1G,V Stall 1G,System.Double,,TRUE,FALSE
aircraft.FAC2.VSAmber,V amber band speed,System.Double,,TRUE,FALSE
aircraft.FAC2.VSW,V stall warning,System.Double,,TRUE,FALSE
aircraft.FAC2.windshear,Windshear detected,System.Boolean,,TRUE,FALSE
aircraft.fbw.accel.pitchGain,Acceleration pitch gain,System.Double,,TRUE,TRUE
aircraft.fbw.autopilot.pitch.adaptive,Use adapative gain in autopilot pitch,System.Boolean,,TRUE,TRUE
aircraft.fbw.autopilot.pitch.adaptiveCmdDifferential,Enable IAS based CMD differential,System.Boolean,,TRUE,TRUE
aircraft.fbw.autopilot.pitch.cmdFactorLevelChangeBuildup,Max cmd input factor for level change buildup,System.Double,,TRUE,TRUE
aircraft.fbw.autopilot.pitch.cmdLimit,Max cmd input for pitch,System.Double,,TRUE,TRUE
aircraft.fbw.autopilot.pitch.differential.gsMultiplier,Autopilot pitch differential gain multiplyer during G/S,System.Double,,TRUE,TRUE
aircraft.fbw.autopilot.pitch.differential.high,Autopilot pitch differential gain high,System.Double,,TRUE,TRUE
aircraft.fbw.autopilot.pitch.differential.low,Autopilot pitch differential gain low,System.Double,,TRUE,TRUE
aircraft.fbw.autopilot.pitch.flap3Compensator.elevator,Percentage of elevator input for flap3 compensator,System.Double,,TRUE,TRUE
aircraft.fbw.autopilot.pitch.flap3Compensator.timer.duration,Duration of elevator input for flap3 compensator,System.Double,,TRUE,TRUE
aircraft.fbw.autopilot.pitch.highSpeed,Autopilot speed for high gain,System.Double,,TRUE,TRUE
aircraft.fbw.autopilot.pitch.lowSpeed,Autopilot speed for low gain,System.Double,,TRUE,TRUE
aircraft.fbw.autopilot.pitch.proportional.altAcqMultiplier,Autopilot pitch proportional gain multiplyer during alt*,System.Double,,TRUE,TRUE
aircraft.fbw.autopilot.pitch.proportional.flareMultiplier,Autopilot pitch proportional gain multiplyer during flare,System.Double,,TRUE,TRUE
aircraft.fbw.autopilot.pitch.proportional.goAround,Autopilot pitch proportional gain go around,System.Double,,TRUE,TRUE
aircraft.fbw.autopilot.pitch.proportional.gsMultiplier,Autopilot pitch proportional gain multiplyer during G/S,System.Double,,TRUE,TRUE
aircraft.fbw.autopilot.pitch.proportional.high,Autopilot pitch proportional gain high,System.Double,,TRUE,TRUE
aircraft.fbw.autopilot.pitch.proportional.low,Autopilot pitch proportional gain low,System.Double,,TRUE,TRUE
aircraft.fbw.autopilot.roll.differential,Autopilot roll differential gain,System.Double,,TRUE,TRUE
aircraft.fbw.autopilot.roll.proportional,Autopilot roll proportional gain,System.Double,,TRUE,TRUE
aircraft.fbw.autothrottle.deltaVlsThreshold,Autothrottle Vls delta under which deceleration is guarded,System.Double,,TRUE,TRUE
aircraft.fbw.autothrottle.gain,Autothrottle gain,System.Double,,TRUE,TRUE
aircraft.fbw.autothrottle.gain.climbBuildup,Autothrottle gain during climb buildup,System.Double,,TRUE,TRUE
aircraft.fbw.autothrottle.gain.integral,Autothrottle integral gain,System.Double,,TRUE,TRUE
aircraft.fbw.autothrottle.gain.machMode,Autothrottle gain in mach mode,System.Double,,TRUE,TRUE
aircraft.fbw.autothrottle.gain.singleEngine,Gain factor applied during single engine,System.Double,,TRUE,TRUE
aircraft.fbw.autothrottle.gain.softAlt,Autothrottle gain in softAlt mode,System.Double,,TRUE,TRUE
aircraft.fbw.autothrottle.limit.integral,Autothrottle integral limit,System.Double,,TRUE,TRUE
aircraft.fbw.autothrottle.maxAcceleration,Autothrottle max commanded acceleration,System.Double,,TRUE,TRUE
aircraft.fbw.autothrottle.maxAcceleration.se ,Autothrottle max commanded acceleration single engine,System.Double,,TRUE,TRUE
aircraft.fbw.autothrottle.maxDeceleration,Autothrottle guarded deceleration maximum value at Vls,System.Double,,TRUE,TRUE
aircraft.fbw.autothrottle.scalar.high,Autothrottle acceleration scalar high Bank,System.Double,,TRUE,TRUE
aircraft.fbw.autothrottle.scalar.high.se,Autothrottle acceleration scalar high Bank single engine,System.Double,,TRUE,TRUE
aircraft.fbw.autothrottle.scalar.low,Autothrottle acceleration scalar low bank,System.Double,,TRUE,TRUE
aircraft.fbw.autothrottle.scalar.low.se,Autothrottle acceleration scalar low bank single engine,System.Double,,TRUE,TRUE
aircraft.fbw.autothrottle.singleEngineDampener.highspeed,Autothrottle single engine dampened mode high speed cutoff,System.Double,,TRUE,TRUE
aircraft.fbw.autothrottle.singleEngineDampener.lowspeed,Autothrottle single engine dampened mode low speed cutoff,System.Double,,TRUE,TRUE
aircraft.fbw.gravityErrorSimulation,Simulate reduced gravity at altitude effect,System.Boolean,,TRUE,TRUE
aircraft.fbw.ground.differential,Ground roll differential gain,System.Double,,TRUE,TRUE
aircraft.fbw.ground.proportional,Ground roll proportional gain,System.Double,,TRUE,TRUE
aircraft.fbw.ground.rollOutFilter,Ground roll filter time,System.Double,,TRUE,TRUE
aircraft.fbw.ground.rudderSensitivity,Ground rudder sensitivity factor,System.Double,,TRUE,TRUE
aircraft.fbw.normalLaw.activation.blendTime.roll,Blendtime in seconds for activation of roll flight mode,System.Double,,TRUE,TRUE
aircraft.fbw.normalLaw.activation.pitch,Pitch threshold for activation of flight mode normal law,System.Double,,TRUE,TRUE
aircraft.fbw.pitch.alphaMode.differential.high,Pitch differential gain alpha mode high,System.Double,,TRUE,TRUE
aircraft.fbw.pitch.alphaMode.differential.low,Pitch differential gain alpha mode low,System.Double,,TRUE,TRUE
aircraft.fbw.pitch.alphaMode.proportional.high,Pitch differential gain alpha mode high,System.Double,,TRUE,TRUE
aircraft.fbw.pitch.alphaMode.proportional.low,Pitch differential gain alpha mode low,System.Double,,TRUE,TRUE
aircraft.fbw.pitch.alphaMode.singleEngine.differential.factor,Pitch differential gain factor for single engine,System.Double,,TRUE,TRUE
aircraft.fbw.pitch.alphaMode.speed.max,Pitch alpha mode speed max,System.Double,,TRUE,TRUE
aircraft.fbw.pitch.alphaMode.speed.min,Pitch alpha mode speed min,System.Double,,TRUE,TRUE
aircraft.fbw.pitch.alphaMode.tasScalar,Pitch alpha mode use TAS scalar,System.Boolean,,TRUE,TRUE
aircraft.fbw.pitch.alphaProtectionLead,Alpha protection lead in max degrees,System.Double,,TRUE,TRUE
aircraft.fbw.pitch.alphaProtectionLeadFactor,Alpha protection lead factor,System.Double,,TRUE,TRUE
aircraft.fbw.pitch.alphaScaling,Alpha scaling,System.Boolean,,TRUE,TRUE
aircraft.fbw.pitch.aoaDampeningFactor.normal,Time factor for AOA dampening,System.Double,,TRUE,TRUE
aircraft.fbw.pitch.aoaDampeningFactor.slats,Time factor for AOA dampening,System.Double,,TRUE,TRUE
aircraft.fbw.pitch.baseTrimDegrees,Base elevator trim degrees,System.Double,,TRUE,TRUE
aircraft.fbw.pitch.baseTrimFactor,Elevator trim degrees factor,System.Double,,TRUE,TRUE
aircraft.fbw.pitch.bounceProtection.gainFactor.feedforward,FeedForward gain factor during pitch bounce protection,System.Double,,TRUE,TRUE
aircraft.fbw.pitch.bounceProtection.gainFactor.prop,Prop/Dif gain factor during pitch bounce protection,System.Double,,TRUE,TRUE
aircraft.fbw.pitch.bounceProtection.sidestick.max,Sidestick upper threshold percentage for pitch bounce protection,System.Double,,TRUE,TRUE
aircraft.fbw.pitch.bounceProtection.sidestick.min,Sidestick lower threshold percentage for pitch bounce protection,System.Double,,TRUE,TRUE
aircraft.fbw.pitch.bounceProtection.speed,"Speed under which pitch brounce protection is enabled, 0 for off",System.Double,,TRUE,TRUE
aircraft.fbw.pitch.Cdifferential,Pitch differential gain C*,System.Double,,TRUE,TRUE
aircraft.fbw.pitch.CfeedForward,Pitch feed forward gain C*,System.Double,,TRUE,TRUE
aircraft.fbw.pitch.Cintegral,Pitch integral gain C*,System.Double,,TRUE,TRUE
aircraft.fbw.pitch.climbThrustCompensationFactor,Open climb intial thrust compensation factor,System.Double,,TRUE,TRUE
aircraft.fbw.pitch.Cproportional,Pitch proportional gain C*,System.Double,,TRUE,TRUE
aircraft.fbw.pitch.differential,Pitch differential gain,System.Double,,TRUE,TRUE
aircraft.fbw.pitch.differential.cmdFSFactor,Pitch differential factor during CMD G/S,System.Double,,TRUE,TRUE
aircraft.fbw.pitch.elevatorRateLimit,Elevator rate limit in percent,System.Double,,TRUE,TRUE
aircraft.fbw.pitch.elevatorScalar,Pitch elevator scalar,System.Double,,TRUE,TRUE
aircraft.fbw.pitch.elevatorScalar.takeoff,Pitch elevator scalar takeoff,System.Double,,TRUE,TRUE
aircraft.fbw.pitch.feedForward,Pitch feed forward gain,System.Double,,TRUE,TRUE
aircraft.fbw.pitch.flap3Compensator.elevator,Percentage of elevator input for flap3 compensator,System.Double,,TRUE,TRUE
aircraft.fbw.pitch.flap3Compensator.timer.duration,Duration of elevator input for flap3 compensator,System.Double,,TRUE,TRUE
aircraft.fbw.pitch.flareAugmentation,Flare augmentation percentage,System.Double,,TRUE,TRUE
aircraft.fbw.pitch.flareSensitivity,Flare sensitivity percentage,System.Double,,TRUE,TRUE
aircraft.fbw.pitch.flareTarget,Flare FPA target,System.Double,,TRUE,TRUE
aircraft.fbw.pitch.groundTrimDelta,Extra degrees trim up when on ground,System.Double,,TRUE,TRUE
aircraft.fbw.pitch.integral,Pitch integral gain,System.Double,,TRUE,TRUE
aircraft.fbw.pitch.loadRateLimitFactor,Load rate limit factor,System.Double,,TRUE,TRUE
aircraft.fbw.pitch.lookahed.down,Pitch lookahead down,System.Double,,TRUE,TRUE
aircraft.fbw.pitch.lookahed.up,Pitch lookahead up,System.Double,,TRUE,TRUE
aircraft.fbw.pitch.pitchRateAugmentation,Pitch rate augmentation,System.Double,,TRUE,TRUE
aircraft.fbw.pitch.proportional,Pitch proportional gain,System.Double,,TRUE,TRUE
aircraft.fbw.pitch.proportional.cmdGSFactor,Pitch proportional factor during CMD G/S,System.Double,,TRUE,TRUE
aircraft.fbw.pitch.reference.base,Pitch reference base filter time,System.Double,,TRUE,TRUE
aircraft.fbw.pitch.reference.factor,Pitch reference aoa factor,System.Double,,TRUE,TRUE
aircraft.fbw.pitch.scaledown.base,Base of pitch elevator scaledown,System.Double,,TRUE,TRUE
aircraft.fbw.pitch.scaledown.factor,Factor of pitch elevator scaledown,System.Double,,TRUE,TRUE
aircraft.fbw.pitch.tasDampener.factor,Pitch TAS Dampener factor,System.Double,,TRUE,TRUE
aircraft.fbw.pitch.tasDampener.speed.max,Pitch TAS Dampener speed max,System.Double,,TRUE,TRUE
aircraft.fbw.pitch.tasDampener.speed.min,Pitch TAS Dampener speed min,System.Double,,TRUE,TRUE
aircraft.fbw.pitch.tasScalar,Pitch TAS Scalar ,System.Double,,TRUE,TRUE
aircraft.fbw.pitch.thrustEffect.gain,Pitch thrust effect augmentation gain,System.Double,,TRUE,TRUE
aircraft.fbw.pitch.touchdownRate,Elevator down rate after touchdown,System.Double,,TRUE,TRUE
aircraft.fbw.pitch.trimCutoffElevator,Elevator position in degrees where autotrim cuts off,System.Double,,TRUE,TRUE
aircraft.fbw.pitch.trimSpeedFactor,Autotrim speed factor,System.Double,,TRUE,TRUE
aircraft.fbw.pitch.uniformAxis,Rescale negative pitch range,System.Boolean,,TRUE,TRUE
aircraft.fbw.roll.aileronFactor,Roll authority loss per aileron,System.Double,,TRUE,TRUE
aircraft.fbw.roll.differential,Roll differetial gain,System.Double,,TRUE,TRUE
aircraft.fbw.roll.directScalar,Roll scalar direct law,System.Double,,TRUE,TRUE
aircraft.fbw.roll.elevatorAsymmetryGain,Roll gain due to elevator assymetry,System.Double,,TRUE,TRUE
aircraft.fbw.roll.feedForward,Roll feed forward gain,System.Double,,TRUE,TRUE
aircraft.fbw.roll.lowSpeed,Roll low speed threshold,System.Double,,TRUE,TRUE
aircraft.fbw.roll.lowSpeedScalar,Roll scalar low speed,System.Double,,TRUE,TRUE
aircraft.fbw.roll.proportional,Roll proportional gain,System.Double,,TRUE,TRUE
aircraft.fbw.roll.spoilerFactor.2,Roll authority loss per spoiler 2,System.Double,,TRUE,TRUE
aircraft.fbw.roll.spoilerFactor.3,Roll authority loss per spoiler 3,System.Double,,TRUE,TRUE
aircraft.fbw.roll.spoilerFactor.4,Roll authority loss per spoiler 4,System.Double,,TRUE,TRUE
aircraft.fbw.roll.spoilerFactor.5,Roll authority loss per spoiler 5,System.Double,,TRUE,TRUE
aircraft.fbw.yaw.decrab.altitude,Radio altitude threshold for decrab,System.Double,,TRUE,TRUE
aircraft.fbw.yaw.decrab.rate.proportional,Yaw rate target P for decrab,System.Double,,TRUE,TRUE
aircraft.fbw.yaw.decrab.rudder.proportional,Yaw rudder P for decrab,System.Double,,TRUE,TRUE
aircraft.fbw.yaw.differential.high,Yaw differential gain high setting,System.Double,,TRUE,TRUE
aircraft.fbw.yaw.differential.low,Yaw differential gain low setting,System.Double,,TRUE,TRUE
aircraft.fbw.yaw.dutchRoll.gain,Dutch roll augmentation,System.Double,,TRUE,TRUE
aircraft.fbw.yaw.highSpeed,Yaw threshold high speed threshold,System.Double,,TRUE,TRUE
aircraft.fbw.yaw.lowSpeed,Yaw threshold low speed threshold,System.Double,,TRUE,TRUE
aircraft.fbw.yaw.proportional.high,Yaw proportional gain high setting,System.Double,,TRUE,TRUE
aircraft.fbw.yaw.proportional.low,Yaw proportional gain low setting,System.Double,,TRUE,TRUE
aircraft.fcu.efis1.data,Optional map data,System.Int32,,TRUE,TRUE
aircraft.fcu.efis1.fd,F/D,System.Boolean,,TRUE,TRUE
aircraft.fcu.efis1.ls,LS,System.Boolean,,TRUE,FALSE
aircraft.fcu.efis2.data,Optional map data,System.Int32,,TRUE,TRUE
aircraft.fcu.efis2.fd,F/D,System.Boolean,,TRUE,TRUE
aircraft.fcu.efis2.ls,LS,System.Boolean,,TRUE,FALSE
aircraft.fcu.MachMode,Mach mode enabled,System.Boolean,,TRUE,TRUE
aircraft.fcu.Metric,Metric enabled,System.Boolean,,TRUE,TRUE
aircraft.fcu.TrackMode,Track/FPA mode enabled,System.Boolean,,TRUE,TRUE
aircraft.flap.position,Current flap position in degrees,System.Double,,TRUE,FALSE
aircraft.flap.positionHandle,"Current flap handle position (0 = Up, 1 = F1, 2 = F1+F, 3 = F2, 4 = F3, 5 = F4)",System.Int32,,TRUE,FALSE
aircraft.flightControls.aileron,Aileron output,System.Double,,TRUE,FALSE
aircraft.flightControls.elevator,Elevator output,System.Double,,TRUE,FALSE
aircraft.flightControls.elevator.fine,Elevator output * 5,System.Double,,TRUE,FALSE
aircraft.flightControls.flightControlSurfaces.ElevatorTrim,Elevator trim position,System.Double,,TRUE,FALSE
aircraft.flightControls.flightControlSurfaces.L_AIL,Aileron left position,System.Double,,TRUE,FALSE
aircraft.flightControls.flightControlSurfaces.L_ELEV,Elevator left position,System.Double,,TRUE,FALSE
aircraft.flightControls.flightControlSurfaces.L_SPLR_1,Spoiler left 1 position,System.Double,,TRUE,FALSE
aircraft.flightControls.flightControlSurfaces.L_SPLR_2,Spoiler left 2 position,System.Double,,TRUE,FALSE
aircraft.flightControls.flightControlSurfaces.L_SPLR_3,Spoiler left 3 position,System.Double,,TRUE,FALSE
aircraft.flightControls.flightControlSurfaces.L_SPLR_4,Spoiler left 4 position,System.Double,,TRUE,FALSE
aircraft.flightControls.flightControlSurfaces.L_SPLR_5,Spoiler left 5 position,System.Double,,TRUE,FALSE
aircraft.flightControls.flightControlSurfaces.R_AIL,Alileron right position,System.Double,,TRUE,FALSE
aircraft.flightControls.flightControlSurfaces.R_ELEV,Elevator right position,System.Double,,TRUE,FALSE
aircraft.flightControls.flightControlSurfaces.R_SPLR_1,Spoiler right 1 position,System.Double,,TRUE,FALSE
aircraft.flightControls.flightControlSurfaces.R_SPLR_2,Spoiler right 2 position,System.Double,,TRUE,FALSE
aircraft.flightControls.flightControlSurfaces.R_SPLR_3,Spoiler right 3 position,System.Double,,TRUE,FALSE
aircraft.flightControls.flightControlSurfaces.R_SPLR_4,Spoiler right 4 position,System.Double,,TRUE,FALSE
aircraft.flightControls.flightControlSurfaces.R_SPLR_5,Spoiler right 5 position,System.Double,,TRUE,FALSE
aircraft.flightControls.flightControlSurfaces.Rudder,Rudder position,System.Double,,TRUE,FALSE
aircraft.flightControls.input.pitch.captain,Sidestick captain pitch,System.Double,,TRUE,FALSE
aircraft.flightControls.input.pitch.fo,Sidestick f/o pitch,System.Double,,TRUE,FALSE
aircraft.flightControls.input.pitch.total,Sidestick total pitch output,System.Double,,TRUE,FALSE
aircraft.flightControls.input.roll.captain,Sidestick captain roll,System.Double,,TRUE,FALSE
aircraft.flightControls.input.roll.fo,Sidestick f/o roll,System.Double,,TRUE,FALSE
aircraft.flightControls.input.roll.total,Sidestick total roll output,System.Double,,TRUE,FALSE
aircraft.flightControls.input.rudder.total,Rudder input,System.Double,,TRUE,FALSE
aircraft.flightControls.input.tiller.captain,Tiller captain,System.Double,,TRUE,FALSE
aircraft.flightControls.input.tiller.fo,Tiller f/o,System.Double,,TRUE,FALSE
aircraft.flightControls.input.tiller.total,Tiller total output,System.Double,,TRUE,FALSE
aircraft.flightControls.input.yaw,"Physical position of the rudder pedals. For non control loaded systems, this is physical position of the rudder pedals. For control loaded systems, this value is 0.",System.Double,,TRUE,FALSE
aircraft.flightControls.nosewheel,Nosewheel position in degrees,System.Double,,TRUE,FALSE
aircraft.flightControls.rudder,Rudder output,System.Double,,TRUE,FALSE
aircraft.flightControls.throttle.1.lever,Left throttle lever position,System.Double,,TRUE,FALSE
aircraft.flightControls.throttle.2.lever,Right throttle lever position,System.Double,,TRUE,FALSE
aircraft.flightControls.throttle.simvalue.1,Simulator throttle value 1,System.Double,,TRUE,FALSE
aircraft.flightControls.throttle.simvalue.2,Simulator throttle value 2,System.Double,,TRUE,FALSE
aircraft.flightControls.trim.elevator,Elevator trim in degrees,System.Double,,TRUE,FALSE
aircraft.flightControls.trim.elevator.readback,Elevator trim readback in degrees,System.Double,,TRUE,FALSE
aircraft.flightControls.trim.groundReset,Elevator trim ground reset is active,System.Boolean,,TRUE,FALSE
aircraft.flightControls.trim.rudder,Rudder trim in degrees,System.Double,,TRUE,FALSE
aircraft.fms.alternate,Alternate airport of FMS route,System.String,,TRUE,FALSE
aircraft.fms.cruiseAlt,FMS cruise alt in feet,System.Int32,,TRUE,FALSE
aircraft.fms.destination,Destination airport of FMS route,System.String,,TRUE,FALSE
aircraft.fms.flightPhase,FMGC flight phase,System.String,,TRUE,FALSE
aircraft.fms.flightPlanXml,Complete flight plan in XML format,System.String,,TRUE,FALSE
aircraft.fms.init.block,FMS init block fuel,System.Double,,FALSE,TRUE
aircraft.fms.init.zfw,FMS init ZFW,System.Double,,FALSE,TRUE
aircraft.fms.init.zfwcg,FMS init ZFWCG,System.Double,,FALSE,TRUE
aircraft.fms.milesToFCU,Miles to FCU selected alt,System.Double,,TRUE,FALSE
aircraft.fms.origin,Origin airport of FMS route,System.String,,TRUE,FALSE
aircraft.fms.perf.landing.flaps,"FMS landing flap setting [3:3, 4:Full]",System.Double,,TRUE,FALSE
aircraft.fms.perf.takeOff.flaps,"FMS take off flap setting [0:UP, 1:1, 2:2, 3:3, 4:Full]",System.Int32,,TRUE,TRUE
aircraft.fms.perf.takeOff.flexTemp,FMS take off flex temp,System.Double,,TRUE,TRUE
aircraft.fms.perf.takeOff.shift,FMS take off shift,System.Int32,,TRUE,TRUE
aircraft.fms.perf.takeOff.ths,FMS take off THS,System.Double,,TRUE,TRUE
aircraft.fms.perf.takeOff.v1,FMS take off V1,System.Int32,,TRUE,TRUE
aircraft.fms.perf.takeOff.v2,FMS take off V2,System.Int32,,TRUE,TRUE
aircraft.fms.perf.takeOff.vr,FMS take off Vr,System.Int32,,TRUE,TRUE
aircraft.fms.route,FMS LNAV route in waypoint/airway format,System.String,,TRUE,TRUE
aircraft.fms.routeFromCompanyRoute,Load route from specified company route name,System.String,,FALSE,TRUE
aircraft.fms.softAltMode,True if thrust is in soft alt mode,System.Boolean,,TRUE,FALSE
aircraft.fms.TimeToDest,Time to destination in seconds,System.Int32,,TRUE,FALSE
aircraft.fpa,Vertical flight path angle in degrees,System.Double,,TRUE,FALSE
aircraft.fpaCmd,Vertical flight path angle autopilot target in degrees,System.Double,,TRUE,TRUE
aircraft.fuel.ACT1.amount.kg,Amount of fuel in ACT1 tank in KG,System.Double,,TRUE,TRUE
aircraft.fuel.ACT1.capacity,ACT1 tank capacity,System.Double,kg,TRUE,FALSE
aircraft.fuel.ACT2.amount.kg,Amount of fuel in ACT2 tank in KG,System.Double,,TRUE,TRUE
aircraft.fuel.ACT2.capacity,ACT1 tank capacity,System.Double,kg,TRUE,FALSE
aircraft.fuel.center.amount.kg,Amount of fuel in center tank in KG,System.Double,,TRUE,TRUE
aircraft.fuel.center.capacity,Center tank capacity,System.Double,kg,TRUE,FALSE
aircraft.fuel.left.amount.kg,Amount of fuel in left tank in KG,System.Double,,TRUE,TRUE
aircraft.fuel.left.capacity,Left wing tank capacity,System.Double,kg,TRUE,FALSE
aircraft.fuel.pump.center.1.running,Fuel pump is running,System.Boolean,,TRUE,FALSE
aircraft.fuel.pump.center.2.running,Fuel pump is running,System.Boolean,,TRUE,FALSE
aircraft.fuel.pump.left.1.running,Fuel pump is running,System.Boolean,,TRUE,FALSE
aircraft.fuel.pump.left.2.running,Fuel pump is running,System.Boolean,,TRUE,FALSE
aircraft.fuel.pump.right.1.running,Fuel pump is running,System.Boolean,,TRUE,FALSE
aircraft.fuel.pump.right.2.running,Fuel pump is running,System.Boolean,,TRUE,FALSE
aircraft.fuel.right.amount.kg,Amount of fuel in right tank in KG,System.Double,,TRUE,TRUE
aircraft.fuel.right.capacity,Right wing tank capacity,System.Double,kg,TRUE,FALSE
aircraft.fuel.total.amount,Amount of total fuel in kg or lbs,System.Double,,TRUE,TRUE
aircraft.fuel.total.amount.kg,Amount of total fuel,System.Double,kg,TRUE,TRUE
aircraft.fuel.total.capacity,Total fuel capacity,System.Double,kg,TRUE,FALSE
aircraft.fuelFlow.groundOverride,Override fuelflow on ground with custom model,System.Boolean,,TRUE,TRUE
aircraft.fwc.content.left,Ecam content left,System.String[],,TRUE,FALSE
aircraft.fwc.content.left.str,Ecam content left string,System.String,,TRUE,FALSE
aircraft.fwc.content.right,Ecam content right,System.String[],,TRUE,FALSE
aircraft.fwc.content.right.str,Ecam content right string,System.String,,TRUE,FALSE
aircraft.fwc.status.left,Ecam status content left,System.String[],,TRUE,FALSE
aircraft.fwc.status.left.str,Ecam status content left string,System.String,,TRUE,FALSE
aircraft.fwc.status.right,Ecam status content right,System.String[],,TRUE,FALSE
aircraft.fwc.status.right.str,Ecam status content right string,System.String,,TRUE,FALSE
aircraft.gear.Cycle position,Gear cycle position,System.Double,,TRUE,TRUE
aircraft.gear.Cycle time,Gear cycle time,System.Double,,TRUE,FALSE
aircraft.gear.Left.Door,Main left door position,System.Double,,TRUE,FALSE
aircraft.gear.Left.Gear,Main left gear position,System.Double,,TRUE,FALSE
aircraft.gear.Nose.Door,Nose door position,System.Double,,TRUE,FALSE
aircraft.gear.Nose.Gear,Nose gear position,System.Double,,TRUE,FALSE
aircraft.gear.Right.Door,Main right door position,System.Double,,TRUE,FALSE
aircraft.gear.Right.Gear,Main right gear position,System.Double,,TRUE,FALSE
aircraft.gearDown,True if the gear is down,System.Boolean,,TRUE,FALSE
aircraft.ground,True if the aircraft is on the ground,System.Boolean,,TRUE,FALSE
aircraft.ground.left,Left main wheel ground contact,System.Boolean,,TRUE,FALSE
aircraft.ground.nose,Nose wheel ground contact,System.Boolean,,TRUE,FALSE
aircraft.ground.right,Right main wheel ground contact,System.Boolean,,TRUE,FALSE
aircraft.heading.magnetic,Aircraft magnetic heading,System.Double,,TRUE,TRUE
aircraft.heading.true,Aircraft true heading,System.Double,,TRUE,FALSE
aircraft.hydraulics.blue.elec.running,Pump is active,System.Boolean,,TRUE,FALSE
aircraft.hydraulics.blue.pressure,Blue hydraulic pressure,System.Double,,TRUE,FALSE
aircraft.hydraulics.blue.quantity,Blue hydraulic quantity,System.Double,,TRUE,FALSE
aircraft.hydraulics.green.edp.running,Pump is active,System.Boolean,,TRUE,FALSE
aircraft.hydraulics.green.pressure,Green hydraulic pressure,System.Double,,TRUE,FALSE
aircraft.hydraulics.green.quantity,Green hydraulic quantity,System.Double,,TRUE,FALSE
aircraft.hydraulics.ptu.running.left,PTU is pressurizing left side,System.Boolean,,TRUE,FALSE
aircraft.hydraulics.ptu.running.right,PTU is pressurizing right side,System.Boolean,,TRUE,FALSE
aircraft.hydraulics.yellow.edp.running,Pump is active,System.Boolean,,TRUE,FALSE
aircraft.hydraulics.yellow.elec.running,Pump is active,System.Boolean,,TRUE,FALSE
aircraft.hydraulics.yellow.pressure,Yellow hydraulic pressure,System.Double,,TRUE,FALSE
aircraft.hydraulics.yellow.quantity,Yellow hydraulic quantity,System.Double,,TRUE,FALSE
aircraft.instruments.rdme.bearing,RDME faceplate bearing,System.Double,,TRUE,FALSE
aircraft.instruments.rdme.bearing_1,RDME Needle 1 bearing,System.Double,,TRUE,FALSE
aircraft.instruments.rdme.bearing_2,RDME Needle 2 bearing,System.Double,,TRUE,FALSE
aircraft.instruments.rdme.bearing_ADF_1,RDME ADF 1 bearing,System.Double,,TRUE,FALSE
aircraft.instruments.rdme.bearing_ADF_2,RDME ADF 2 bearing,System.Double,,TRUE,FALSE
aircraft.instruments.rdme.bearing_VOR_1,RDME VOR 1 bearing,System.Double,,TRUE,FALSE
aircraft.instruments.rdme.bearing_VOR_2,RDME VOR 2 bearing,System.Double,,TRUE,FALSE
aircraft.instruments.rdme.dme_1,RDME Needle 1 DME,System.Double,,TRUE,FALSE
aircraft.instruments.rdme.dme_2,RDME Needle 2 DME,System.Double,,TRUE,FALSE
aircraft.instruments.rdme.dme_blank_1,RDME DME 1 blank,System.Boolean,,TRUE,FALSE
aircraft.instruments.rdme.dme_blank_2,RDME DME 2 blank,System.Boolean,,TRUE,FALSE
aircraft.instruments.rdme.headingValid,RDME heading valid,System.Boolean,,TRUE,FALSE
aircraft.instruments.rdme.needleFlag_1,RDME needle 1 flag,System.Boolean,,TRUE,FALSE
aircraft.instruments.rdme.needleFlag_2,RDME needle 2 flag,System.Boolean,,TRUE,FALSE
aircraft.instruments.rdme.needleFlag_adf1,RDME ADF 1 flag,System.Boolean,,TRUE,FALSE
aircraft.instruments.rdme.needleFlag_adf2,RDME ADF 2 flag,System.Boolean,,TRUE,FALSE
aircraft.instruments.rdme.needleFlag_nav1,RDME NAV 1 flag,System.Boolean,,TRUE,FALSE
aircraft.instruments.rdme.needleFlag_nav2,RDME NAV 2 flag,System.Boolean,,TRUE,FALSE
aircraft.instruments.rdme.powered,RDME is powered,System.Boolean,,TRUE,FALSE
aircraft.latitude,The true latitude of the position of the aircraft in the world,System.Double,,TRUE,FALSE
aircraft.longitude,The true longitude of the position of the aircraft in the world,System.Double,,TRUE,FALSE
aircraft.magnetic_variation,Current magnetic variation at the aircraft position,System.Double,,TRUE,FALSE
aircraft.mcdu.font.height,MCDU font height,System.Double,,TRUE,TRUE
aircraft.mcdu.font.size,MCDU font size,System.Double,,TRUE,TRUE
aircraft.mcdu.font.type,MCDU font type,System.Double,,TRUE,TRUE
aircraft.mcdu1.display,MCDU display 1 XML,System.String,,TRUE,FALSE
  <title></title>,,,,,
  <line></line>,,,,,
  <line></line>,,,,,
  <line></line>,,,,,
  <line></line>,,,,,
  <line></line>,,,,,
  <line></line>,,,,,
  <line></line>,,,,,
  <line></line>,,,,,
  <line></line>,,,,,
  <line></line>,,,,,
  <line></line>,,,,,
  <line></line>,,,,,
  <scratchpad></scratchpad>,,,,,
</root>,,,,,
aircraft.mcdu2.display,MCDU display 2 XML,System.String,,TRUE,FALSE
  <title></title>,,,,,
  <line></line>,,,,,
  <line></line>,,,,,
  <line></line>,,,,,
  <line></line>,,,,,
  <line></line>,,,,,
  <line></line>,,,,,
  <line></line>,,,,,
  <line></line>,,,,,
  <line></line>,,,,,
  <line></line>,,,,,
  <line></line>,,,,,
  <line></line>,,,,,
  <scratchpad></scratchpad>,,,,,
</root>,,,,,
aircraft.normalLawIntegral,Normal law intergral,System.Double,,TRUE,FALSE
aircraft.passengers.seatOccupation,Passenger seat occupation: 24 seats first zone + 30 second zone + 36 third zone + 42 forth zone = 132 seats in total (= array length),System.Boolean[],,TRUE,TRUE
aircraft.passengers.seatOccupation.string,Seat occupation as string,System.String,,TRUE,TRUE
aircraft.passengers.total.weight,Total weight of all passengers,System.Double,kg,TRUE,FALSE
aircraft.passengers.zone1.amount,Amount of passengers in zone 1,System.Int32,,TRUE,FALSE
aircraft.passengers.zone1.capacity,Capacity of passengers in zone 1,System.Int32,,TRUE,FALSE
aircraft.passengers.zone2.amount,Amount of passengers in zone 2,System.Int32,,TRUE,FALSE
aircraft.passengers.zone2.capacity,Capacity of passengers in zone 2,System.Int32,,TRUE,FALSE
aircraft.passengers.zone3.amount,Amount of passengers in zone 3,System.Int32,,TRUE,FALSE
aircraft.passengers.zone3.capacity,Capacity of passengers in zone 3,System.Int32,,TRUE,FALSE
aircraft.passengers.zone4.amount,Amount of passengers in zone 4,System.Int32,,TRUE,FALSE
aircraft.passengers.zone4.capacity,Capacity of passengers in zone 4,System.Int32,,TRUE,FALSE
aircraft.pitch,Aircraft pitch,System.Double,,TRUE,TRUE
aircraft.pitchRate,Pitch rate in degrees/second,System.Double,,TRUE,FALSE
aircraft.pitchRateAugmentation,Pitch rate augementation output,System.Double,,TRUE,TRUE
aircraft.pneumatic.bleed_1.fav,Fan air valve 1,System.Double,,TRUE,FALSE
aircraft.pneumatic.bleed_2.fav,Fan air valve 2,System.Double,,TRUE,FALSE
aircraft.pneumatic.cockpitAir,Cockpit air output in percent,System.Double,,TRUE,FALSE
aircraft.pneumatic.cpc_1.abortCabinAlt,Abort cabin alt target,System.Double,,TRUE,FALSE
aircraft.pneumatic.cpc_1.cabinAlt,Measured cabin alt,System.Double,,TRUE,FALSE
aircraft.pneumatic.cpc_1.cabinVs.commanded,Commanded cabin VS,System.Double,,TRUE,FALSE
aircraft.pneumatic.cpc_1.cabinVs.measured,Measured cabin VS,System.Double,,TRUE,FALSE
aircraft.pneumatic.cpc_1.cruiseCabinAlt,Cruise cabin alt target,System.Double,,TRUE,FALSE
aircraft.pneumatic.cpc_1.landCabinAlt,Land cabin alt target,System.Double,,TRUE,FALSE
aircraft.pneumatic.cpc_1.master,CPC is master,System.Boolean,,TRUE,FALSE
aircraft.pneumatic.cpc_1.mode,"Pressurisation mode 0=GN, 1=TO, 2=CL, 3=AB, 4=CR, 5=DE",System.Int32,,TRUE,FALSE
aircraft.pneumatic.cpc_2.abortCabinAlt,Abort cabin alt target,System.Double,,TRUE,FALSE
aircraft.pneumatic.cpc_2.cabinAlt,Measured cabin alt,System.Double,,TRUE,FALSE
aircraft.pneumatic.cpc_2.cabinVs.commanded,Commanded cabin VS,System.Double,,TRUE,FALSE
aircraft.pneumatic.cpc_2.cabinVs.measured,Measured cabin VS,System.Double,,TRUE,FALSE
aircraft.pneumatic.cpc_2.cruiseCabinAlt,Cruise cabin alt target,System.Double,,TRUE,FALSE
aircraft.pneumatic.cpc_2.landCabinAlt,Land cabin alt target,System.Double,,TRUE,FALSE
aircraft.pneumatic.cpc_2.master,CPC is master,System.Boolean,,TRUE,FALSE
aircraft.pneumatic.cpc_2.mode,"Pressurisation mode 0=GN, 1=TO, 2=CL, 3=AB, 4=CR, 5=DE",System.Int32,,TRUE,FALSE
aircraft.pressureAltitude,The pressure altitude of the aircraft in feet MSL,System.Double,,TRUE,FALSE
aircraft.protectedInput,Protected input,System.Double,,TRUE,FALSE
aircraft.radio.HF1.am,AM mode enabled,System.Boolean,,TRUE,TRUE
aircraft.radio.HF2.am,AM mode enabled,System.Boolean,,TRUE,TRUE
aircraft.radio.ILS1.backCourse,Backcourse mode enabled,System.Boolean,,TRUE,TRUE
aircraft.radio.ILS1.deviation.horizontal,ILS1 horizontal deviation in meters,System.Double,,TRUE,FALSE
aircraft.radio.ILS1.deviation.vertical,ILS1 horizontal deviation in meters,System.Double,,TRUE,FALSE
aircraft.radio.ILS1.distance.glideslope,ILS1 distance to glideslope transmitter in NM,System.Double,,TRUE,FALSE
aircraft.radio.ILS1.distance.localiser,ILS1 distance to localiser transmitter in NM,System.Double,,TRUE,FALSE
aircraft.radio.ILS1.frontCourse,Course setting or -1 for no course set,System.Int32,,TRUE,TRUE
aircraft.radio.ILS1.hasSignal,True if ILS signal received,System.Boolean,,TRUE,FALSE
aircraft.radio.ILS2.backCourse,Backcourse mode enabled,System.Boolean,,TRUE,TRUE
aircraft.radio.ILS2.deviation.horizontal,ILS1 horizontal deviation in meters,System.Double,,TRUE,FALSE
aircraft.radio.ILS2.deviation.vertical,ILS1 horizontal deviation in meters,System.Double,,TRUE,FALSE
aircraft.radio.ILS2.distance.glideslope,ILS1 distance to glideslope transmitter in NM,System.Double,,TRUE,FALSE
aircraft.radio.ILS2.distance.localiser,ILS1 distance to localiser transmitter in NM,System.Double,,TRUE,FALSE
aircraft.radio.ILS2.frontCourse,Course setting or -1 for no course set,System.Int32,,TRUE,TRUE
aircraft.radio.ILS2.hasSignal,True if ILS signal received,System.Boolean,,TRUE,FALSE
aircraft.radio.nav1.dmeDistance,ILS1 DME distance,System.Double,,TRUE,FALSE
aircraft.radio.nav1.horizontalDeviation,Horizontal deviation from localiser of ILS1 in dots (NaN if no signal),System.Double,,TRUE,FALSE
aircraft.radio.nav1.verticalDeviation,Horizontal deviation from glideslope in dots (NaN if no signal),System.Double,,TRUE,FALSE
aircraft.radio.nav2.dmeDistance,ILS2 DME distance (NaN if no signal),System.Double,,TRUE,FALSE
aircraft.radio.nav2.horizontalDeviation,Horizontal deviation from localiser of ILS2 in dots (NaN if no signal),System.Double,,TRUE,FALSE
aircraft.radio.nav2.verticalDeviation,Horizontal deviation from glideslope in dots (NaN if no signal),System.Double,,TRUE,FALSE
aircraft.radio.VOR1.course,Course setting or -1 for no course set,System.Int32,,TRUE,TRUE
aircraft.radio.VOR1.hasSignal,True if VOR signal received,System.Boolean,,TRUE,FALSE
aircraft.radio.VOR2.course,Course setting or -1 for no course set,System.Int32,,TRUE,TRUE
aircraft.radio.VOR2.hasSignal,True if VOR signal received,System.Boolean,,TRUE,FALSE
aircraft.refuel.fuelTarget,Target for refueling,System.Double,,TRUE,TRUE
aircraft.refuel.refuelingActive,True is refueling is in progres,System.Boolean,,TRUE,TRUE
aircraft.refuel.refuelingPower,True is refueling power is on,System.Boolean,,TRUE,TRUE
aircraft.refuel.refuelingRate,Refueling rate in kg/s,System.Double,,TRUE,TRUE
aircraft.reposition,Reposition aircraft,ProSimSDK.RepositionData,,FALSE,TRUE
aircraft.repositioning,Aircraft is trimming for repositioning,System.Boolean,,TRUE,FALSE
aircraft.repositionLatLonHeading,"Reposition aircraft with latitude, longitude and heading only",ProSimSDK.RepositionLatLonHeadingData,,FALSE,TRUE
aircraft.requestedWingload,Requested wing load in G,System.Double,,TRUE,FALSE
aircraft.rollRate,Roll rate in degrees/second,System.Double,,TRUE,FALSE
aircraft.slat.position,Current slat position in degrees,System.Double,,TRUE,FALSE
aircraft.slip,Aircraft slip,System.Double,,TRUE,FALSE
aircraft.speed.ground,Aircraft ground speed in KTS,System.Double,,TRUE,FALSE
aircraft.speed.ias,Airspeed in KTS,System.Double,,TRUE,TRUE
aircraft.speed.mach,Airspeed in mach,System.Double,,TRUE,FALSE
aircraft.speed.tas,True airspeed in KTS,System.Double,,TRUE,FALSE
aircraft.systems.aircon.cabinFan1,True if cabin fan 1 is running,System.String,,TRUE,FALSE
aircraft.systems.aircon.cabinFan2,True if cabin fan 2 is running,System.String,,TRUE,FALSE
aircraft.systems.aircon.segments,"State of pneumatic segments. 0 = not applicable, 1 = pressurized, 2 = not pressurized",System.Int32[],,TRUE,FALSE
aircraft.systems.aircon.valve.aft.TRIM_VALVE,Trim air valve 3 position in percent,System.Int32,,TRUE,FALSE
aircraft.systems.aircon.valve.cockpit.TRIM_VALVE,Trim air valve 1 position in percent,System.Int32,,TRUE,FALSE
aircraft.systems.aircon.valve.EMER_RAM_AIR_VALVE,True if ram air valve is open,System.Boolean,,TRUE,FALSE
aircraft.systems.aircon.valve.fwd.TRIM_VALVE,Trim air valve 2 position in percent,System.Int32,,TRUE,FALSE
aircraft.systems.aircon.valve.HOT_AIR_PRESS_REG_VALVE,True if hot air valve is open,System.Boolean,,TRUE,FALSE
aircraft.systems.aircon.valve.packs.1.PACK_FLOW_CONTROL_VALVE,True if pack 1 flow control valve is open,System.Boolean,,TRUE,FALSE
aircraft.systems.aircon.valve.packs.2.PACK_FLOW_CONTROL_VALVE,True if pack 2 flow control valve is open,System.Boolean,,TRUE,FALSE
aircraft.systems.apu.state,"State of the APU. Values: Off, initStart, starting, shutdown, running, cooldown",System.String,,TRUE,FALSE
aircraft.systems.electric.segments,"State of electris segments. true = powered, false = not powered",System.Boolean[],,TRUE,FALSE
aircraft.systems.engines.1.state,"State of engine 1. Values: off, starting, running",System.String,,TRUE,FALSE
aircraft.systems.engines.2.state,"State of engine 1. Values: off, starting, running",System.String,,TRUE,FALSE
aircraft.systems.fuel.APU_FUEL_PUMP,Apu fuel pump running,System.Boolean,,TRUE,FALSE
aircraft.systems.fuel.centerTank.pump1,Center tank pump 1 running,System.Boolean,,TRUE,FALSE
aircraft.systems.fuel.centerTank.pump2,Center tank pump 2 running,System.Boolean,,TRUE,FALSE
aircraft.systems.fuel.config.jetPumps,Jet pump configuration,System.Boolean,,TRUE,FALSE
aircraft.systems.fuel.innerTank.left.pump1,Left inner tank pump 1 running,System.Boolean,,TRUE,FALSE
aircraft.systems.fuel.innerTank.left.pump2,Left inner tank pump 2 running,System.Boolean,,TRUE,FALSE
aircraft.systems.fuel.innerTank.right.pump1,Right inner tank pump 1 running,System.Boolean,,TRUE,FALSE
aircraft.systems.fuel.innerTank.right.pump2,Right inner tank pump 2 running,System.Boolean,,TRUE,FALSE
aircraft.systems.fuel.left.inner.amount.kg,Left inner tank amount in kg,System.Double,,TRUE,FALSE
aircraft.systems.fuel.left.inner.capacity,Left inner tank capacity in kg,System.Double,,TRUE,FALSE
aircraft.systems.fuel.left.outer.amount.kg,Left outer tank amount in kg,System.Double,,TRUE,FALSE
aircraft.systems.fuel.left.outer.capacity,Left outer tank capacity in kg,System.Double,,TRUE,FALSE
aircraft.systems.fuel.right.inner.amount.kg,Right inner tank amount in kg,System.Double,,TRUE,FALSE
aircraft.systems.fuel.right.inner.capacity,Right inner tank capacity in kg,System.Double,,TRUE,FALSE
aircraft.systems.fuel.right.outer.amount.kg,Right outer tank amount in kg,System.Double,,TRUE,FALSE
aircraft.systems.fuel.right.outer.capacity,Right outer tank capacity in kg,System.Double,,TRUE,FALSE
aircraft.systems.fuel.segments,"State of fuel segments. 0 = not applicable, 1 = pressurized, 2 = not pressurized",System.Int32[],,TRUE,FALSE
aircraft.systems.fuel.valve.APU_FUEL_VALVE,Apu fuel valve open,System.Boolean,,TRUE,FALSE
aircraft.systems.fuel.valve.engines.1.LP_VALVE,Engine 1 LP valve open,System.Boolean,,TRUE,FALSE
aircraft.systems.fuel.valve.engines.2.LP_VALVE,Engine 2 LP valve open,System.Boolean,,TRUE,FALSE
aircraft.systems.fuel.valve.innerTank.left.jetPumps.centerTank.XFR_VALVE,Jet pump 1 valve open,System.Boolean,,TRUE,FALSE
aircraft.systems.fuel.valve.innerTank.right.jetPumps.centerTank.XFR_VALVE,Jet pump 2 valve open,System.Boolean,,TRUE,FALSE
aircraft.systems.fuel.valve.left.bottom.XFR_VALVE,Wingtank left bottom transfer valve open,System.Boolean,,TRUE,FALSE
aircraft.systems.fuel.valve.left.top.XFR_VALVE,Wingtank left top transfer valve open,System.Boolean,,TRUE,FALSE
aircraft.systems.fuel.valve.right.bottom.XFR_VALVE,Wingtank right bottom transfer valve open,System.Boolean,,TRUE,FALSE
aircraft.systems.fuel.valve.right.top.XFR_VALVE,Wingtank right top transfer valve open,System.Boolean,,TRUE,FALSE
aircraft.systems.fuel.valve.XFEED_VALVE,Cross feed valve open,System.Boolean,,TRUE,FALSE
aircraft.systems.hydraulic.blue.ELEC_PUMP,True if Blue elec pump running,System.Boolean,,TRUE,FALSE
aircraft.systems.hydraulic.blue.LEAK_MEASUREMENT_VALVE,True if blue LMV is open,System.Boolean,,TRUE,FALSE
aircraft.systems.hydraulic.blue.RAT,True if Blue RAT pump running,System.Boolean,,TRUE,FALSE
aircraft.systems.hydraulic.green.engines.1.FIRE_SHUTOFF_VALVE,True if engine 1 fire shutoff valve is open,System.Boolean,,TRUE,FALSE
aircraft.systems.hydraulic.green.engines.1.PUMP,True if engine 1 pump running,System.Boolean,,TRUE,FALSE
aircraft.systems.hydraulic.green.LEAK_MEASUREMENT_VALVE,True if green LMV is open,System.Boolean,,TRUE,FALSE
aircraft.systems.hydraulic.NWS_ON_GREEN,True if nose wheel steering system connected to green hydraulics,System.Boolean,,TRUE,FALSE
aircraft.systems.hydraulic.PTU,"PTU state, 0 = off, 1 = transfer pressure left to right, 2 = transfer pressure right to left",System.Int32,,TRUE,FALSE
aircraft.systems.hydraulic.segments,"State of hydraulic segments. 0 = not applicable, 1 = pressurized, 2 = not pressurized",System.Int32[],,TRUE,FALSE
aircraft.systems.hydraulic.yellow.engines.2.ELEC_PUMP,True if Yellow elec pump running,System.Boolean,,TRUE,FALSE
aircraft.systems.hydraulic.yellow.engines.2.FIRE_SHUTOFF_VALVE,True if engine 2 fire shutoff valve is open,System.Boolean,,TRUE,FALSE
aircraft.systems.hydraulic.yellow.engines.2.HAND_PUMP,True if Yellow hand pump running,System.Boolean,,TRUE,FALSE
aircraft.systems.hydraulic.yellow.engines.2.PUMP,True if engine 2 pump running,System.Boolean,,TRUE,FALSE
aircraft.systems.hydraulic.yellow.LEAK_MEASUREMENT_VALVE,True if yellow LMV is open,System.Boolean,,TRUE,FALSE
aircraft.systems.pneumatic.groundAirSupply.state,"State of ground air supply, 'on' if connected, 'off' if not",System.String,,TRUE,FALSE
aircraft.systems.pneumatic.segments,"State of pneumatic segments. 0 = not applicable, 1 = pressurized, 2 = not pressurized",System.Int32[],,TRUE,FALSE
aircraft.systems.pneumatic.valve.BLEED_VALVE,True if APU bleed valve is open,System.Boolean,,TRUE,FALSE
aircraft.systems.pneumatic.valve.engines.1.BLEED_VALVE,True if engine 1 bleed valve is open,System.Boolean,,TRUE,FALSE
aircraft.systems.pneumatic.valve.engines.1.FAN_AIR_VALVE,"Fan air valve percentage, 0 = closed, 100 is open",System.Int32,,TRUE,FALSE
aircraft.systems.pneumatic.valve.engines.1.HP_VALVE,True if engine 1 HP valve is open,System.Boolean,,TRUE,FALSE
aircraft.systems.pneumatic.valve.engines.1.OVER_PRESSURE_VALVE,True if engine 1 OVP valve is open,System.Boolean,,TRUE,FALSE
aircraft.systems.pneumatic.valve.X_BLEED_VALVE,True if crossbleed valve is open,System.Boolean,,TRUE,FALSE
aircraft.temperature.oat,OAT temperature,System.Double,,TRUE,FALSE
aircraft.temperature.tat,TAT temperature,System.Double,,TRUE,FALSE
aircraft.tick,Current tick number,System.UInt64,,TRUE,FALSE
aircraft.tickSlow,Current slow tick number,System.UInt64,,TRUE,FALSE
aircraft.time,Aircraft time (considering option if actual or simulator time should be used),System.DateTime,,TRUE,FALSE
aircraft.track.magnetic,Aircraft magnetic track,System.Double,,TRUE,FALSE
aircraft.track.true,Aircraft true track,System.Double,,TRUE,FALSE
aircraft.usePressureAltitude,Use simulator pressure altitude as source of altitude information,System.Boolean,,TRUE,FALSE
aircraft.verticalspeed,The vertical speed of the aircraft in feet/min,System.Double,,TRUE,FALSE
aircraft.vSpeeds,FMS VSpeeds,"System.Nullable`1[[System.Double, mscorlib, Version=4.0.0.0, Culture=neutral, PublicKeyToken=b77a5c561934e089]][][]",,TRUE,FALSE
aircraft.weight.empty,Empty weight,System.Double,kg,TRUE,FALSE
aircraft.weight.fuel,Aircraft fuel,System.Double,,TRUE,TRUE
aircraft.weight.gross,Aircraft gross weight,System.Double,kg,TRUE,FALSE
aircraft.weight.grossMax,Maximum aircraft gross weight,System.Double,kg,TRUE,FALSE
aircraft.weight.iosWB,Aircraft W&B,"System.Nullable`1[[System.Double, mscorlib, Version=4.0.0.0, Culture=neutral, PublicKeyToken=b77a5c561934e089]][]",,TRUE,TRUE
aircraft.weight.zfw,Zero fuel weight,System.Double,kg,TRUE,TRUE
aircraft.weight.zfwMax,Maximum zero fuel weight,System.Double,kg,TRUE,FALSE
aircraft.wingload,Aircraft wing loading,System.Double,,TRUE,FALSE
aircraft.yaw,Aircraft yaw,System.Double,,TRUE,FALSE
aircraft.yaw.coordination.command,Yaw coordination command,System.Double,,TRUE,FALSE
aircraft.yaw.dampening.command,Yaw dampening command,System.Double,,TRUE,FALSE
aircraft.yawRate,Yaw rate in degrees/second,System.Double,,TRUE,FALSE
aircraft.yawVelocity,Yaw rate in degrees/second,System.Double,,TRUE,FALSE
aircraft.zfwcg,Center of gravity in %MAC fro current ZFW,System.Double,,TRUE,FALSE
companyRoutes.add,"Add new stored company route (format: ""name:route"")",System.String,,FALSE,TRUE
companyRoutes.delete,Delete stored company route with specified name,System.String,,FALSE,TRUE
companyRoutes.getAll,"Get all stored company routes (item1 = name, item2 = route string)",ProSimSDK.SdkTuple[],,TRUE,FALSE
config.delete,Delete named set,System.String,,FALSE,TRUE
config.load,Load current set,System.String,,FALSE,TRUE
config.sets,Lists all available sets,System.String,,TRUE,FALSE
config.store,Store current set,System.String,,FALSE,TRUE
control.computers.shutdown,Shutdown all computers,System.Boolean,,FALSE,TRUE
control.quickstart.apu,Quick start APU,System.Boolean,,FALSE,TRUE
control.quickstart.engine.1,Quick start engine 1,System.Boolean,,FALSE,TRUE
control.quickstart.engine.2,Quick start engine 2,System.Boolean,,FALSE,TRUE
control.resetFMC,Reset FWC when set to true,System.Boolean,,FALSE,TRUE
control.resetFMS,Reset FMS when set to true,System.Boolean,,FALSE,TRUE
control.resetFWC,Reset FWC when set to true,System.Boolean,,FALSE,TRUE
control.slides,Controls the arming of slides,System.Boolean,,TRUE,TRUE
control.state,Sets aircraft to a certain state,ProSimSDK.AircraftStateType,,FALSE,TRUE
control.state.string,Sets aircraft to a certain state,System.String,,FALSE,TRUE
control.towingPin,Controls the towing pin insertion,System.Boolean,,TRUE,TRUE
debug.alphaprot.dampened,Dampened alphaprot,System.Double,,TRUE,TRUE
debug.ApproachData,Debug approach data,System.Double[],,TRUE,FALSE
debug.cat2.status,Cat 2 status,System.String,,TRUE,FALSE
debug.cat3dual.status,Cat 3 dual status,System.String,,TRUE,FALSE
debug.cat3single.status,Cat 3 single status,System.String,,TRUE,FALSE
debug.commandedRollrate,Commanded roll rate,System.Double,,TRUE,TRUE
debug.decrab.slip,Decrab target heading,System.Double,,TRUE,TRUE
debug.epeDowngrade,epe downgrade ,System.Double,,TRUE,FALSE
debug.EPRSigmoid,EPR sigmoid,System.Double,,TRUE,TRUE
debug.flareLaw,Flare law active,System.Boolean,,TRUE,TRUE
debug.fuel.remaining,Fuel remaining at dest,System.Double,,TRUE,FALSE
debug.groundSpoilersDeployd,groundSpoilersDeployd ,System.Boolean,,TRUE,TRUE
debug.hydgreenUsage,Hyd green usage,System.Double,,TRUE,FALSE
debug.hydgreenUsage.dampened,Hyd green usage,System.Double,,TRUE,FALSE
debug.lowLatencyHz,Low latency data update frequency,System.Int32,,TRUE,TRUE
debug.marker,Distance marker,System.Double,,TRUE,TRUE
debug.mixFactor,Mix factor,System.Double,,TRUE,TRUE
debug.NewDisplayProtocol,Use new display protocol,System.Boolean,,TRUE,TRUE
debug.papiBias,Papi bias,System.Double,,TRUE,TRUE
debug.pitchBounceProtection,Bounce protection,System.Boolean,,TRUE,TRUE
debug.ptu.running,PTU running,System.Double,,TRUE,FALSE
debug.ptu.startuptime,PTU startup time,System.Double,,TRUE,TRUE
debug.trimSpeed,Trim speed,System.Double,,TRUE,TRUE
debug.vnav.distance.remaining,VNAV distance remaining,System.Double,,TRUE,FALSE
debug.windFlow,Wind flow,System.Double,,TRUE,FALSE
debug.xte,Cross track error,System.Double,,TRUE,FALSE
doors.avionics.aft,Aft avionics door,System.Boolean,,TRUE,TRUE
doors.avionics.forward,Forward avionics door,System.Boolean,,TRUE,TRUE
doors.avionics.left,Left avionics door,System.Boolean,,TRUE,TRUE
doors.avionics.right,Right avionics door,System.Boolean,,TRUE,TRUE
doors.cargo.aft,Aft cargo door,System.Boolean,,TRUE,TRUE
doors.cargo.bulk,Bulk cargo door,System.Boolean,,TRUE,TRUE
doors.cargo.forward,Forward cargo door,System.Boolean,,TRUE,TRUE
doors.entry.left.aft,Left aft entry door,System.Boolean,,TRUE,TRUE
doors.entry.left.fwd,Left forward entry door,System.Boolean,,TRUE,TRUE
doors.entry.right.aft,Right aft entry door,System.Boolean,,TRUE,TRUE
doors.entry.right.fwd,Right forward entry door,System.Boolean,,TRUE,TRUE
doors.wing.left.1,Wing door left 1,System.Boolean,,TRUE,TRUE
doors.wing.left.2,Wing door left 2,System.Boolean,,TRUE,TRUE
doors.wing.right.1,Wing door right 1,System.Boolean,,TRUE,TRUE
doors.wing.right.2,Wing door right 2,System.Boolean,,TRUE,TRUE
efb.aftStairs,EFB Aft stairs,System.Boolean,,TRUE,TRUE
efb.aircraft.type,"Type of the aircraft, e.g. A320",System.String,,TRUE,FALSE
efb.aoc.message.downlink,AOC Message downlink interface,System.String,,TRUE,TRUE
efb.aoc.message.downlink.all,AOC Message downlink all messages,System.String,,TRUE,FALSE
efb.aoc.message.uplink,AOC Message uplink interface,System.String,,FALSE,TRUE
efb.aoc.message.uplink.copy,AOC Message uplink interface received data,System.String,,TRUE,FALSE
efb.aoc.message.uplink.result,AOC Message uplink interface status,System.String,,TRUE,FALSE
efb.appState,EFB app state - JSON object for sharing app states between external EFB instances,System.String,,TRUE,TRUE
efb.bgLastUpdate,EFB Last Update of Background,System.String,,TRUE,TRUE
efb.cabinAnnouncements.enabled,Whether to enable the cabin announcements system,System.Boolean,,TRUE,TRUE
efb.cabinAnnouncements.muteOnTaskSwitch,Whether cabin announcements should be muted when switching to another window,System.Boolean,,TRUE,TRUE
efb.chartModeDefault,EFB chart mode default,System.String,,TRUE,TRUE
efb.chocks,EFB Chocks,System.Boolean,,TRUE,TRUE
efb.cids.flightNumber,Flight number,System.String,,TRUE,FALSE
efb.directory,EFB directory of executable,System.String,,TRUE,FALSE
efb.efb.boardingStatus,EFB boarding status,System.String,,TRUE,TRUE
efb.exportNavigraph,EFB export navigraph,System.Boolean,,TRUE,TRUE
efb.finalLoadsheet,EFB final loadsheet,System.String,,TRUE,TRUE
efb.flightTimestampJSON,Flight timestamp,System.String,,TRUE,TRUE
efb.fuelLogImport,EFB fuel log import,System.Boolean,,TRUE,TRUE
efb.fwdStairs,EFB Fwd stairs,System.Boolean,,TRUE,TRUE
efb.loaded,EFB loaded,System.Boolean,,TRUE,TRUE
efb.navigraphRefreshToken,EFB navigraph refresh token,System.String,,TRUE,TRUE
efb.naviSec,Navigraph token,System.String,,TRUE,FALSE
efb.passengers.booked,EFB passengers booked,System.Boolean[],,TRUE,TRUE
efb.passengers.booked.string,EFB passengers booked as string,System.String,,TRUE,TRUE
efb.passengerStatistics,Passenger load information for creating loadsheets,System.Object,,TRUE,TRUE
efb.personalizedPageLink,Personalized Page Link,System.String,,TRUE,TRUE
efb.personalizedPageName,Personalized Page Name,System.String,,TRUE,TRUE
efb.pil,EFB pil,System.String,,TRUE,TRUE
efb.PILJSON,EFB PILJSON,System.String,,TRUE,TRUE
efb.pinnedCharts,EFB pinned Charts,System.String,,TRUE,TRUE
efb.plannedCargoKg,Planned cargo KG,System.Double,,TRUE,TRUE
efb.plannedfuel,Target for refueling,System.Double,,TRUE,TRUE
efb.prelimLoadsheet,EFB prelim loadsheet,System.String,,TRUE,TRUE
efb.ready,EFB connection ready,System.Boolean,,TRUE,TRUE
efb.refuelingDetails,EFB refueling Details,System.String,,TRUE,TRUE
efb.showOnScreenKeyboard,EFB show/hide on-screen keyboard,System.Boolean,,TRUE,TRUE
efb.simbrief.id,Simbrief id,System.String,,TRUE,TRUE
efb.simbriefLock,EFB simbrief lock,System.Boolean,,TRUE,TRUE
efb.simbriefPlanImported,Whether the EFB has a SimBrief plan currently imported,System.Boolean,,TRUE,TRUE
efb.simSettings,EFB sim settings,System.Boolean,,TRUE,TRUE
efb.startRefuelVal,EFB start refuel val,System.Int32,,TRUE,TRUE
efb.storedData,EFB stored data,System.String,,TRUE,TRUE
efb.test,EFB connection test,System.Boolean,,TRUE,TRUE
environment.airpressure,Outside air pressure in pascal,System.Double,,TRUE,FALSE
environment.airtemperature,Outside air temperature in kelvin,System.Double,,TRUE,FALSE
environment.ambientInCloud,Ambient in cloud,System.Boolean,,TRUE,FALSE
environment.ambientVisibility,Ambient visibility in meter,System.Double,,TRUE,FALSE
environment.icing,Icing factor between 0 and 1,System.Double,,TRUE,TRUE
environment.icing.eng1,Icing factor between 0 and 1,System.Double,,TRUE,TRUE
environment.icing.eng2,Icing factor between 0 and 1,System.Double,,TRUE,TRUE
environment.icing.probe,Icing factor between 0 and 1,System.Double,,TRUE,FALSE
environment.qnh,Current QNH at aircraft in millibar,System.Double,,TRUE,FALSE
environment.velocityWorldX,Velocity world X axis,System.Double,,TRUE,FALSE
environment.velocityWorldY,Velocity world Y axis,System.Double,,TRUE,FALSE
environment.velocityWorldZ,Velocity world Z axis,System.Double,,TRUE,FALSE
environment.wind.heading.magnetic,Magnetic heading of wind around the aircraft,System.Double,,TRUE,FALSE
environment.wind.heading.true,True heading of wind around the aircraft,System.Double,,TRUE,FALSE
environment.wind.speed,Windspeed around the aircraft in KTS,System.Double,,TRUE,FALSE
external.generic,Generic purpose dataref,System.String,,TRUE,TRUE
groundservice.groundpower,Electric ground service connection,System.Boolean,,TRUE,TRUE
groundservice.jetway.toggle,Toggle jetway,System.Boolean,,FALSE,TRUE
groundservice.pneumatic,Pneumatic ground service connection,System.Boolean,,TRUE,TRUE
groundservice.preconditionedAir,Ground preconditioned air service connection,System.Boolean,,TRUE,TRUE
groundservice.pushback,Pushback service,System.Int32,,TRUE,TRUE
groundservice.pushback.wait,Hold pushback car,System.Boolean,,TRUE,TRUE
objects.LNAVHistory.value,JSON value,System.String,,TRUE,FALSE
simconnect.tick,Current SimConnect tick number,System.UInt64,,TRUE,FALSE
simconnect.ticksPerSecond,Current SimConnect ticks per second,System.Double,,TRUE,FALSE
simulator.aircraft.title,Title of aircraft loaded in simulator,System.String,,TRUE,FALSE
simulator.atcMenu.selectOption,Selects a certain menu option (values 0-9 are valid),System.Int32,,FALSE,TRUE
simulator.atcMenu.toggle,Toggles the simulator ATC menu,System.Boolean,,FALSE,TRUE
simulator.cabinReady,Control for cabin ready,System.Boolean,,TRUE,TRUE
simulator.camera.main,Sets the main camera position,ProSimSDK.CameraPov,,FALSE,TRUE
simulator.connected,True if the underlying simulator is connected,System.Boolean,,TRUE,FALSE
simulator.controlloading.brunnerconnected,Get Brunner connection status,System.Boolean,,TRUE,TRUE
simulator.controlloading.brunnervalid,Check if Brunner control loading host and port are valid,System.Boolean,,TRUE,TRUE
simulator.controlloading.devicestates.copilot.aileron,Get copilot aileron device state,ProSimSDK.ControlLoadingDeviceStateType,,TRUE,TRUE
simulator.controlloading.devicestates.copilot.ailerontrim,Get copilot aileron trim device state,ProSimSDK.ControlLoadingDeviceStateType,,TRUE,TRUE
simulator.controlloading.devicestates.copilot.brakeleft,Get copilot brake left device state,ProSimSDK.ControlLoadingDeviceStateType,,TRUE,TRUE
simulator.controlloading.devicestates.copilot.brakeright,Get copilot brake right device state,ProSimSDK.ControlLoadingDeviceStateType,,TRUE,TRUE
simulator.controlloading.devicestates.copilot.collective,Get copilot collective device state,ProSimSDK.ControlLoadingDeviceStateType,,TRUE,TRUE
simulator.controlloading.devicestates.copilot.elevator,Get copilot elevator device state,ProSimSDK.ControlLoadingDeviceStateType,,TRUE,TRUE
simulator.controlloading.devicestates.copilot.elevatortrim,Get pilot elevator device state,ProSimSDK.ControlLoadingDeviceStateType,,TRUE,TRUE
simulator.controlloading.devicestates.copilot.nosewheel,Get copilot nose wheel device state,ProSimSDK.ControlLoadingDeviceStateType,,TRUE,TRUE
simulator.controlloading.devicestates.copilot.rudder,Get copilot rudder device state,ProSimSDK.ControlLoadingDeviceStateType,,TRUE,TRUE
simulator.controlloading.devicestates.copilot.ruddertrim,Get copilot rudder trim device state,ProSimSDK.ControlLoadingDeviceStateType,,TRUE,TRUE
simulator.controlloading.devicestates.general.speedbrake,Get general speedbrake device state,ProSimSDK.ControlLoadingDeviceStateType,,TRUE,TRUE
simulator.controlloading.devicestates.general.throttle1,Get general throttle 1 device state,ProSimSDK.ControlLoadingDeviceStateType,,TRUE,TRUE
simulator.controlloading.devicestates.general.throttle2,Get general throttle 2 device state,ProSimSDK.ControlLoadingDeviceStateType,,TRUE,TRUE
simulator.controlloading.devicestates.pilot.aileron,Get pilot aileron device state,ProSimSDK.ControlLoadingDeviceStateType,,TRUE,TRUE
simulator.controlloading.devicestates.pilot.ailerontrim,Get pilot aileron trim device state,ProSimSDK.ControlLoadingDeviceStateType,,TRUE,TRUE
simulator.controlloading.devicestates.pilot.brakeleft,Get pilot brake left device state,ProSimSDK.ControlLoadingDeviceStateType,,TRUE,TRUE
simulator.controlloading.devicestates.pilot.brakeright,Get pilot brake right device state,ProSimSDK.ControlLoadingDeviceStateType,,TRUE,TRUE
simulator.controlloading.devicestates.pilot.collective,Get pilot collective device state,ProSimSDK.ControlLoadingDeviceStateType,,TRUE,TRUE
simulator.controlloading.devicestates.pilot.elevator,Get pilot elevator device state,ProSimSDK.ControlLoadingDeviceStateType,,TRUE,TRUE
simulator.controlloading.devicestates.pilot.elevatortrim,Get pilot elevator trim device state,ProSimSDK.ControlLoadingDeviceStateType,,TRUE,TRUE
simulator.controlloading.devicestates.pilot.nosewheel,Get pilot nose wheel device state,ProSimSDK.ControlLoadingDeviceStateType,,TRUE,TRUE
simulator.controlloading.devicestates.pilot.rudder,Get pilot rudder device state,ProSimSDK.ControlLoadingDeviceStateType,,TRUE,TRUE
simulator.controlloading.devicestates.pilot.ruddertrim,Get pilot rudder trim device state,ProSimSDK.ControlLoadingDeviceStateType,,TRUE,TRUE
simulator.controlloading.simconnected,Get simulation connection status,System.Boolean,,TRUE,TRUE
simulator.flight.delete,Delete a flight by setting its file name,System.String,,FALSE,TRUE
simulator.flight.load,Load a flight by setting its file name,System.String,,FALSE,TRUE
simulator.flight.save,Save the current flight,ProSimSDK.FlightData,,FALSE,TRUE
simulator.frameRate,Simulator frame rate,System.Double,,TRUE,FALSE
simulator.freeze,Control for freezing the position(lat/lon) of the aircraft,System.Boolean,,TRUE,TRUE
simulator.freeze.alt,Control for freezing the altitude of the aircraft,System.Boolean,,TRUE,TRUE
simulator.freeze.att,Control for freezing the attitude of the aircraft,System.Boolean,,TRUE,TRUE
simulator.fuelFreeze,Control for enabling fuel freeze,System.Boolean,,TRUE,TRUE
simulator.fullFreeze,Control for pausing the simulator without pausing system simulation,System.Boolean,,TRUE,TRUE
simulator.jetway.toggle,Toggles the simulator jetway where supported by scenery,System.Boolean,,FALSE,TRUE
simulator.mute,Control for muting ProSimAudio instances,System.Boolean,,TRUE,TRUE
simulator.pause,Control for pausing the simulator,System.Boolean,,TRUE,TRUE
simulator.scenario.reset,Resets the loaded simulator scenario,System.Boolean,,FALSE,TRUE
simulator.sessionrecorder.elapsed.seconds,Session recorder elapsed time in seconds,System.Double,,TRUE,FALSE
simulator.sessionrecorder.filename,File name for session recording,System.String,,TRUE,TRUE
simulator.speed,Simulator simulation speed,System.Double,,TRUE,TRUE
simulator.time,Simulator time,System.DateTime,,TRUE,TRUE
simulator.view.command,Send a view command to the simulator,ProSimSDK.ViewCommand,,FALSE,TRUE
simulator.zuluTime,Simulator zulu time,System.TimeSpan,,TRUE,TRUE
system.analog.A_ASP_ADF_1_VOLUME,ASP ADF 1 volume [0 - 1024],System.Int32,,TRUE,TRUE
system.analog.A_ASP_ADF_2_VOLUME,ASP ADF 2 volume [0 - 1024],System.Int32,,TRUE,TRUE
system.analog.A_ASP_CAB_VOLUME,ASP CAB volume [0 - 1024],System.Int32,,TRUE,TRUE
system.analog.A_ASP_HF_1_VOLUME,ASP HF 1 volume [0 - 1024],System.Int32,,TRUE,TRUE
system.analog.A_ASP_HF_2_VOLUME,ASP HF 2 volume [0 - 1024],System.Int32,,TRUE,TRUE
system.analog.A_ASP_ILS_VOLUME,ASP ILS volume [0 - 1024],System.Int32,,TRUE,TRUE
system.analog.A_ASP_INT_VOLUME,ASP INT volume [0 - 1024],System.Int32,,TRUE,TRUE
system.analog.A_ASP_MARKER_VOLUME,ASP Marker volume [0 - 1024],System.Int32,,TRUE,TRUE
system.analog.A_ASP_MLS_VOLUME,ASP MLS volume [0 - 1024],System.Int32,,TRUE,TRUE
system.analog.A_ASP_PA_VOLUME,ASP PA volume [0 - 1024],System.Int32,,TRUE,TRUE
system.analog.A_ASP_VHF_1_VOLUME,ASP VHF 1 volume [0 - 1024],System.Int32,,TRUE,TRUE
system.analog.A_ASP_VHF_2_VOLUME,ASP VHF 2 volume [0 - 1024],System.Int32,,TRUE,TRUE
system.analog.A_ASP_VHF_3_VOLUME,ASP VHF 3 volume [0 - 1024],System.Int32,,TRUE,TRUE
system.analog.A_ASP_VOR_1_VOLUME,ASP NAV 1 volume [0 - 1024],System.Int32,,TRUE,TRUE
system.analog.A_ASP_VOR_2_VOLUME,ASP NAV 2 volume [0 - 1024],System.Int32,,TRUE,TRUE
system.analog.A_ASP2_ADF_1_VOLUME,ASP FO ADF 1 volume [0 - 1024],System.Int32,,TRUE,TRUE
system.analog.A_ASP2_ADF_2_VOLUME,ASP FO ADF 2 volume [0 - 1024],System.Int32,,TRUE,TRUE
system.analog.A_ASP2_CAB_VOLUME,ASP FO CAB volume [0 - 1024],System.Int32,,TRUE,TRUE
system.analog.A_ASP2_HF_1_VOLUME,ASP FO HF 1 volume [0 - 1024],System.Int32,,TRUE,TRUE
system.analog.A_ASP2_HF_2_VOLUME,ASP FO HF 2 volume [0 - 1024],System.Int32,,TRUE,TRUE
system.analog.A_ASP2_ILS_VOLUME,ASP FO ILS volume [0 - 1024],System.Int32,,TRUE,TRUE
system.analog.A_ASP2_INT_VOLUME,ASP FO INT volume [0 - 1024],System.Int32,,TRUE,TRUE
system.analog.A_ASP2_MARKER_VOLUME,ASP FO Marker volume [0 - 1024],System.Int32,,TRUE,TRUE
system.analog.A_ASP2_MLS_VOLUME,ASP FO MLS volume [0 - 1024],System.Int32,,TRUE,TRUE
system.analog.A_ASP2_PA_VOLUME,ASP FO PA volume [0 - 1024],System.Int32,,TRUE,TRUE
system.analog.A_ASP2_VHF_1_VOLUME,ASP FO VHF 1 volume [0 - 1024],System.Int32,,TRUE,TRUE
system.analog.A_ASP2_VHF_2_VOLUME,ASP FO VHF 2 volume [0 - 1024],System.Int32,,TRUE,TRUE
system.analog.A_ASP2_VHF_3_VOLUME,ASP FO VHF 3 volume [0 - 1024],System.Int32,,TRUE,TRUE
system.analog.A_ASP2_VOR_1_VOLUME,ASP FO NAV 1 volume [0 - 1024],System.Int32,,TRUE,TRUE
system.analog.A_ASP2_VOR_2_VOLUME,ASP FO NAV 2 volume [0 - 1024],System.Int32,,TRUE,TRUE
system.analog.A_ASP3_ADF_1_VOLUME,ASP OBS ADF 1 volume [0 - 1024],System.Int32,,TRUE,TRUE
system.analog.A_ASP3_ADF_2_VOLUME,ASP OBS ADF 2 volume [0 - 1024],System.Int32,,TRUE,TRUE
system.analog.A_ASP3_CAB_VOLUME,ASP OBS CAB volume [0 - 1024],System.Int32,,TRUE,TRUE
system.analog.A_ASP3_HF_1_VOLUME,ASP OBS HF 1 volume [0 - 1024],System.Int32,,TRUE,TRUE
system.analog.A_ASP3_HF_2_VOLUME,ASP OBS HF 2 volume [0 - 1024],System.Int32,,TRUE,TRUE
system.analog.A_ASP3_ILS_VOLUME,ASP OBS ILS volume [0 - 1024],System.Int32,,TRUE,TRUE
system.analog.A_ASP3_INT_VOLUME,ASP OBS INT volume [0 - 1024],System.Int32,,TRUE,TRUE
system.analog.A_ASP3_MARKER_VOLUME,ASP OBS Marker volume [0 - 1024],System.Int32,,TRUE,TRUE
system.analog.A_ASP3_MLS_VOLUME,ASP OBS MLS volume [0 - 1024],System.Int32,,TRUE,TRUE
system.analog.A_ASP3_PA_VOLUME,ASP OBS PA volume [0 - 1024],System.Int32,,TRUE,TRUE
system.analog.A_ASP3_VHF_1_VOLUME,ASP OBS VHF 1 volume [0 - 1024],System.Int32,,TRUE,TRUE
system.analog.A_ASP3_VHF_2_VOLUME,ASP OBS VHF 2 volume [0 - 1024],System.Int32,,TRUE,TRUE
system.analog.A_ASP3_VHF_3_VOLUME,ASP OBS VHF 3 volume [0 - 1024],System.Int32,,TRUE,TRUE
system.analog.A_ASP3_VOR_1_VOLUME,ASP OBS NAV 1 volume [0 - 1024],System.Int32,,TRUE,TRUE
system.analog.A_ASP3_VOR_2_VOLUME,ASP OBS NAV 2 volume [0 - 1024],System.Int32,,TRUE,TRUE
system.analog.A_CDU1_BRIGHTNESS,CDU 1 brightness [0 - 255],System.Int32,,TRUE,TRUE
system.analog.A_CDU2_BRIGHTNESS,CDU 2 brightness [0 - 255],System.Int32,,TRUE,TRUE
system.analog.A_CHART_LIGHT_TEMP_CAPT,Chart lt captain [0 - 1023],System.Int32,,TRUE,TRUE
system.analog.A_CHART_LIGHT_TEMP_FO,Chart lt F/O [0 - 1023],System.Int32,,TRUE,TRUE
system.analog.A_DISPLAY_BRIGHTNESS_CI,Brightness capt inboard [0 - 1023],System.Int32,,TRUE,TRUE
system.analog.A_DISPLAY_BRIGHTNESS_CI_OUTER,Brightness capt inboard outer [0 - 1023],System.Int32,,TRUE,TRUE
system.analog.A_DISPLAY_BRIGHTNESS_CO,Brightness capt outboard [0 - 1023],System.Int32,,TRUE,TRUE
system.analog.A_DISPLAY_BRIGHTNESS_ECAM_L,Brightness lower ecam [0 - 1023],System.Int32,,TRUE,TRUE
system.analog.A_DISPLAY_BRIGHTNESS_ECAM_U,Brightness upper ecam [0 - 1023],System.Int32,,TRUE,TRUE
system.analog.A_DISPLAY_BRIGHTNESS_FI,Brightness f/o inboard [0 - 1023],System.Int32,,TRUE,TRUE
system.analog.A_DISPLAY_BRIGHTNESS_FI_OUTER,Brightness f/o inboard outer [0 - 1023],System.Int32,,TRUE,TRUE
system.analog.A_DISPLAY_BRIGHTNESS_FO,Brightness f/o outboard [0 - 1023],System.Int32,,TRUE,TRUE
system.analog.A_FC_BRAKE_LEFT_CAPT,Brake pedal capt left input [0 - 1024],System.Int32,,TRUE,TRUE
system.analog.A_FC_BRAKE_LEFT_FO,Brake pedal F/O left input [0 - 1024],System.Int32,,TRUE,TRUE
system.analog.A_FC_BRAKE_RIGHT_CAPT,Brake pedal capt right input [0 - 1024],System.Int32,,TRUE,TRUE
system.analog.A_FC_BRAKE_RIGHT_FO,Brake pedal F/O right input [0 - 1024],System.Int32,,TRUE,TRUE
system.analog.A_FC_CAPT_PITCH,Sidestick captain pitch input [0 - 1024],System.Int32,,TRUE,TRUE
system.analog.A_FC_CAPT_ROLL,Sidestick captain roll input [0 - 1024],System.Int32,,TRUE,TRUE
system.analog.A_FC_CAPT_RUDDER,Rudder captain input [0 - 1024],System.Int32,,TRUE,TRUE
system.analog.A_FC_CAPT_TILLER,Tiller captain input [0 - 1024],System.Int32,,TRUE,TRUE
system.analog.A_FC_CL_RUDDER,Rudder control loaded input [-3000 - 3000],System.Int32,,TRUE,TRUE
system.analog.A_FC_ELEVATOR_TRIM,Elevator trim input [0 - 1024],System.Int32,,TRUE,TRUE
system.analog.A_FC_FO_PITCH,Sidestick f/o pitch input [0 - 1024],System.Int32,,TRUE,TRUE
system.analog.A_FC_FO_ROLL,Sidestick f/o roll input [0 - 1024],System.Int32,,TRUE,TRUE
system.analog.A_FC_FO_RUDDER,Rudder F/O input [0 - 1024],System.Int32,,TRUE,TRUE
system.analog.A_FC_FO_TILLER,Tiller F/O input [0 - 1024],System.Int32,,TRUE,TRUE
system.analog.A_FC_LEVER_INPUT,Flap input [0 - 4],System.Int32,,TRUE,TRUE
system.analog.A_FC_SPEEDBRAKE,Speedbrake lever input [0 - 1024],System.Int32,,TRUE,TRUE
system.analog.A_FC_THROTTLE_LEFT_INPUT,Throttle left input [0 - 5000],System.Int32,,TRUE,TRUE
system.analog.A_FC_THROTTLE_RIGHT_INPUT,Throttle right input [0 - 5000],System.Int32,,TRUE,TRUE
system.analog.A_FCU_ALTITUDE,FCU Altitude [100 - 49000],System.Int32,,TRUE,TRUE
system.analog.A_FCU_EFIS1_BARO_HPA,EFIS Capt baro input hPa [0 - 1200],System.Int32,,TRUE,TRUE
system.analog.A_FCU_EFIS1_BARO_INCH,EFIS Capt baro input inch [0 - 3100],System.Int32,,TRUE,TRUE
system.analog.A_FCU_EFIS2_BARO_HPA,EFIS F/O baro input hPa [0 - 1200],System.Int32,,TRUE,TRUE
system.analog.A_FCU_EFIS2_BARO_INCH,EFIS F/O baro input inch [0 - 3100],System.Int32,,TRUE,TRUE
system.analog.A_FCU_HEADING,FCU Heading [0 - 360],System.Int32,,TRUE,TRUE
system.analog.A_FCU_LIGHTING,FCU integ lt [0 - 1023],System.Int32,,TRUE,TRUE
system.analog.A_FCU_LIGHTING_TEXT,FCU text lt [0 - 1023],System.Int32,,TRUE,TRUE
system.analog.A_FCU_SPEED,FCU Speed [100 - 400],System.Int32,,TRUE,TRUE
system.analog.A_FCU_VS,FCU Vertical speed [-6000 - 6000],System.Int32,,TRUE,TRUE
system.analog.A_HYD_GRAVITY_GEAR_EXTEND,Gravity gear extend [0 - 1024],System.Int32,,TRUE,TRUE
system.analog.A_MIP_LIGHTING_FLOOD_MAIN,Flood lt main panel [0 - 1023],System.Int32,,TRUE,TRUE
system.analog.A_MIP_LIGHTING_FLOOD_PEDESTAL,Flood lt pedestal [0 - 1023],System.Int32,,TRUE,TRUE
system.analog.A_MIP_LIGHTING_MAP_L,Map holder lt captain [0 - 1023],System.Int32,,TRUE,TRUE
system.analog.A_MIP_LIGHTING_MAP_R,Map holder lt F/O [0 - 1023],System.Int32,,TRUE,TRUE
system.analog.A_MIP_LOUDSPEAKER_CAPT,Loudspeaker capt [0 - 1023],System.Int32,,TRUE,TRUE
system.analog.A_MIP_LOUDSPEAKER_FO,Loudspeaker F/O [0 - 1023],System.Int32,,TRUE,TRUE
system.analog.A_OH_LIGHTING_OVD,Overhead integ lt [0 - 1023],System.Int32,,TRUE,TRUE
system.analog.A_OH_LIGHTING_READING_CAPT,Reading lt captain [0 - 1023],System.Int32,,TRUE,TRUE
system.analog.A_OH_LIGHTING_READING_FO,Reading lt F/O [0 - 1023],System.Int32,,TRUE,TRUE
system.analog.A_OH_PNEUMATIC_AFT_TEMP,Aft cab temp [0 - 1024],System.Int32,,TRUE,TRUE
system.analog.A_OH_PNEUMATIC_CARGO_AFT_TEMP,Aft cargo temp [0 - 1024],System.Int32,,TRUE,TRUE
system.analog.A_OH_PNEUMATIC_CARGO_FWD_TEMP,Fwd cargo temp [0 - 1024],System.Int32,,TRUE,TRUE
system.analog.A_OH_PNEUMATIC_COCKPIT_TEMP,Cockpit temp [0 - 1024],System.Int32,,TRUE,TRUE
system.analog.A_OH_PNEUMATIC_FWD_TEMP,Fwd cab temp [0 - 1024],System.Int32,,TRUE,TRUE
system.analog.A_OH_PNEUMATIC_LDG_ELEV,Landing elevation input [0 - 1024],System.Int32,,TRUE,TRUE
system.analog.A_PED_DRAIMS1_BRIGHTNESS,DRAIMS Capt Brightness [0 - 1024],System.Int32,,TRUE,TRUE
system.analog.A_PED_DRAIMS1_NAV_REC,DRAIMS Capt NAV volume [0 - 1024],System.Int32,,TRUE,TRUE
system.analog.A_PED_DRAIMS2_BRIGHTNESS,DRAIMS FO Brightness [0 - 1024],System.Int32,,TRUE,TRUE
system.analog.A_PED_DRAIMS2_NAV_REC,DRAIMS FO NAV volume [0 - 1024],System.Int32,,TRUE,TRUE
system.analog.A_PED_LIGHTING_PEDESTAL,Pedestal integ lt [0 - 1023],System.Int32,,TRUE,TRUE
system.analog.A_PED_RMP1_CRS,RMP capt course input [0 - 359],System.Int32,,TRUE,TRUE
system.analog.A_PED_RMP2_CRS,RMP F/O course input [0 - 359],System.Int32,,TRUE,TRUE
system.analog.A_PED_RMP3_CRS,RMP OBS course input [0 - 359],System.Int32,,TRUE,TRUE
system.analog.A_WR_GAIN,Weather Radar Gain raw [0 - 10],System.Int32,,TRUE,TRUE
system.analog.A_WR_GAIN_V2,Weather Radar Gain with cal raw [-15 - 15],System.Int32,,TRUE,TRUE
system.analog.A_WR_TILT,Weather Radar Tilt raw [-15 - 15],System.Int32,,TRUE,TRUE
system.analog.A_WR2_GAIN,Weather Radar P2 Gain raw [0 - 10],System.Int32,,TRUE,TRUE
system.analog.R_ADF1_ACTIVE,Radio freq input ADF1 [0 - 999999],System.Int32,,TRUE,TRUE
system.analog.R_ADF1_STANDBY,Radio standby freq input ADF1 [0 - 999999],System.Int32,,TRUE,TRUE
system.analog.R_ADF2_ACTIVE,Radio freq input ADF2 [0 - 999999],System.Int32,,TRUE,TRUE
system.analog.R_ADF2_STANDBY,Radio standby freq input ADF2 [0 - 999999],System.Int32,,TRUE,TRUE
system.analog.R_COM1_ACTIVE,Radio freq input COM1 [0 - 999999],System.Int32,,TRUE,TRUE
system.analog.R_COM1_STANDBY,Radio standby freq input COM1 [0 - 999999],System.Int32,,TRUE,TRUE
system.analog.R_COM2_ACTIVE,Radio freq input COM2 [0 - 999999],System.Int32,,TRUE,TRUE
system.analog.R_COM2_STANDBY,Radio standby freq input COM2 [0 - 999999],System.Int32,,TRUE,TRUE
system.analog.R_COM3_ACTIVE,Radio freq input COM3 [0 - 999999],System.Int32,,TRUE,TRUE
system.analog.R_COM3_STANDBY,Radio standby freq input COM3 [0 - 999999],System.Int32,,TRUE,TRUE
system.analog.R_HF1_ACTIVE,Radio freq input HF1 [0 - 999999],System.Int32,,TRUE,TRUE
system.analog.R_HF1_STANDBY,Radio standby freq input HF1 [0 - 999999],System.Int32,,TRUE,TRUE
system.analog.R_HF2_ACTIVE,Radio freq input HF2 [0 - 999999],System.Int32,,TRUE,TRUE
system.analog.R_HF2_STANDBY,Radio standby freq input HF2 [0 - 999999],System.Int32,,TRUE,TRUE
system.analog.R_ILS1_ACTIVE,Radio freq input ILS1 [0 - 999999],System.Int32,,TRUE,TRUE
system.analog.R_ILS1_STANDBY,Radio standby freq input ILS1 [0 - 999999],System.Int32,,TRUE,TRUE
system.analog.R_ILS2_ACTIVE,Radio freq input ILS2 [0 - 999999],System.Int32,,TRUE,TRUE
system.analog.R_ILS2_STANDBY,Radio standby freq input ILS2 [0 - 999999],System.Int32,,TRUE,TRUE
system.analog.R_NAV1_ACTIVE,Radio freq input NAV1 [0 - 999999],System.Int32,,TRUE,TRUE
system.analog.R_NAV1_STANDBY,Radio standby freq input NAV1 [0 - 999999],System.Int32,,TRUE,TRUE
system.analog.R_NAV2_ACTIVE,Radio freq input NAV2 [0 - 999999],System.Int32,,TRUE,TRUE
system.analog.R_NAV2_STANDBY,Radio standby freq input NAV2 [0 - 999999],System.Int32,,TRUE,TRUE
system.analog.R_XPDR,Radio freq input XPDR [0 - 999999],System.Int32,,TRUE,TRUE
system.analog.R_XPDR2,Radio freq input XPDR2 [0 - 999999],System.Int32,,TRUE,TRUE
system.audio.10,10,System.Byte,,TRUE,FALSE
system.audio.10_retard,10 retard,System.Byte,,TRUE,FALSE
system.audio.100,100,System.Byte,,TRUE,FALSE
system.audio.1000,1000,System.Byte,,TRUE,FALSE
system.audio.20,20,System.Byte,,TRUE,FALSE
system.audio.20_retard,20 retard,System.Byte,,TRUE,FALSE
system.audio.200,200,System.Byte,,TRUE,FALSE
system.audio.2000,2000,System.Byte,,TRUE,FALSE
system.audio.2500,2500,System.Byte,,TRUE,FALSE
system.audio.30,30,System.Byte,,TRUE,FALSE
system.audio.300,300,System.Byte,,TRUE,FALSE
system.audio.40,40,System.Byte,,TRUE,FALSE
system.audio.400,400,System.Byte,,TRUE,FALSE
system.audio.5,5,System.Byte,,TRUE,FALSE
system.audio.50,50,System.Byte,,TRUE,FALSE
system.audio.500,500,System.Byte,,TRUE,FALSE
system.audio.ATC_ring,ATC ring,System.Byte,,TRUE,FALSE
system.audio.Audio_addon_282v,Audio addon 282v,System.Byte,,TRUE,FALSE
system.audio.Audio_addon_28v-Inverter,Audio addon 28v-Inverter,System.Byte,,TRUE,FALSE
system.audio.Audio_addon_APU_start,Audio addon APU_start,System.Byte,,TRUE,FALSE
system.audio.Audio_addon_APUReleOff,Audio addon APUReleOff,System.Byte,,TRUE,FALSE
system.audio.Audio_addon_AVEC,Audio addon AVEC,System.Byte,,TRUE,FALSE
system.audio.Audio_addon_Background_Noise,Audio addon Background Noise,System.Byte,,TRUE,FALSE
system.audio.Audio_addon_Batt_1_Cont_Off,Audio addon Batt 1 Cont Off,System.Byte,,TRUE,FALSE
system.audio.Audio_addon_Batt_1_Cont_On,Audio addon Batt 1 Cont On,System.Byte,,TRUE,FALSE
system.audio.Audio_addon_Batt_2_Cont_Off,Audio addon Batt 2 Cont Off,System.Byte,,TRUE,FALSE
system.audio.Audio_addon_Batt_2_Cont_On,Audio addon Batt 2 Cont On,System.Byte,,TRUE,FALSE
system.audio.Audio_addon_BattStart,Audio addon BattStart,System.Byte,,TRUE,FALSE
system.audio.Audio_addon_BattStop,Audio addon BattStop,System.Byte,,TRUE,FALSE
system.audio.Audio_addon_Blower,Audio addon Blower,System.Byte,,TRUE,FALSE
system.audio.Audio_addon_Blower_Ext_Shut,Audio addon Blower Ext Shut,System.Byte,,TRUE,FALSE
system.audio.Audio_addon_Blower_Off,Audio addon Blower Off,System.Byte,,TRUE,FALSE
system.audio.Audio_addon_Blower_On,Audio addon Blower On,System.Byte,,TRUE,FALSE
system.audio.Audio_addon_bus,Audio addon bus,System.Byte,,TRUE,FALSE
system.audio.Audio_addon_Bus_and_Vent,Audio addon Bus and Vent,System.Byte,,TRUE,FALSE
system.audio.Audio_addon_Bus_and_Vent_End,Audio addon Bus and Vent End,System.Byte,,TRUE,FALSE
system.audio.Audio_addon_Center_1,Audio addon Center 1,System.Byte,,TRUE,FALSE
system.audio.Audio_addon_Center_2,Audio addon Center 2,System.Byte,,TRUE,FALSE
system.audio.Audio_addon_Contractor_1_Off,Audio addon Contractor 1 Off,System.Byte,,TRUE,FALSE
system.audio.Audio_addon_Contractor_1_On,Audio addon Contractor 1 On,System.Byte,,TRUE,FALSE
system.audio.Audio_addon_Contractor_2_Off,Audio addon Contractor 2 Off,System.Byte,,TRUE,FALSE
system.audio.Audio_addon_Contractor_2_On,Audio addon Contractor 2 On,System.Byte,,TRUE,FALSE
system.audio.Audio_addon_Current,Audio addon Current,System.Byte,,TRUE,FALSE
system.audio.Audio_addon_Current2,Audio addon Current2,System.Byte,,TRUE,FALSE
system.audio.Audio_addon_CVRF_Test,Audio addon CVRF Test,System.Byte,,TRUE,FALSE
system.audio.Audio_addon_Elect_B_Pump,Audio addon Elect B Pump,System.Byte,,TRUE,FALSE
system.audio.Audio_addon_Elect_Y_Pump,Audio addon Elect Y Pump,System.Byte,,TRUE,FALSE
system.audio.Audio_addon_FAP,Audio addon FAP,System.Byte,,TRUE,FALSE
system.audio.Audio_addon_FAP2,Audio addon FAP2,System.Byte,,TRUE,FALSE
system.audio.Audio_addon_Horizontal_Standby,Audio addon Horizontal Standby,System.Byte,,TRUE,FALSE
system.audio.Audio_addon_Inlet_Inside,Audio addon Inlet Inside,System.Byte,,TRUE,FALSE
system.audio.Audio_addon_Outflow_Valve,Audio addon Outflow Valve,System.Byte,,TRUE,FALSE
system.audio.Audio_addon_Outflow_Valve_Off,Audio addon Outflow Valve Off,System.Byte,,TRUE,FALSE
system.audio.Audio_addon_Pack_1,Audio addon Pack 1,System.Byte,,TRUE,FALSE
system.audio.Audio_addon_Pack_2,Audio addon Pack 2,System.Byte,,TRUE,FALSE
system.audio.Audio_addon_PTU,Audio addon PTU,System.Byte,,TRUE,FALSE
system.audio.Audio_addon_Transf1,Audio addon Transf1,System.Byte,,TRUE,FALSE
system.audio.Audio_addon_Transfer_AC1,Audio addon Transfer AC1,System.Byte,,TRUE,FALSE
system.audio.Audio_addon_Transfer_AC1_Off,Audio addon Transfer AC1 Off,System.Byte,,TRUE,FALSE
system.audio.Audio_addon_Transfer_AC2,Audio addon Transfer AC2,System.Byte,,TRUE,FALSE
system.audio.Audio_addon_Transfer_AC2_Off,Audio addon Transfer AC2 Off,System.Byte,,TRUE,FALSE
system.audio.Audio_addon_Wing_1,Audio addon Wing 1,System.Byte,,TRUE,FALSE
system.audio.Audio_addon_Wing_2,Audio addon Wing 2,System.Byte,,TRUE,FALSE
system.audio.Audio_addon_Wing_3,Audio addon Wing 3,System.Byte,,TRUE,FALSE
system.audio.Audio_addon_Wing_4,Audio addon Wing 4,System.Byte,,TRUE,FALSE
system.audio.C_chord,C chord,System.Byte,,TRUE,FALSE
system.audio.Cabin_call_aft,Cabin call aft,System.Byte,,TRUE,FALSE
system.audio.Cabin_call_fwd,Cabin call fwd,System.Byte,,TRUE,FALSE
system.audio.Cavalry_Charge,Cavalry Charge,System.Byte,,TRUE,FALSE
system.audio.CRC,CRC,System.Byte,,TRUE,FALSE
system.audio.Cricket,Cricket,System.Byte,,TRUE,FALSE
system.audio.CVR_test,CVR test,System.Byte,,TRUE,FALSE
system.audio.Dont't_sink,Dont't sink,System.Byte,,TRUE,FALSE
system.audio.Dual_Input,Dual Input,System.Byte,,TRUE,FALSE
system.audio.Engine_failure_damage_Left,Engine failure damage Left,System.Byte,,TRUE,FALSE
system.audio.Engine_failure_damage_Right,Engine failure damage Right,System.Byte,,TRUE,FALSE
system.audio.EVAC_cabin,EVAC cabin,System.Byte,,TRUE,FALSE
system.audio.EVAC_cockpit,EVAC cockpit,System.Byte,,TRUE,FALSE
system.audio.Glideslope,Glideslope,System.Byte,,TRUE,FALSE
system.audio.Go_around_windshear,Go around windshear,System.Byte,,TRUE,FALSE
system.audio.hundred_above,hundred above,System.Byte,,TRUE,FALSE
system.audio.Intermittent_buzzer,Intermittent buzzer,System.Byte,,TRUE,FALSE
system.audio.Mech_call,Mech call,System.Byte,,TRUE,FALSE
system.audio.minimums,minimums,System.Byte,,TRUE,FALSE
system.audio.Monitor_radar_display,Monitor radar display,System.Byte,,TRUE,FALSE
system.audio.Obstacle_ahead,Obstacle ahead,System.Byte,,TRUE,FALSE
system.audio.Obstacle_ahead_pullup,Obstacle ahead pullup,System.Byte,,TRUE,FALSE
system.audio.Packs_left_sound,Packs left sound,System.Byte,,TRUE,FALSE
system.audio.Packs_right_sound,Packs right sound,System.Byte,,TRUE,FALSE
system.audio.Passenger_signs,Passenger signs,System.Byte,,TRUE,FALSE
system.audio.Pred_windshear_Windshear,Pred windshear Windshear,System.Byte,,TRUE,FALSE
system.audio.Priority_Left,Priority Left,System.Byte,,TRUE,FALSE
system.audio.Priority_Right,Priority Right,System.Byte,,TRUE,FALSE
system.audio.PTU,PTU,System.Byte,,TRUE,FALSE
system.audio.Pullup,Pullup,System.Byte,,TRUE,FALSE
system.audio.Relay_1,Relay 1,System.Byte,,TRUE,FALSE
system.audio.Relay_2,Relay 2,System.Byte,,TRUE,FALSE
system.audio.Relay_3,Relay 3,System.Byte,,TRUE,FALSE
system.audio.Relay_4,Relay 4,System.Byte,,TRUE,FALSE
system.audio.retard,retard,System.Byte,,TRUE,FALSE
system.audio.retard_retard,retard retard,System.Byte,,TRUE,FALSE
system.audio.SC,SC,System.Byte,,TRUE,FALSE
system.audio.Sinkrate,Sinkrate,System.Byte,,TRUE,FALSE
system.audio.Speed,Speed,System.Byte,,TRUE,FALSE
system.audio.Stall,Stall,System.Byte,,TRUE,FALSE
system.audio.TCAS_clear_of_conflict,TCAS clear of conflict,System.Byte,,TRUE,FALSE
system.audio.TCAS_Climb,TCAS Climb,System.Byte,,TRUE,FALSE
system.audio.TCAS_Climb_now,TCAS Climb now,System.Byte,,TRUE,FALSE
system.audio.TCAS_Crossing_Climb,TCAS Crossing Climb,System.Byte,,TRUE,FALSE
system.audio.TCAS_Crossing_Descend,TCAS Crossing Descend,System.Byte,,TRUE,FALSE
system.audio.TCAS_Descend,TCAS Descend,System.Byte,,TRUE,FALSE
system.audio.TCAS_Descend_now,TCAS Descend now,System.Byte,,TRUE,FALSE
system.audio.TCAS_increase_climb,TCAS increase climb,System.Byte,,TRUE,FALSE
system.audio.TCAS_increase_descend,TCAS increase descend,System.Byte,,TRUE,FALSE
system.audio.TCAS_Level_off,TCAS Level off,System.Byte,,TRUE,FALSE
system.audio.TCAS_monitor_vertical_speed,TCAS monitor vertical speed,System.Byte,,TRUE,FALSE
system.audio.TCAS_traffic,TCAS traffic,System.Byte,,TRUE,FALSE
system.audio.Terrain,Terrain,System.Byte,,TRUE,FALSE
system.audio.Terrain_ahead,Terrain ahead,System.Byte,,TRUE,FALSE
system.audio.Terrain_ahead_pullup,Terrain ahead pullup,System.Byte,,TRUE,FALSE
system.audio.Too_low_flap,Too low flap,System.Byte,,TRUE,FALSE
system.audio.Too_low_gear,Too low gear,System.Byte,,TRUE,FALSE
system.audio.Too_low_terrain,Too low terrain,System.Byte,,TRUE,FALSE
system.audio.Triple_click,Triple click,System.Byte,,TRUE,FALSE
system.audio.Windshear,Windshear,System.Byte,,TRUE,FALSE
system.config.Audio.GPWS10,GPWS 10,System.Boolean,,TRUE,TRUE
system.config.Audio.GPWS100,GPWS 100,System.Boolean,,TRUE,TRUE
system.config.Audio.GPWS1000,GPWS 1000,System.Boolean,,TRUE,TRUE
system.config.Audio.GPWS20,GPWS 20,System.Boolean,,TRUE,TRUE
system.config.Audio.GPWS200,GPWS 200,System.Boolean,,TRUE,TRUE
system.config.Audio.GPWS2000,GPWS 2000,System.Boolean,,TRUE,TRUE
system.config.Audio.GPWS2500,GPWS 2500,System.Boolean,,TRUE,TRUE
system.config.Audio.GPWS30,GPWS 30,System.Boolean,,TRUE,TRUE
system.config.Audio.GPWS300,GPWS 300,System.Boolean,,TRUE,TRUE
system.config.Audio.GPWS40,GPWS 40,System.Boolean,,TRUE,TRUE
system.config.Audio.GPWS400,GPWS 400,System.Boolean,,TRUE,TRUE
system.config.Audio.GPWS5,GPWS 5,System.Boolean,,TRUE,TRUE
system.config.Audio.GPWS50,GPWS 50,System.Boolean,,TRUE,TRUE
system.config.Audio.GPWS500,GPWS 500,System.Boolean,,TRUE,TRUE
system.config.Audio.voiceAtis,Voice ATIS,System.Boolean,,TRUE,TRUE
system.config.cockpitSetup.current,Returns name of currently load cockpit setup,System.String,,TRUE,FALSE
system.config.cockpitSetup.delete,Deletes cockpit setup with given name,System.String,,FALSE,TRUE
system.config.cockpitSetup.load,Loads cockpit setup with given name,System.String,,FALSE,TRUE
system.config.cockpitSetup.store,Stores cockpit setup as cockpit setup with given name,System.String,,FALSE,TRUE
system.config.Config.accessAuto,AC ESS FEED auto switching,System.Boolean,,TRUE,TRUE
system.config.Config.ACT,Additional Center Tanks,System.String,"None,1,2",TRUE,TRUE
system.config.Config.AlternatePause,Use alternate pause,System.Boolean,,TRUE,TRUE
system.config.Config.AltTempCompensation,Altitude temperature compensation,System.Boolean,,TRUE,TRUE
system.config.Config.ATSAW,ATSAW,System.Boolean,,TRUE,TRUE
system.config.Config.autoFailure,Auto failures,System.String,"None,Minor,All",TRUE,TRUE
system.config.Config.autoMute,Auto Mute,System.String,"Disabled,Enabled",TRUE,TRUE
system.config.Config.BUSS,Backup speed and altitude,System.Boolean,,TRUE,TRUE
system.config.Config.CargoHeating,Cargo heating,System.String,"None,Fwd + Aft,Fwd,Aft",TRUE,TRUE
system.config.Config.CNOPEDINS,No portable devices signs installed,System.Boolean,,TRUE,TRUE
system.config.Config.defaultAccel,Default acceleration altitude,System.String,"+1000FT,+1500FT",TRUE,TRUE
system.config.Config.defaultAccelEngineOut,Default engine out acceleration altitude,System.String,"+1000FT,+1500FT,+800FT",TRUE,TRUE
system.config.Config.defaultThrustReduction,Default thrust reduction altitude,System.String,"+1000FT,+1500FT,+800FT",TRUE,TRUE
system.config.Config.DevScalesMagenta,Deviation scales magenta,System.Boolean,,TRUE,TRUE
system.config.Config.DOORS,Door logic,System.Boolean,,TRUE,TRUE
system.config.Config.enableMuting,Mute speakers during active audio transmission,System.Boolean,,TRUE,TRUE
system.config.Config.engineAutoRestart,Automatically restart engine after failure cleared,System.Boolean,,TRUE,TRUE
system.config.Config.EPR,Engine type,System.String,"CFM,IAE,CFM-Leap",TRUE,TRUE
system.config.Config.eventLog,DFDR Event function,System.String,"Normal,Create log file,Pause simulator",TRUE,TRUE
system.config.Config.failureRate,Maintenance,System.String,"Realistic,High",TRUE,TRUE
system.config.Config.FLSOption,FLS,System.Boolean,,TRUE,TRUE
system.config.Config.fmsWindSource,Actual wind source,System.String,"IRS,Simulator WX",TRUE,TRUE
system.config.Config.GaNav,Go Around engages NAV instead of GA TRK,System.Boolean,,TRUE,TRUE
system.config.Config.GNDTEMP,Gnd Temp field in INIT page,System.Boolean,,TRUE,TRUE
system.config.Config.GPS,GPS type,System.String,"Hybrid,Autonomous",TRUE,TRUE
system.config.Config.GROUNDPOWER,Automatic ground power,System.Boolean,,TRUE,TRUE
system.config.Config.ICEDET,Ice detection system installed,System.Boolean,,TRUE,TRUE
system.config.Config.jetPumps,Jet pumps option,System.Boolean,,TRUE,TRUE
system.config.Config.LDS,Lateral deviation scales,System.Boolean,,TRUE,TRUE
system.config.Config.noSmokingNotInstalled,No smoking signs not installed,System.Boolean,,TRUE,TRUE
system.config.Config.PAPIFix,Align G/S to PAPI,System.Boolean,,TRUE,TRUE
system.config.Config.QNHControl,QNH Control,System.String,"Indep,Linked,Link L+R",TRUE,TRUE
system.config.Config.rainPause,Rain repellent pauses sim,System.Boolean,,TRUE,TRUE
system.config.Config.refuelRate,Refuelling rate,System.String,"Quick,Realistic",TRUE,TRUE
system.config.Config.RepositionMode,Reposition Mode,System.String,"Always quick,Automatic,Always full,Stable,Stable/Blank displays",TRUE,TRUE
system.config.Config.RESETFMS,Reset FMS after landing or failure,System.Boolean,,TRUE,TRUE
system.config.Config.StbyAltSlave,Standby altimeter,System.String,"Stand alone,Slaved to Cpt,Slaved to F/O",TRUE,TRUE
system.config.Config.TCASAP,TCAS autopilot option,System.Boolean,,TRUE,TRUE
system.config.Config.TerrainPeaks,Terrain Peaks,System.Boolean,,TRUE,TRUE
system.config.Config.useFullVHFRangefor833,Use full VHF range for 833 spacing,System.Boolean,,TRUE,TRUE
system.config.Config.vertDevGreen,Alt tape vertical deviation green,System.Boolean,,TRUE,TRUE
system.config.Config.virtualNav,Navaid virtualization,System.Boolean,,TRUE,TRUE
system.config.Config.VoiceChannelSpacing,Voice Channel Spacing,System.String,"25Khz,8.33Khz",TRUE,TRUE
system.config.Config.WGALTNBRKWI,Steering system on yellow hyd,System.Boolean,,TRUE,TRUE
system.config.Config.WLIP,Lift improvement package,System.Boolean,,TRUE,TRUE
system.config.Datalink.Atis,ATIS provider,System.String,"Hoppie,VATSIM,Generic ATIS",TRUE,TRUE
system.config.Datalink.loadCargo,Load Cargo/PAX,System.Boolean,,TRUE,TRUE
system.config.Datalink.loadFuel,Load Fuel,System.Boolean,,TRUE,TRUE
system.config.Datalink.Metar,Metar provider,System.String,"Simulator weather,Online weather",TRUE,TRUE
system.config.Dynamics.newFBW,New FBW model,System.Boolean,,TRUE,TRUE
system.config.Dynamics.newYD,New Yaw damper model,System.Boolean,,TRUE,TRUE
system.config.Dynamics.TakeoffTrimCorrection,New trim model,System.Boolean,,TRUE,TRUE
system.config.Units.Barodefault,Default baro,System.String,"HectoPascal,Inches",TRUE,TRUE
system.config.Units.MagvarReferences,Align magvar with charts,System.Boolean,,TRUE,TRUE
system.config.Units.TakeoffShiftUnit,Takeoff shift,System.String,"Meters,Feet",TRUE,TRUE
system.config.Units.Temp,Temperature,System.String,"Celcius,Fahrenheit",TRUE,TRUE
system.config.Units.Time,Time,System.String,"Local time,FS time",TRUE,TRUE
system.config.Units.Weight,Weight,System.String,"KG,LBS",TRUE,TRUE
system.encoders.E_FCU_ALTITUDE,FCU Altitude encoder,System.Int32,,FALSE,TRUE
system.encoders.E_FCU_EFIS1_BARO,EFIS Capt baro,System.Int32,,FALSE,TRUE
system.encoders.E_FCU_EFIS2_BARO,EFIS F/O baro,System.Int32,,FALSE,TRUE
system.encoders.E_FCU_HEADING,FCU Heading encoder,System.Int32,,FALSE,TRUE
system.encoders.E_FCU_SPEED,FCU Speed encoder,System.Int32,,FALSE,TRUE
system.encoders.E_FCU_VS,FCU Vertical speed encoder,System.Int32,,FALSE,TRUE
system.encoders.E_MIP_CLOCK_SET,Clock set encoder,System.Int32,,FALSE,TRUE
system.encoders.E_MIP_ISFD_BARO,ISFD baro encoder,System.Int32,,FALSE,TRUE
system.encoders.E_MIP_TRAFFIC_CAPT,Traffic Capt,System.Int32,,FALSE,TRUE
system.encoders.E_MIP_TRAFFIC_FO,Traffic F/O,System.Int32,,FALSE,TRUE
system.encoders.E_PED_RMP1_INNER,RMP capt inner shaft,System.Int32,,FALSE,TRUE
system.encoders.E_PED_RMP1_OUTER,RMP capt outer shaft,System.Int32,,FALSE,TRUE
system.encoders.E_PED_RMP2_INNER,RMP F/O inner shaft,System.Int32,,FALSE,TRUE
system.encoders.E_PED_RMP2_OUTER,RMP F/O outer shaft,System.Int32,,FALSE,TRUE
system.encoders.E_PED_RMP3_INNER,RMP OBS inner shaft,System.Int32,,FALSE,TRUE
system.encoders.E_PED_RMP3_OUTER,RMP OBS outer shaft,System.Int32,,FALSE,TRUE
system.encoders.E_RADIO_ADF1_INNER,Radio ADF1 inner shaft,System.Int32,,FALSE,TRUE
system.encoders.E_RADIO_ADF1_INNER_ACTIVE,Radio ADF1 inner shaft active,System.Int32,,FALSE,TRUE
system.encoders.E_RADIO_ADF1_OUTER,Radio ADF1 outer shaft,System.Int32,,FALSE,TRUE
system.encoders.E_RADIO_ADF1_OUTER_ACTIVE,Radio ADF1 outer shaft active,System.Int32,,FALSE,TRUE
system.encoders.E_RADIO_ADF2_INNER,Radio ADF2 inner shaft,System.Int32,,FALSE,TRUE
system.encoders.E_RADIO_ADF2_INNER_ACTIVE,Radio ADF2 inner shaft active,System.Int32,,FALSE,TRUE
system.encoders.E_RADIO_ADF2_OUTER,Radio ADF2 outer shaft,System.Int32,,FALSE,TRUE
system.encoders.E_RADIO_ADF2_OUTER_ACTIVE,Radio ADF2 outer shaft active,System.Int32,,FALSE,TRUE
system.encoders.E_RADIO_COM1_INNER,Radio COM1 inner shaft,System.Int32,,FALSE,TRUE
system.encoders.E_RADIO_COM1_OUTER,Radio COM1 outer shaft,System.Int32,,FALSE,TRUE
system.encoders.E_RADIO_COM2_INNER,Radio COM2 inner shaft,System.Int32,,FALSE,TRUE
system.encoders.E_RADIO_COM2_OUTER,Radio COM2 outer shaft,System.Int32,,FALSE,TRUE
system.encoders.E_RADIO_COM3_INNER,Radio COM3 inner shaft,System.Int32,,FALSE,TRUE
system.encoders.E_RADIO_COM3_OUTER,Radio COM3 outer shaft,System.Int32,,FALSE,TRUE
system.encoders.E_RADIO_ILS1_INNER,Radio ILS1 inner shaft,System.Int32,,FALSE,TRUE
system.encoders.E_RADIO_ILS1_OUTER,Radio ILS1 outer shaft,System.Int32,,FALSE,TRUE
system.encoders.E_RADIO_ILS2_INNER,Radio ILS2 inner shaft,System.Int32,,FALSE,TRUE
system.encoders.E_RADIO_ILS2_OUTER,Radio ILS2 outer shaft,System.Int32,,FALSE,TRUE
system.encoders.E_RADIO_NAV1_INNER,Radio NAV1 inner shaft,System.Int32,,FALSE,TRUE
system.encoders.E_RADIO_NAV1_OUTER,Radio NAV1 outer shaft,System.Int32,,FALSE,TRUE
system.encoders.E_RADIO_NAV2_INNER,Radio NAV2 inner shaft,System.Int32,,FALSE,TRUE
system.encoders.E_RADIO_NAV2_OUTER,Radio NAV2 outer shaft,System.Int32,,FALSE,TRUE
system.encoders.E_RADIO_XPDR_INNER_LEFT,Radio XPDR inner shaft left,System.Int32,,FALSE,TRUE
system.encoders.E_RADIO_XPDR_INNER_RIGHT,Radio XPDR inner shaft right,System.Int32,,FALSE,TRUE
system.encoders.E_RADIO_XPDR_OUTER_LEFT,Radio XPDR outer shaft left,System.Int32,,FALSE,TRUE
system.encoders.E_RADIO_XPDR_OUTER_RIGHT,Radio XPDR outer shaft right,System.Int32,,FALSE,TRUE
system.encoders.E_WR2_CAP_ELEV,Weather Radar P2 Cap Elev,System.Int32,,FALSE,TRUE
system.encoders.E_WR2_FO_ELEV,Weather Radar P2 F/O Elev,System.Int32,,FALSE,TRUE
system.gates.B_A01_HP_FUEL_SOV_1,HP FUEL SOV 1 cb popup,System.Boolean,,TRUE,FALSE
system.gates.B_A02_HP_FUEL_SOV_2,HP FUEL SOV 2 cb popup,System.Boolean,,TRUE,FALSE
system.gates.B_A03_ENG12_IGN_SYSA,Ign Eng 1&2 Sys A cb popup,System.Boolean,,TRUE,FALSE
system.gates.B_A04_ENG1_FADEC_A_EIU_1,Eng 1 FADEC A EIU 1 cb popup,System.Boolean,,TRUE,FALSE
system.gates.B_A05_ENG2_FADEC_A_EIU_2,Eng 2 FADEC A EIU 2 cb popup,System.Boolean,,TRUE,FALSE
system.gates.B_A06_ENG1_DET_LOOP_A,Eng 1 Det Loop A cb popup,System.Boolean,,TRUE,FALSE
system.gates.B_A07_ENG2_DET_LOOP_B,Eng 2 Det Loop B cb popup,System.Boolean,,TRUE,FALSE
system.gates.B_A12_XFEED_VALVE_MOT1,Xfeed valve mot 1 cb popup,System.Boolean,,TRUE,FALSE
system.gates.B_A14_SMOKE_CONFIG_PUMP_CTL,Smoke config pump ctl cb popup,System.Boolean,,TRUE,FALSE
system.gates.B_AB01_BUS_2_231XP_SPLY,Bus 2 231XP-A Sply cb popup,System.Boolean,,TRUE,FALSE
system.gates.B_AB09_B_HYD_ELEC_PUMP,B Hyd Elec pump cb popup,System.Boolean,,TRUE,FALSE
system.gates.B_AB12_BUS_1_131XP_SPLY,Bus 1 131XP-A Sply cb popup,System.Boolean,,TRUE,FALSE
system.gates.B_AD03_212XP_SPLY,Bus 2 212XP SPLY cb popup,System.Boolean,,TRUE,FALSE
system.gates.B_APU_RUNNING,APU running,System.Boolean,,TRUE,FALSE
system.gates.B_APU_STARTING,APU starting,System.Boolean,,TRUE,FALSE
system.gates.B_APU_STOPPING,APU stopping,System.Boolean,,TRUE,FALSE
system.gates.B_ASP_INT,ASP ASP INT Out,System.Boolean,,TRUE,FALSE
system.gates.B_ASP_MASK,ASP ASP Mask In,System.Boolean,,TRUE,FALSE
system.gates.B_ASP_RAD,ASP ASP RAD Out,System.Boolean,,TRUE,FALSE
system.gates.B_ASP2_INT,ASP2 ASP INT Out,System.Boolean,,TRUE,FALSE
system.gates.B_ASP2_MASK,ASP2 ASP Mask In,System.Boolean,,TRUE,FALSE
system.gates.B_ASP2_RAD,ASP2 ASP RAD Out,System.Boolean,,TRUE,FALSE
system.gates.B_ASP3_INT,ASP3 ASP INT Out,System.Boolean,,TRUE,FALSE
system.gates.B_ASP3_MASK,ASP3 ASP Mask In,System.Boolean,,TRUE,FALSE
system.gates.B_ASP3_RAD,ASP3 ASP RAD Out,System.Boolean,,TRUE,FALSE
system.gates.B_B06_SLAT_CTL_MON_SYS_1,Slat ctl & mon sys 1 cb popup,System.Boolean,,TRUE,FALSE
system.gates.B_B07_FLAP_CTL_MON_SYS_1,Flap ctl & mon sys 1 cb popup,System.Boolean,,TRUE,FALSE
system.gates.B_B09_FC_THS_MOT2,THS ACTR MOT2 cb popup,System.Boolean,,TRUE,FALSE
system.gates.B_B10_FCTL_FCDC1_SPLY,FCDC1 SPLY cb popup,System.Boolean,,TRUE,FALSE
system.gates.B_B12_SLT_FLP_1_POS_IND,SLT FLP 1 Pos Ind cb popup,System.Boolean,,TRUE,FALSE
system.gates.B_B14_APU_FUEL_BLOWOFF_PUMP,APU Fuel blowoff pump cb popup,System.Boolean,,TRUE,FALSE
system.gates.B_BRAKE_FANS,Brake fan on,System.Boolean,,TRUE,FALSE
system.gates.B_BRAKE_FANS_LEFT,Brake fan on left,System.Boolean,,TRUE,FALSE
system.gates.B_BRAKE_FANS_RIGHT,Brake fan on right,System.Boolean,,TRUE,FALSE
system.gates.B_C01_WING_ANTI_ICE_MON,Anti Ice Wing Mon cb popup,System.Boolean,,TRUE,FALSE
system.gates.B_C02_WING_ANTI_ICE_CTL,Anti Ice Wing Ctl cb popup,System.Boolean,,TRUE,FALSE
system.gates.B_C07_AFT_CARGO_VENT_CTL_MON,Aft cargo vent ctl/mon cb popup,System.Boolean,,TRUE,FALSE
system.gates.B_C10_ABCU_SPLY,ABCU & Y Brk Press Ind cb popup,System.Boolean,,TRUE,FALSE
system.gates.B_C11_HYD_RESS_XMTR,Hyd press XMTR cb popup,System.Boolean,,TRUE,FALSE
system.gates.B_C12_HYD_POWER_B_WARN_CTL,Hyd Power B Warn & Ctl cb popup,System.Boolean,,TRUE,FALSE
system.gates.B_C13_FIRE_VALVE_G_ENG_1,Fire valve G eng 1 cb popup,System.Boolean,,TRUE,FALSE
system.gates.B_C14_FIRE_VALVE_Y_ENG_2,Fire valve Y eng 2 cb popup,System.Boolean,,TRUE,FALSE
system.gates.B_CB_A08_LP_VALVE_MOT1_ENG1,LP Valve MOT1 ENG1 cb popup,System.Boolean,,TRUE,FALSE
system.gates.B_CB_A09_LP_VALVE_MOT1_ENG2,LP Valve MOT1 ENG2 cb popup,System.Boolean,,TRUE,FALSE
system.gates.B_CB_A10_XFR_VALVE_1_L,XFR VALVE1 L cb popup,System.Boolean,,TRUE,FALSE
system.gates.B_CB_A11_XFR_VALVE_1_R,XFR VALVE1 R cb popup,System.Boolean,,TRUE,FALSE
system.gates.B_CB_A13_FQI_CHAN_1,FQI Chan 1 cb popup,System.Boolean,,TRUE,FALSE
system.gates.B_CB_AS01_ELAC_1_STBY,ELAC 1 Stby sply cb popup,System.Boolean,,TRUE,FALSE
system.gates.B_CB_AS02_ELAC_2_STBY,ELAC 2 Stby sply cb popup,System.Boolean,,TRUE,FALSE
system.gates.B_CB_B01_MCDU_1,MCDU 1 cb popup,System.Boolean,,TRUE,FALSE
system.gates.B_CB_B02_FMGC1,FMGC 1 cb popup,System.Boolean,,TRUE,FALSE
system.gates.B_CB_B03_FAC_1_NORM,FAC 1 Norm sply cb popup,System.Boolean,,TRUE,FALSE
system.gates.B_CB_B04_FAC_1_STBY,FAC 1 Stby sply cb popup,System.Boolean,,TRUE,FALSE
system.gates.B_CB_B05_FCU1,FCU 1 cb popup,System.Boolean,,TRUE,FALSE
system.gates.B_CB_B08_SEC_1_NORM,SEC 1 Norm sply cb popup,System.Boolean,,TRUE,FALSE
system.gates.B_CB_B11_ELAC_1_NORM,ELAC 1 Norm sply cb popup,System.Boolean,,TRUE,FALSE
system.gates.B_CB_C09_LGCIU_1,LGCIU SYS 1 cb popup,System.Boolean,,TRUE,FALSE
system.gates.B_CB_E01_CAPT_ND,Capt ND SPLY cb popup,System.Boolean,,TRUE,FALSE
system.gates.B_CB_E03_CAPT_PFD,Capt PFD SPLY cb popup,System.Boolean,,TRUE,FALSE
system.gates.B_CB_E05_UPPER_ECAM,Upper ECAM SPLY cb popup,System.Boolean,,TRUE,FALSE
system.gates.B_CB_E10_DMC3_STDBY_SPLY,DMC3/STNDBY_SPLY cb popup,System.Boolean,,TRUE,FALSE
system.gates.B_CB_E11_DMC1_SPLY,DMC1/SPLY cb popup,System.Boolean,,TRUE,FALSE
system.gates.B_CB_F01_FWC_1_SUPPLY,FWC 1 Supply cb popup,System.Boolean,,TRUE,FALSE
system.gates.B_CB_F04_SDAC_1_SUPPLY,SDAC 1 Supply cb popup,System.Boolean,,TRUE,FALSE
system.gates.B_CB_G09_COM_VHF1,COM VHF1 cb popup,System.Boolean,,TRUE,FALSE
system.gates.B_CB_G10_COM_RMP1,COM RMP1 cb popup,System.Boolean,,TRUE,FALSE
system.gates.B_CB_G11_NAV_ATC1,NAV ATC1 cb popup,System.Boolean,,TRUE,FALSE
system.gates.B_CB_G12_NAV_ILS1,NAV ILS1 cb popup,System.Boolean,,TRUE,FALSE
system.gates.B_CB_G13_NAV_VOR1,NAV VOR1 cb popup,System.Boolean,,TRUE,FALSE
system.gates.B_CB_HA14_COM_HF1,COM HF1 cb popup,System.Boolean,,TRUE,FALSE
system.gates.B_CB_L04_COM_VHF2,COM VHF2 cb popup,System.Boolean,,TRUE,FALSE
system.gates.B_CB_L05_COM_VHF3,COM VHF3 cb popup,System.Boolean,,TRUE,FALSE
system.gates.B_CB_L13_COM_HF2,COM HF2 cb popup,System.Boolean,,TRUE,FALSE
system.gates.B_CB_M17_FMGC2,FMGC 2 cb popup,System.Boolean,,TRUE,FALSE
system.gates.B_CB_M18_FAC_2_NORM,FAC 2 Norm sply cb popup,System.Boolean,,TRUE,FALSE
system.gates.B_CB_M19_FAC_2_STBY,FAC 2 Stby sply cb popup,System.Boolean,,TRUE,FALSE
system.gates.B_CB_M21_FCU2,FCU 2 cb popup,System.Boolean,,TRUE,FALSE
system.gates.B_CB_M22_XFR_VALVE_2_L,XFR VALVE2 L cb popup,System.Boolean,,TRUE,FALSE
system.gates.B_CB_M23_XFR_VALVE_2_R,XFR VALVE2 R cb popup,System.Boolean,,TRUE,FALSE
system.gates.B_CB_M25_LP_VALVE_MOT2_ENG1,LP Valve MOT2 ENG1 cb popup,System.Boolean,,TRUE,FALSE
system.gates.B_CB_M26_LP_VALVE_MOT2_ENG2,LP Valve MOT2 ENG2 cb popup,System.Boolean,,TRUE,FALSE
system.gates.B_CB_M27_FQI_CHAN_2,FQI Chan 2 cb popup,System.Boolean,,TRUE,FALSE
system.gates.B_CB_M33_BSCU_1_SPLY,Braking & Steering sys 1 sply cb popup,System.Boolean,,TRUE,FALSE
system.gates.B_CB_M34_BSCU_1_CTL,Braking & Steering sys 1 ctl cb popup,System.Boolean,,TRUE,FALSE
system.gates.B_CB_M35_BSCU_2_SPLY,Braking & Steering sys 2 sply cb popup,System.Boolean,,TRUE,FALSE
system.gates.B_CB_M36_BSCU_2_CTL,Braking & Steering sys 2 ctl cb popup,System.Boolean,,TRUE,FALSE
system.gates.B_CB_N20_MCDU_2,MCDU 2 cb popup,System.Boolean,,TRUE,FALSE
system.gates.B_CB_P07_GPWS_115,GPWS 115V AC cb popup,System.Boolean,,TRUE,FALSE
system.gates.B_CB_Q06_SDAC_2_SUPPLY,SDAC 2 Supply cb popup,System.Boolean,,TRUE,FALSE
system.gates.B_CB_Q08_DMC2_SPLY,DMC2/SPLY cb popup,System.Boolean,,TRUE,FALSE
system.gates.B_CB_Q09_DMC3_SPLY,DMC3/SPLY cb popup,System.Boolean,,TRUE,FALSE
system.gates.B_CB_Q18_SEC_2,SEC 2 sply cb popup,System.Boolean,,TRUE,FALSE
system.gates.B_CB_Q19_SEC_3,SEC 3 sply cb popup,System.Boolean,,TRUE,FALSE
system.gates.B_CB_Q34_LGCIU_1_GND,LGCIU SYS 1 GND Supply cb popup,System.Boolean,,TRUE,FALSE
system.gates.B_CB_R03_FO_PFD,F/O PFD SPLY cb popup,System.Boolean,,TRUE,FALSE
system.gates.B_CB_R04_FO_ND,F/O ND SPLY cb popup,System.Boolean,,TRUE,FALSE
system.gates.B_CB_R11_LOWER_ECAM,Lower ECAM SPLY cb popup,System.Boolean,,TRUE,FALSE
system.gates.B_CB_R20_ELAC_2_NORM,ELAC 2 Norm sply cb popup,System.Boolean,,TRUE,FALSE
system.gates.B_D02_PROBES_1_PITOT,Probes 1 Pitot cb popup,System.Boolean,,TRUE,FALSE
system.gates.B_D03_PROBES_1_PHC_SUPPLY,Probes 1 PHC Supply cb popup,System.Boolean,,TRUE,FALSE
system.gates.B_D04_PROBES_1_AOA,Probes 1 AOA cb popup,System.Boolean,,TRUE,FALSE
system.gates.B_D05_AVNCS_VENT_CTL_DC,Avncs vent ctl dc cb popup,System.Boolean,,TRUE,FALSE
system.gates.B_D06_AVNCS_VENT_CTL_ESS,Avncs vent ctl ess cb popup,System.Boolean,,TRUE,FALSE
system.gates.B_D09_CAB_PRESS_CTL_1,Cab Press CTL 1 cb popup,System.Boolean,,TRUE,FALSE
system.gates.B_D10_RAM_AIR_INLET,Ram air inlet cb popup,System.Boolean,,TRUE,FALSE
system.gates.B_D11_AIRBLEED_ENG1_MONG,Airbleed eng 1 mong cb popup,System.Boolean,,TRUE,FALSE
system.gates.B_D12_AIRBLEED_ENG1_CTL,Airbleed eng 1 ctl cb popup,System.Boolean,,TRUE,FALSE
system.gates.B_D13_X_FEED_VALVE_BAT,X Feed valve bat cb popup,System.Boolean,,TRUE,FALSE
system.gates.B_DOORS_COCKPIT_LOCKED,Cockpit door locked,System.Boolean,,TRUE,FALSE
system.gates.B_E02_DU_ND_CAPT_SWTG,DU Capt ND Swtg cb popup,System.Boolean,,TRUE,FALSE
system.gates.B_E04_DU_PFD_CAPT_SWTG,DU Capt PFD Swtg cb popup,System.Boolean,,TRUE,FALSE
system.gates.B_E06_DU_ECAM_UPPER_SWTG,DU ECAM Upper Swtg cb popup,System.Boolean,,TRUE,FALSE
system.gates.B_E07_DMC3_SWTG,DMC3/SWTG cb popup,System.Boolean,,TRUE,FALSE
system.gates.B_E09_DMC1_SWTG,DMC1/SWTG cb popup,System.Boolean,,TRUE,FALSE
system.gates.B_E12_ECAM_CTL_PNL,ECAM CTL PNL cb popup,System.Boolean,,TRUE,FALSE
system.gates.B_E13_CVR_CTL,CVR CTL cb popup,System.Boolean,,TRUE,FALSE
system.gates.B_E14_CVR_DC_SPLY,CVR DC SPLY cb popup,System.Boolean,,TRUE,FALSE
system.gates.B_ELEC_BATTERY_SWITCH_1,Battery switch 1,System.Boolean,,TRUE,FALSE
system.gates.B_ELEC_BATTERY_SWITCH_2,Battery switch 2,System.Boolean,,TRUE,FALSE
system.gates.B_ELEC_BUS_POWER_AC_1,Bus power AC 1,System.Boolean,,TRUE,FALSE
system.gates.B_ELEC_BUS_POWER_AC_2,Bus power AC 2,System.Boolean,,TRUE,FALSE
system.gates.B_ELEC_BUS_POWER_AC_ESS,Bus power AC ESS,System.Boolean,,TRUE,FALSE
system.gates.B_ELEC_BUS_POWER_AC_ESS_SHED,Bus power AC ESS Shed,System.Boolean,,TRUE,FALSE
system.gates.B_ELEC_BUS_POWER_AC_STAT_INV,Bus power Static inverter,System.Boolean,,TRUE,FALSE
system.gates.B_ELEC_BUS_POWER_DC_1,Bus power DC 1,System.Boolean,,TRUE,FALSE
system.gates.B_ELEC_BUS_POWER_DC_2,Bus power DC 2,System.Boolean,,TRUE,FALSE
system.gates.B_ELEC_BUS_POWER_DC_BAT,Bus power Bat,System.Boolean,,TRUE,FALSE
system.gates.B_ELEC_BUS_POWER_DC_ESS,Bus power DC ESS,System.Boolean,,TRUE,FALSE
system.gates.B_ELEC_BUS_POWER_DC_ESS_SHED,Bus power DC ESS Shed,System.Boolean,,TRUE,FALSE
system.gates.B_ELEC_BUS_POWER_DC_SERVICE,Bus power DC service,System.Boolean,,TRUE,FALSE
system.gates.B_ELEC_COCKPIT_AC,Cockpit AC active,System.Boolean,,TRUE,FALSE
system.gates.B_ELEC_EXTERNAL_CONNECT,AC external connect,System.Boolean,,TRUE,FALSE
system.gates.B_ELEC_GLARE_BACKLIGHT,Glare backlight,System.Boolean,,TRUE,FALSE
system.gates.B_ELEC_OVERHEAD_BACKLIGHT,Overhead backlight,System.Boolean,,TRUE,FALSE
system.gates.B_ELEC_PEDESTAL_BACKLIGHT,Pedestal backlight,System.Boolean,,TRUE,FALSE
system.gates.B_ELEC_POWER_SWAP_APU_EXT,Power AC Swap APU Ext,System.Boolean,,TRUE,FALSE
system.gates.B_ELEC_POWER_SWAP_APU_GEN,Power AC Swap APU Gen,System.Boolean,,TRUE,FALSE
system.gates.B_ELEC_POWERDOWN,AC powerdown,System.Boolean,,TRUE,FALSE
system.gates.B_ELEC_POWERUP,AC powerup,System.Boolean,,TRUE,FALSE
system.gates.B_ENG_FAIL_DAMAGE_1,Engine failure damage left,System.Boolean,,TRUE,FALSE
system.gates.B_ENG_FAIL_DAMAGE_2,Engine failure damage right,System.Boolean,,TRUE,FALSE
system.gates.B_ENG_FAIL_NO_DAMAGE_1,Engine failure no damage left,System.Boolean,,TRUE,FALSE
system.gates.B_ENG_FAIL_NO_DAMAGE_2,Engine failure no damage right,System.Boolean,,TRUE,FALSE
system.gates.B_EVAC_COCKPIT,EVAC Cockpit active,System.Boolean,,TRUE,FALSE
system.gates.B_F02_SDAC1_AC_ESS_REF,SDAC 1 ESS ref sync cb popup,System.Boolean,,TRUE,FALSE
system.gates.B_F03_SDAC2_AC_ESS_REF,SDAC 2 ESS ref sync cb popup,System.Boolean,,TRUE,FALSE
system.gates.B_F06_ADIRU_1_115,Adiru 1 115AC cb popup,System.Boolean,,TRUE,FALSE
system.gates.B_F09_ADIRS_3_SWTG,Adirs 3 ess Swtg supply cb popup,System.Boolean,,TRUE,FALSE
system.gates.B_F11_CLOCK_NORM_SPLY,Clock norm sply cb popup,System.Boolean,,TRUE,FALSE
system.gates.B_F12_NAV_STDBY_INSTR,NAV stdby instr cb popup,System.Boolean,,TRUE,FALSE
system.gates.B_FC_ELEVATOR_TRIM_MOTOR_POWER,Elevator trim motor power,System.Boolean,,TRUE,FALSE
system.gates.B_FC_RUDDER_TRIM,Rudder trim display,System.Boolean,,TRUE,FALSE
system.gates.B_FC_RUDDER_TRIM_DASHED,Rudder trim display dashed,System.Boolean,,TRUE,FALSE
system.gates.B_FC_RUDDER_TRIM_RESETTING,B_FC_RUDDER_TRIM_RESETTING,System.Boolean,,TRUE,FALSE
system.gates.B_FC_SIDESTICK_RELAY_CAPT,Sidestick autopilot relay capt,System.Boolean,,TRUE,FALSE
system.gates.B_FC_SIDESTICK_RELAY_CHANGE,Sidestick autopilot relay change,System.Boolean,,TRUE,FALSE
system.gates.B_FC_SIDESTICK_RELAY_FO,Sidestick autopilot relay F/O,System.Boolean,,TRUE,FALSE
system.gates.B_FCU_AUTOPILOT_DISABLED,Autopilot disabled,System.Boolean,,TRUE,FALSE
system.gates.B_FCU_AUTOPILOT_ENABLED,Autopilot enabled,System.Boolean,,TRUE,FALSE
system.gates.B_FCU_EFIS1_BARO_INCH,EFIS Capt baro inches,System.Boolean,,TRUE,FALSE
system.gates.B_FCU_EFIS1_BARO_STD,EFIS Capt baro standard,System.Boolean,,TRUE,FALSE
system.gates.B_FCU_EFIS2_BARO_INCH,EFIS F/O baro inches,System.Boolean,,TRUE,FALSE
system.gates.B_FCU_EFIS2_BARO_STD,EFIS F/O baro standard,System.Boolean,,TRUE,FALSE
system.gates.B_FCU_HEADING_DASHED,Heading dashed,System.Boolean,,TRUE,FALSE
system.gates.B_FCU_POWER,FCU Power,System.Boolean,,TRUE,FALSE
system.gates.B_FCU_SPEED_DASHED,Speed dashed,System.Boolean,,TRUE,FALSE
system.gates.B_FCU_SPEED_MACH,FCU in mach mode,System.Boolean,,TRUE,FALSE
system.gates.B_FCU_TRACK_FPA_MODE,FCU Track/FPA mode,System.Boolean,,TRUE,FALSE
system.gates.B_FCU_VERTICALSPEED_DASHED,V/S dashed,System.Boolean,,TRUE,FALSE
system.gates.B_G06_ACP_CAPT,ACP Capt cb popup,System.Boolean,,TRUE,FALSE
system.gates.B_G07_ACP_FO,ACP F/O cb popup,System.Boolean,,TRUE,FALSE
system.gates.B_G14_NAV_DME1,NAV DME1 cb popup,System.Boolean,,TRUE,FALSE
system.gates.B_GEAR_RETRACT_INHIBIT,Gear retract inhibit,System.Boolean,,TRUE,FALSE
system.gates.B_GEAR_RETRACT_RELEASE,Gear retract release,System.Boolean,,TRUE,FALSE
system.gates.B_GROUND,Ground,System.Boolean,,TRUE,FALSE
system.gates.B_H03_XFMR_ESS_BUS,XFMR 115v 5v Ess Bus cb popup,System.Boolean,,TRUE,FALSE
system.gates.B_H04_ICE_STBY_COMPASS_LT,Ice & Stby compass light cb popup,System.Boolean,,TRUE,FALSE
system.gates.B_H08_CKPT_DOME,CKPT Dome Ovh cb popup,System.Boolean,,TRUE,FALSE
system.gates.B_H10_LT_CTL,LT Ctl cb popup,System.Boolean,,TRUE,FALSE
system.gates.B_H11_AC_BUS_8XP_MONG,AC Bus 8XP Mong cb popup,System.Boolean,,TRUE,FALSE
system.gates.B_H14_NAV_ADF1,NAV ADF1 cb popup,System.Boolean,,TRUE,FALSE
system.gates.B_HA1_CREW_OXY_SPLY,Crew Oxy Sply cb popup,System.Boolean,,TRUE,FALSE
system.gates.B_HA2_PASS_OXY_CTL_1,Passenger oxygen Ctl & Warn 1 cb popup,System.Boolean,,TRUE,FALSE
system.gates.B_HA3_PASS_OXY_CTL_2,Passenger oxygen Ctl & Warn 2 cb popup,System.Boolean,,TRUE,FALSE
system.gates.B_HA4_PASS_OXY_CTL_3,Passenger oxygen Ctl & Warn 3 cb popup,System.Boolean,,TRUE,FALSE
system.gates.B_HA5_PASS_OXY_ACT_1,Passenger oxygen actuation 1 cb popup,System.Boolean,,TRUE,FALSE
system.gates.B_HA6_PASS_OXY_ACT_2,Passenger oxygen actuation 2 cb popup,System.Boolean,,TRUE,FALSE
system.gates.B_HA7_PASS_OXY_ACT_3,Passenger oxygen actuation 3 cb popup,System.Boolean,,TRUE,FALSE
system.gates.B_HA8_PASS_OXY_ACT_4,Passenger oxygen actuation 4 cb popup,System.Boolean,,TRUE,FALSE
system.gates.B_HYD_LEFT_BRAKE_NON_ZERO,Left brake pressure non zero,System.Boolean,,TRUE,FALSE
system.gates.B_HYD_LEFT_BRAKE_ZERO,Left brake pressure zero,System.Boolean,,TRUE,FALSE
system.gates.B_HYD_PARKING_BRAKE_SET,Parking brake set,System.Boolean,,TRUE,FALSE
system.gates.B_HYD_PTU_RUNNING,PTU Running,System.Boolean,,TRUE,FALSE
system.gates.B_HYD_RIGHT_BRAKE_NON_ZERO,Right brake pressure non zero,System.Boolean,,TRUE,FALSE
system.gates.B_HYD_RIGHT_BRAKE_ZERO,Right brake pressure zero,System.Boolean,,TRUE,FALSE
system.gates.B_HYD_YELLOW_ACU_NON_ZERO,Yellow accu pressure non zero,System.Boolean,,TRUE,FALSE
system.gates.B_HYD_YELLOW_ACU_ZERO,Yellow accu pressure zero,System.Boolean,,TRUE,FALSE
system.gates.B_INT_AACDO,B_INT_AACDO,System.Boolean,,TRUE,FALSE
system.gates.B_INT_AACFF,B_INT_AACFF,System.Boolean,,TRUE,FALSE
system.gates.B_INT_AACGFF,B_INT_AACGFF,System.Boolean,,TRUE,FALSE
system.gates.B_INT_AACGIVOF,B_INT_AACGIVOF,System.Boolean,,TRUE,FALSE
system.gates.B_INT_AACHBC,B_INT_AACHBC,System.Boolean,,TRUE,FALSE
system.gates.B_INT_AACHCDNFC,B_INT_AACHCDNFC,System.Boolean,,TRUE,FALSE
system.gates.B_INT_AACHCFT,B_INT_AACHCFT,System.Boolean,,TRUE,FALSE
system.gates.B_INT_AACSC1DFT,B_INT_AACSC1DFT,System.Boolean,,TRUE,FALSE
system.gates.B_INT_AACSC2DFT,B_INT_AACSC2DFT,System.Boolean,,TRUE,FALSE
system.gates.B_INT_ACDO,B_INT_ACDO,System.Boolean,,TRUE,FALSE
system.gates.B_INT_AFCDO,B_INT_AFCDO,System.Boolean,,TRUE,FALSE
system.gates.B_INT_AFCFF,B_INT_AFCFF,System.Boolean,,TRUE,FALSE
system.gates.B_INT_AFCGDO,B_INT_AFCGDO,System.Boolean,,TRUE,FALSE
system.gates.B_INT_AFCGFF,B_INT_AFCGFF,System.Boolean,,TRUE,FALSE
system.gates.B_INT_AFCGIVOF,B_INT_AFCGIVOF,System.Boolean,,TRUE,FALSE
system.gates.B_INT_AFCHCDNFC,B_INT_AFCHCDNFC,System.Boolean,,TRUE,FALSE
system.gates.B_INT_AFCHCFT,B_INT_AFCHCFT,System.Boolean,,TRUE,FALSE
system.gates.B_INT_AHAPRVFC,B_INT_AHAPRVFC,System.Boolean,,TRUE,FALSE
system.gates.B_INT_ALGFOF,B_INT_ALGFOF,System.Boolean,,TRUE,FALSE
system.gates.B_INT_AP1CF,B_INT_AP1CF,System.Boolean,,TRUE,FALSE
system.gates.B_INT_AP1COTHL2,B_INT_AP1COTHL2,System.Boolean,,TRUE,FALSE
system.gates.B_INT_AP1FCVD,B_INT_AP1FCVD,System.Boolean,,TRUE,FALSE
system.gates.B_INT_AP1FCVFC,B_INT_AP1FCVFC,System.Boolean,,TRUE,FALSE
system.gates.B_INT_AP1OHT,B_INT_AP1OHT,System.Boolean,,TRUE,FALSE
system.gates.B_INT_AP1PBOF,B_INT_AP1PBOF,System.Boolean,,TRUE,FALSE
system.gates.B_INT_AP1VD,B_INT_AP1VD,System.Boolean,,TRUE,FALSE
system.gates.B_INT_AP2CF,B_INT_AP2CF,System.Boolean,,TRUE,FALSE
system.gates.B_INT_AP2COTHL2,B_INT_AP2COTHL2,System.Boolean,,TRUE,FALSE
system.gates.B_INT_AP2FCVD,B_INT_AP2FCVD,System.Boolean,,TRUE,FALSE
system.gates.B_INT_AP2FCVFC,B_INT_AP2FCVFC,System.Boolean,,TRUE,FALSE
system.gates.B_INT_AP2OHT,B_INT_AP2OHT,System.Boolean,,TRUE,FALSE
system.gates.B_INT_AP2PBOF,B_INT_AP2PBOF,System.Boolean,,TRUE,FALSE
system.gates.B_INT_AP2VD,B_INT_AP2VD,System.Boolean,,TRUE,FALSE
system.gates.B_INT_APRVD,B_INT_APRVD,System.Boolean,,TRUE,FALSE
system.gates.B_INT_APZCF,B_INT_APZCF,System.Boolean,,TRUE,FALSE
system.gates.B_INT_ARAPBON,B_INT_ARAPBON,System.Boolean,,TRUE,FALSE
system.gates.B_INT_ARFLF,B_INT_ARFLF,System.Boolean,,TRUE,FALSE
system.gates.B_INT_ARFRF,B_INT_ARFRF,System.Boolean,,TRUE,FALSE
system.gates.B_INT_ASZCF,B_INT_ASZCF,System.Boolean,,TRUE,FALSE
system.gates.B_INT_ATASF,B_INT_ATASF,System.Boolean,,TRUE,FALSE
system.gates.B_INT_BAPUBPBOF,B_INT_BAPUBPBOF,System.Boolean,,TRUE,FALSE
system.gates.B_INT_BAPUBVFC,B_INT_BAPUBVFC,System.Boolean,,TRUE,FALSE
system.gates.B_INT_BAPULFBE,B_INT_BAPULFBE,System.Boolean,,TRUE,FALSE
system.gates.B_INT_BAPULM,B_INT_BAPULM,System.Boolean,,TRUE,FALSE
system.gates.B_INT_BBMC1FT,B_INT_BBMC1FT,System.Boolean,,TRUE,FALSE
system.gates.B_INT_BBMC2FT,B_INT_BBMC2FT,System.Boolean,,TRUE,FALSE
system.gates.B_INT_BE1AP,B_INT_BE1AP,System.Boolean,,TRUE,FALSE
system.gates.B_INT_BE1BDMD,B_INT_BE1BDMD,System.Boolean,,TRUE,FALSE
system.gates.B_INT_BE1BPBOF,B_INT_BE1BPBOF,System.Boolean,,TRUE,FALSE
system.gates.B_INT_BE1LOTEMP,B_INT_BE1LOTEMP,System.Boolean,,TRUE,FALSE
system.gates.B_INT_BE1OPM,B_INT_BE1OPM,System.Boolean,,TRUE,FALSE
system.gates.B_INT_BE1OTM,B_INT_BE1OTM,System.Boolean,,TRUE,FALSE
system.gates.B_INT_BE1PRVACC,B_INT_BE1PRVACC,System.Boolean,,TRUE,FALSE
system.gates.B_INT_BE1PRVD,B_INT_BE1PRVD,System.Boolean,,TRUE,FALSE
system.gates.B_INT_BE1PRVFC,B_INT_BE1PRVFC,System.Boolean,,TRUE,FALSE
system.gates.B_INT_BE2AP,B_INT_BE2AP,System.Boolean,,TRUE,FALSE
system.gates.B_INT_BE2BDMD,B_INT_BE2BDMD,System.Boolean,,TRUE,FALSE
system.gates.B_INT_BE2BPBOF,B_INT_BE2BPBOF,System.Boolean,,TRUE,FALSE
system.gates.B_INT_BE2LOTEMP,B_INT_BE2LOTEMP,System.Boolean,,TRUE,FALSE
system.gates.B_INT_BE2OPM,B_INT_BE2OPM,System.Boolean,,TRUE,FALSE
system.gates.B_INT_BE2OTM,B_INT_BE2OTM,System.Boolean,,TRUE,FALSE
system.gates.B_INT_BE2PRVACC,B_INT_BE2PRVACC,System.Boolean,,TRUE,FALSE
system.gates.B_INT_BE2PRVD,B_INT_BE2PRVD,System.Boolean,,TRUE,FALSE
system.gates.B_INT_BE2PRVFC,B_INT_BE2PRVFC,System.Boolean,,TRUE,FALSE
system.gates.B_INT_BLWLM,B_INT_BLWLM,System.Boolean,,TRUE,FALSE
system.gates.B_INT_BPE1LM,B_INT_BPE1LM,System.Boolean,,TRUE,FALSE
system.gates.B_INT_BPE2LM,B_INT_BPE2LM,System.Boolean,,TRUE,FALSE
system.gates.B_INT_BRWLM,B_INT_BRWLM,System.Boolean,,TRUE,FALSE
system.gates.B_INT_BSVE1NC,B_INT_BSVE1NC,System.Boolean,,TRUE,FALSE
system.gates.B_INT_BSVE2NC,B_INT_BSVE2NC,System.Boolean,,TRUE,FALSE
system.gates.B_INT_BXFVCAD,B_INT_BXFVCAD,System.Boolean,,TRUE,FALSE
system.gates.B_INT_BXFVCMD,B_INT_BXFVCMD,System.Boolean,,TRUE,FALSE
system.gates.B_INT_BXFVFC,B_INT_BXFVFC,System.Boolean,,TRUE,FALSE
system.gates.B_INT_BXFVFO,B_INT_BXFVFO,System.Boolean,,TRUE,FALSE
system.gates.B_INT_BXFVOAD,B_INT_BXFVOAD,System.Boolean,,TRUE,FALSE
system.gates.B_INT_BXFVOMD,B_INT_BXFVOMD,System.Boolean,,TRUE,FALSE
system.gates.B_INT_BXFVSOP,B_INT_BXFVSOP,System.Boolean,,TRUE,FALSE
system.gates.B_INT_BXFVSSH,B_INT_BXFVSSH,System.Boolean,,TRUE,FALSE
system.gates.B_INT_CAOCMSG,B_INT_CAOCMSG,System.Boolean,,TRUE,FALSE
system.gates.B_INT_CATSU1F,B_INT_CATSU1F,System.Boolean,,TRUE,FALSE
system.gates.B_INT_CATSULIGHT,B_INT_CATSULIGHT,System.Boolean,,TRUE,FALSE
system.gates.B_INT_CATSUSOUND,B_INT_CATSUSOUND,System.Boolean,,TRUE,FALSE
system.gates.B_INT_CATSUVDR3F,B_INT_CATSUVDR3F,System.Boolean,,TRUE,FALSE
system.gates.B_INT_CCABCHECK,B_INT_CCABCHECK,System.Boolean,,TRUE,FALSE
system.gates.B_INT_CCOCALL,B_INT_CCOCALL,System.Boolean,,TRUE,FALSE
system.gates.B_INT_CCR,B_INT_CCR,System.Boolean,,TRUE,FALSE
system.gates.B_INT_CCRSO3OC,B_INT_CCRSO3OC,System.Boolean,,TRUE,FALSE
system.gates.B_INT_CCVRDLF,B_INT_CCVRDLF,System.Boolean,,TRUE,FALSE
system.gates.B_INT_CDLKINIT,B_INT_CDLKINIT,System.Boolean,,TRUE,FALSE
system.gates.B_INT_CFORSO3OC,B_INT_CFORSO3OC,System.Boolean,,TRUE,FALSE
system.gates.B_INT_CFSBLT,Passenger signs on,System.Boolean,,TRUE,FALSE
system.gates.B_INT_CHF1EM,B_INT_CHF1EM,System.Boolean,,TRUE,FALSE
system.gates.B_INT_CHF2EM,B_INT_CHF2EM,System.Boolean,,TRUE,FALSE
system.gates.B_INT_CNOPEDINS,B_INT_CNOPEDINS,System.Boolean,,TRUE,FALSE
system.gates.B_INT_CNOPEDSIGNS,B_INT_CNOPEDSIGNS,System.Boolean,,TRUE,FALSE
system.gates.B_INT_CNOSMOK,No smoking on,System.Boolean,,TRUE,FALSE
system.gates.B_INT_CNOSMOKING,B_INT_CNOSMOKING,System.Boolean,,TRUE,FALSE
system.gates.B_INT_CVDR3VOICE,B_INT_CVDR3VOICE,System.Boolean,,TRUE,FALSE
system.gates.B_INT_CVHF1EM,B_INT_CVHF1EM,System.Boolean,,TRUE,FALSE
system.gates.B_INT_CVHF2EM,B_INT_CVHF2EM,System.Boolean,,TRUE,FALSE
system.gates.B_INT_CVHF3EM,B_INT_CVHF3EM,System.Boolean,,TRUE,FALSE
system.gates.B_INT_DAAVDNC,B_INT_DAAVDNC,System.Boolean,,TRUE,FALSE
system.gates.B_INT_DACGDHUL,B_INT_DACGDHUL,System.Boolean,,TRUE,FALSE
system.gates.B_INT_DBLKCGDNC,B_INT_DBLKCGDNC,System.Boolean,,TRUE,FALSE
system.gates.B_INT_DFAVDNC,B_INT_DFAVDNC,System.Boolean,,TRUE,FALSE
system.gates.B_INT_DFCGDHUL,B_INT_DFCGDHUL,System.Boolean,,TRUE,FALSE
system.gates.B_INT_DLACDNC,B_INT_DLACDNC,System.Boolean,,TRUE,FALSE
system.gates.B_INT_DLAEDNC,B_INT_DLAEDNC,System.Boolean,,TRUE,FALSE
system.gates.B_INT_DLAVDNC,B_INT_DLAVDNC,System.Boolean,,TRUE,FALSE
system.gates.B_INT_DLFCDNC,B_INT_DLFCDNC,System.Boolean,,TRUE,FALSE
system.gates.B_INT_DLFEDNC,B_INT_DLFEDNC,System.Boolean,,TRUE,FALSE
system.gates.B_INT_DRACDNC,B_INT_DRACDNC,System.Boolean,,TRUE,FALSE
system.gates.B_INT_DRAEDNC,B_INT_DRAEDNC,System.Boolean,,TRUE,FALSE
system.gates.B_INT_DRAVDNC,B_INT_DRAVDNC,System.Boolean,,TRUE,FALSE
system.gates.B_INT_DRFCDNC,B_INT_DRFCDNC,System.Boolean,,TRUE,FALSE
system.gates.B_INT_DRFEDNC,B_INT_DRFEDNC,System.Boolean,,TRUE,FALSE
system.gates.B_INT_EAC1OF,B_INT_EAC1OF,System.Boolean,,TRUE,FALSE
system.gates.B_INT_EAC2OF,B_INT_EAC2OF,System.Boolean,,TRUE,FALSE
system.gates.B_INT_EAC2SCON,B_INT_EAC2SCON,System.Boolean,,TRUE,FALSE
system.gates.B_INT_EACSFPBAL,B_INT_EACSFPBAL,System.Boolean,,TRUE,FALSE
system.gates.B_INT_EACSOF,B_INT_EACSOF,System.Boolean,,TRUE,FALSE
system.gates.B_INT_EACSSBOF,B_INT_EACSSBOF,System.Boolean,,TRUE,FALSE
system.gates.B_INT_EADCGNL,B_INT_EADCGNL,System.Boolean,,TRUE,FALSE
system.gates.B_INT_EAPUGNF,B_INT_EAPUGNF,System.Boolean,,TRUE,FALSE
system.gates.B_INT_EAPUGNOL,B_INT_EAPUGNOL,System.Boolean,,TRUE,FALSE
system.gates.B_INT_EBAT1CON,B_INT_EBAT1CON,System.Boolean,,TRUE,FALSE
system.gates.B_INT_EBAT1F,B_INT_EBAT1F,System.Boolean,,TRUE,FALSE
system.gates.B_INT_EBAT2CON,B_INT_EBAT2CON,System.Boolean,,TRUE,FALSE
system.gates.B_INT_EBAT2F,B_INT_EBAT2F,System.Boolean,,TRUE,FALSE
system.gates.B_INT_EDC12CON,B_INT_EDC12CON,System.Boolean,,TRUE,FALSE
system.gates.B_INT_EDC1OF,B_INT_EDC1OF,System.Boolean,,TRUE,FALSE
system.gates.B_INT_EDC1SCOF,B_INT_EDC1SCOF,System.Boolean,,TRUE,FALSE
system.gates.B_INT_EDC2OF,B_INT_EDC2OF,System.Boolean,,TRUE,FALSE
system.gates.B_INT_EDCBSCOF,B_INT_EDCBSCOF,System.Boolean,,TRUE,FALSE
system.gates.B_INT_EDCBSSCOF,B_INT_EDCBSSCOF,System.Boolean,,TRUE,FALSE
system.gates.B_INT_EDCSOF,B_INT_EDCSOF,System.Boolean,,TRUE,FALSE
system.gates.B_INT_EEGNCON,B_INT_EEGNCON,System.Boolean,,TRUE,FALSE
system.gates.B_INT_EEPWRCON,B_INT_EEPWRCON,System.Boolean,,TRUE,FALSE
system.gates.B_INT_EESTRCON,B_INT_EESTRCON,System.Boolean,,TRUE,FALSE
system.gates.B_INT_EGN1COF,B_INT_EGN1COF,System.Boolean,,TRUE,FALSE
system.gates.B_INT_EGN2COF,B_INT_EGN2COF,System.Boolean,,TRUE,FALSE
system.gates.B_INT_EIDG1D,B_INT_EIDG1D,System.Boolean,,TRUE,FALSE
system.gates.B_INT_EIDG1OLP,B_INT_EIDG1OLP,System.Boolean,,TRUE,FALSE
system.gates.B_INT_EIDG1OO,B_INT_EIDG1OO,System.Boolean,,TRUE,FALSE
system.gates.B_INT_EIDG2D,B_INT_EIDG2D,System.Boolean,,TRUE,FALSE
system.gates.B_INT_EIDG2OLP,B_INT_EIDG2OLP,System.Boolean,,TRUE,FALSE
system.gates.B_INT_EIDG2OO,B_INT_EIDG2OO,System.Boolean,,TRUE,FALSE
system.gates.B_INT_EMGS,B_INT_EMGS,System.Boolean,,TRUE,FALSE
system.gates.B_INT_ESION,B_INT_ESION,System.Boolean,,TRUE,FALSE
system.gates.B_INT_ETR1COF,B_INT_ETR1COF,System.Boolean,,TRUE,FALSE
system.gates.B_INT_ETR2COF,B_INT_ETR2COF,System.Boolean,,TRUE,FALSE
system.gates.B_INT_FACT1I,B_INT_FACT1I,System.Boolean,,TRUE,FALSE
system.gates.B_INT_FACT1LL,B_INT_FACT1LL,System.Boolean,,TRUE,FALSE
system.gates.B_INT_FACT1VO,B_INT_FACT1VO,System.Boolean,,TRUE,FALSE
system.gates.B_INT_FACT2I,B_INT_FACT2I,System.Boolean,,TRUE,FALSE
system.gates.B_INT_FACT2LL,B_INT_FACT2LL,System.Boolean,,TRUE,FALSE
system.gates.B_INT_FACT2VO,B_INT_FACT2VO,System.Boolean,,TRUE,FALSE
system.gates.B_INT_FACTTPLP,B_INT_FACTTPLP,System.Boolean,,TRUE,FALSE
system.gates.B_INT_FACTTPPBON,B_INT_FACTTPPBON,System.Boolean,,TRUE,FALSE
system.gates.B_INT_FACTTVO,B_INT_FACTTVO,System.Boolean,,TRUE,FALSE
system.gates.B_INT_FACTXFRF,B_INT_FACTXFRF,System.Boolean,,TRUE,FALSE
system.gates.B_INT_FBLTVFTO,B_INT_FBLTVFTO,System.Boolean,,TRUE,FALSE
system.gates.B_INT_FBRTVFTO,B_INT_FBRTVFTO,System.Boolean,,TRUE,FALSE
system.gates.B_INT_FC_SIDESTICK_NZ_1,B_INT_FC_SIDESTICK_NZ_1,System.Boolean,,TRUE,FALSE
system.gates.B_INT_FC_SIDESTICK_NZ_2,B_INT_FC_SIDESTICK_NZ_2,System.Boolean,,TRUE,FALSE
system.gates.B_INT_FCDC_VAL,B_INT_FCDC_VAL,System.Boolean,,TRUE,FALSE
system.gates.B_INT_FCDC1_INV,B_INT_FCDC1_INV,System.Boolean,,TRUE,FALSE
system.gates.B_INT_FCDC2_INV,B_INT_FCDC2_INV,System.Boolean,,TRUE,FALSE
system.gates.B_INT_FCH1F,B_INT_FCH1F,System.Boolean,,TRUE,FALSE
system.gates.B_INT_FCH2F,B_INT_FCH2F,System.Boolean,,TRUE,FALSE
system.gates.B_INT_FCTI1,B_INT_FCTI1,System.Boolean,,TRUE,FALSE
system.gates.B_INT_FCTI2,B_INT_FCTI2,System.Boolean,,TRUE,FALSE
system.gates.B_INT_FCTLS100,B_INT_FCTLS100,System.Boolean,,TRUE,FALSE
system.gates.B_INT_FCTMSPBM,B_INT_FCTMSPBM,System.Boolean,,TRUE,FALSE
system.gates.B_INT_FCTP1ASOR,B_INT_FCTP1ASOR,System.Boolean,,TRUE,FALSE
system.gates.B_INT_FCTP1COF,B_INT_FCTP1COF,System.Boolean,,TRUE,FALSE
system.gates.B_INT_FCTP1LP,B_INT_FCTP1LP,System.Boolean,,TRUE,FALSE
system.gates.B_INT_FCTP1PBOF,B_INT_FCTP1PBOF,System.Boolean,,TRUE,FALSE
system.gates.B_INT_FCTP2ASOR,B_INT_FCTP2ASOR,System.Boolean,,TRUE,FALSE
system.gates.B_INT_FCTP2COF,B_INT_FCTP2COF,System.Boolean,,TRUE,FALSE
system.gates.B_INT_FCTP2LP,B_INT_FCTP2LP,System.Boolean,,TRUE,FALSE
system.gates.B_INT_FCTP2PBOF,B_INT_FCTP2PBOF,System.Boolean,,TRUE,FALSE
system.gates.B_INT_FCTRS100,B_INT_FCTRS100,System.Boolean,,TRUE,FALSE
system.gates.B_INT_FFVE1FC,B_INT_FFVE1FC,System.Boolean,,TRUE,FALSE
system.gates.B_INT_FFVE2FC,B_INT_FFVE2FC,System.Boolean,,TRUE,FALSE
system.gates.B_INT_FLCTLL,B_INT_FLCTLL,System.Boolean,,TRUE,FALSE
system.gates.B_INT_FLFTVO,B_INT_FLFTVO,System.Boolean,,TRUE,FALSE
system.gates.B_INT_FLICHTAL,B_INT_FLICHTAL,System.Boolean,,TRUE,FALSE
system.gates.B_INT_FLICTH,B_INT_FLICTH,System.Boolean,,TRUE,FALSE
system.gates.B_INT_FLICTL,B_INT_FLICTL,System.Boolean,,TRUE,FALSE
system.gates.B_INT_FLOCHTAL,B_INT_FLOCHTAL,System.Boolean,,TRUE,FALSE
system.gates.B_INT_FLOCTH,B_INT_FLOCTH,System.Boolean,,TRUE,FALSE
system.gates.B_INT_FLOCTL,B_INT_FLOCTL,System.Boolean,,TRUE,FALSE
system.gates.B_INT_FLRTVO,B_INT_FLRTVO,System.Boolean,,TRUE,FALSE
system.gates.B_INT_FLTP1COF,B_INT_FLTP1COF,System.Boolean,,TRUE,FALSE
system.gates.B_INT_FLTP1LP,B_INT_FLTP1LP,System.Boolean,,TRUE,FALSE
system.gates.B_INT_FLTP2COF,B_INT_FLTP2COF,System.Boolean,,TRUE,FALSE
system.gates.B_INT_FLTP2LP,B_INT_FLTP2LP,System.Boolean,,TRUE,FALSE
system.gates.B_INT_FLWTLLA,B_INT_FLWTLLA,System.Boolean,,TRUE,FALSE
system.gates.B_INT_FLWTLLB,B_INT_FLWTLLB,System.Boolean,,TRUE,FALSE
system.gates.B_INT_FLWTSLLB,B_INT_FLWTSLLB,System.Boolean,,TRUE,FALSE
system.gates.B_INT_FMS_CAN_STEP_FWD,B_INT_FMS_CAN_STEP_FWD,System.Boolean,,TRUE,FALSE
system.gates.B_INT_FMS_CAN_STEP_PREV,B_INT_FMS_CAN_STEP_PREV,System.Boolean,,TRUE,FALSE
system.gates.B_INT_FMS_PAUSED,B_INT_FMS_PAUSED,System.Boolean,,TRUE,FALSE
system.gates.B_INT_FRCTLL,B_INT_FRCTLL,System.Boolean,,TRUE,FALSE
system.gates.B_INT_FRFBPWR,B_INT_FRFBPWR,System.Boolean,,TRUE,FALSE
system.gates.B_INT_FRFTVO,B_INT_FRFTVO,System.Boolean,,TRUE,FALSE
system.gates.B_INT_FRICHTAL,B_INT_FRICHTAL,System.Boolean,,TRUE,FALSE
system.gates.B_INT_FRICTH,B_INT_FRICTH,System.Boolean,,TRUE,FALSE
system.gates.B_INT_FRICTL,B_INT_FRICTL,System.Boolean,,TRUE,FALSE
system.gates.B_INT_FROCHTAL,B_INT_FROCHTAL,System.Boolean,,TRUE,FALSE
system.gates.B_INT_FROCTH,B_INT_FROCTH,System.Boolean,,TRUE,FALSE
system.gates.B_INT_FROCTL,B_INT_FROCTL,System.Boolean,,TRUE,FALSE
system.gates.B_INT_FRRTVO,B_INT_FRRTVO,System.Boolean,,TRUE,FALSE
system.gates.B_INT_FRTP1COF,B_INT_FRTP1COF,System.Boolean,,TRUE,FALSE
system.gates.B_INT_FRTP1LP,B_INT_FRTP1LP,System.Boolean,,TRUE,FALSE
system.gates.B_INT_FRTP2COF,B_INT_FRTP2COF,System.Boolean,,TRUE,FALSE
system.gates.B_INT_FRTP2LP,B_INT_FRTP2LP,System.Boolean,,TRUE,FALSE
system.gates.B_INT_FRWTLLA,B_INT_FRWTLLA,System.Boolean,,TRUE,FALSE
system.gates.B_INT_FRWTLLB,B_INT_FRWTLLB,System.Boolean,,TRUE,FALSE
system.gates.B_INT_FRWTSLLB,B_INT_FRWTSLLB,System.Boolean,,TRUE,FALSE
system.gates.B_INT_FXCV1FC,B_INT_FXCV1FC,System.Boolean,,TRUE,FALSE
system.gates.B_INT_FXCV1FO,B_INT_FXCV1FO,System.Boolean,,TRUE,FALSE
system.gates.B_INT_FXCV2FC,B_INT_FXCV2FC,System.Boolean,,TRUE,FALSE
system.gates.B_INT_FXCV2FO,B_INT_FXCV2FO,System.Boolean,,TRUE,FALSE
system.gates.B_INT_FXFVFC,B_INT_FXFVFC,System.Boolean,,TRUE,FALSE
system.gates.B_INT_FXFVFO,B_INT_FXFVFO,System.Boolean,,TRUE,FALSE
system.gates.B_INT_FXFVPBON,B_INT_FXFVPBON,System.Boolean,,TRUE,FALSE
system.gates.B_INT_GABRKF,B_INT_GABRKF,System.Boolean,,TRUE,FALSE
system.gates.B_INT_GALTNLBRKR,B_INT_GALTNLBRKR,System.Boolean,,TRUE,FALSE
system.gates.B_INT_GALTNRBRKR,B_INT_GALTNRBRKR,System.Boolean,,TRUE,FALSE
system.gates.B_INT_GASKSOF,B_INT_GASKSOF,System.Boolean,,TRUE,FALSE
system.gates.B_INT_GBFI,B_INT_GBFI,System.Boolean,,TRUE,FALSE
system.gates.B_INT_GBRKOVHT,B_INT_GBRKOVHT,System.Boolean,,TRUE,FALSE
system.gates.B_INT_GBRKRLSD,B_INT_GBRKRLSD,System.Boolean,,TRUE,FALSE
system.gates.B_INT_GDLORA,B_INT_GDLORA,System.Boolean,,TRUE,FALSE
system.gates.B_INT_GDMDRA,B_INT_GDMDRA,System.Boolean,,TRUE,FALSE
system.gates.B_INT_GDMXRA,B_INT_GDMXRA,System.Boolean,,TRUE,FALSE
system.gates.B_INT_GELLGCOMPR,B_INT_GELLGCOMPR,System.Boolean,,TRUE,FALSE
system.gates.B_INT_GLDNUPL,B_INT_GLDNUPL,System.Boolean,,TRUE,FALSE
system.gates.B_INT_GLGDL,B_INT_GLGDL,System.Boolean,,TRUE,FALSE
system.gates.B_INT_GLGNLDSD,B_INT_GLGNLDSD,System.Boolean,,TRUE,FALSE
system.gates.B_INT_GLGNLUP,B_INT_GLGNLUP,System.Boolean,,TRUE,FALSE
system.gates.B_INT_GLGNLUPNSD,B_INT_GLGNLUPNSD,System.Boolean,,TRUE,FALSE
system.gates.B_INT_GLLGNOLK,B_INT_GLLGNOLK,System.Boolean,,TRUE,FALSE
system.gates.B_INT_GLS_MOD,B_INT_GLS_MOD,System.Boolean,,TRUE,FALSE
system.gates.B_INT_GMT1LP,B_INT_GMT1LP,System.Boolean,,TRUE,FALSE
system.gates.B_INT_GMT2LP,B_INT_GMT2LP,System.Boolean,,TRUE,FALSE
system.gates.B_INT_GMT3LP,B_INT_GMT3LP,System.Boolean,,TRUE,FALSE
system.gates.B_INT_GMT4LP,B_INT_GMT4LP,System.Boolean,,TRUE,FALSE
system.gates.B_INT_GNDNUPL,B_INT_GNDNUPL,System.Boolean,,TRUE,FALSE
system.gates.B_INT_GNGDL,B_INT_GNGDL,System.Boolean,,TRUE,FALSE
system.gates.B_INT_GNGNLDSD,B_INT_GNGNLDSD,System.Boolean,,TRUE,FALSE
system.gates.B_INT_GNGNLUP,B_INT_GNGNLUP,System.Boolean,,TRUE,FALSE
system.gates.B_INT_GNGNLUPNSD,B_INT_GNGNLUPNSD,System.Boolean,,TRUE,FALSE
system.gates.B_INT_GNLGNOLK,B_INT_GNLGNOLK,System.Boolean,,TRUE,FALSE
system.gates.B_INT_GNORMBRKF1,B_INT_GNORMBRKF1,System.Boolean,,TRUE,FALSE
system.gates.B_INT_GNORMBRKF2,B_INT_GNORMBRKF2,System.Boolean,,TRUE,FALSE
system.gates.B_INT_GNT1LP,B_INT_GNT1LP,System.Boolean,,TRUE,FALSE
system.gates.B_INT_GNT2LP,B_INT_GNT2LP,System.Boolean,,TRUE,FALSE
system.gates.B_INT_GNWSINOP,B_INT_GNWSINOP,System.Boolean,,TRUE,FALSE
system.gates.B_INT_GPBRKON,B_INT_GPBRKON,System.Boolean,,TRUE,FALSE
system.gates.B_INT_GRDNUPL,B_INT_GRDNUPL,System.Boolean,,TRUE,FALSE
system.gates.B_INT_GRGDL,B_INT_GRGDL,System.Boolean,,TRUE,FALSE
system.gates.B_INT_GRGNLDSD,B_INT_GRGNLDSD,System.Boolean,,TRUE,FALSE
system.gates.B_INT_GRGNLUP,B_INT_GRGNLUP,System.Boolean,,TRUE,FALSE
system.gates.B_INT_GRGNLUPNSD,B_INT_GRGNLUPNSD,System.Boolean,,TRUE,FALSE
system.gates.B_INT_GRLGNOLK,B_INT_GRLGNOLK,System.Boolean,,TRUE,FALSE
system.gates.B_INT_GS1CF,B_INT_GS1CF,System.Boolean,,TRUE,FALSE
system.gates.B_INT_GS1MF,B_INT_GS1MF,System.Boolean,,TRUE,FALSE
system.gates.B_INT_GS2CF,B_INT_GS2CF,System.Boolean,,TRUE,FALSE
system.gates.B_INT_GS2MF,B_INT_GS2MF,System.Boolean,,TRUE,FALSE
system.gates.B_INT_GSYS1ENG,B_INT_GSYS1ENG,System.Boolean,,TRUE,FALSE
system.gates.B_INT_GSYS2ENG,B_INT_GSYS2ENG,System.Boolean,,TRUE,FALSE
system.gates.B_INT_GSYSF1,B_INT_GSYSF1,System.Boolean,,TRUE,FALSE
system.gates.B_INT_GSYSF2,B_INT_GSYSF2,System.Boolean,,TRUE,FALSE
system.gates.B_INT_GTKEYON,B_INT_GTKEYON,System.Boolean,,TRUE,FALSE
system.gates.B_INT_GW1SGT,B_INT_GW1SGT,System.Boolean,,TRUE,FALSE
system.gates.B_INT_GYACCULOPR,B_INT_GYACCULOPR,System.Boolean,,TRUE,FALSE
system.gates.B_INT_HBEPLP,B_INT_HBEPLP,System.Boolean,,TRUE,FALSE
system.gates.B_INT_HBEPOVHT,B_INT_HBEPOVHT,System.Boolean,,TRUE,FALSE
system.gates.B_INT_HBRLAP,B_INT_HBRLAP,System.Boolean,,TRUE,FALSE
system.gates.B_INT_HBRLL,B_INT_HBRLL,System.Boolean,,TRUE,FALSE
system.gates.B_INT_HBROVHT,B_INT_HBROVHT,System.Boolean,,TRUE,FALSE
system.gates.B_INT_HBRTUP,B_INT_HBRTUP,System.Boolean,,TRUE,FALSE
system.gates.B_INT_HBSLP,B_INT_HBSLP,System.Boolean,,TRUE,FALSE
system.gates.B_INT_HGPLP,B_INT_HGPLP,System.Boolean,,TRUE,FALSE
system.gates.B_INT_HGRLAP,B_INT_HGRLAP,System.Boolean,,TRUE,FALSE
system.gates.B_INT_HGRLL,B_INT_HGRLL,System.Boolean,,TRUE,FALSE
system.gates.B_INT_HGROVHT,B_INT_HGROVHT,System.Boolean,,TRUE,FALSE
system.gates.B_INT_HGRTUP,B_INT_HGRTUP,System.Boolean,,TRUE,FALSE
system.gates.B_INT_HGSLP,B_INT_HGSLP,System.Boolean,,TRUE,FALSE
system.gates.B_INT_HPTUCOF,B_INT_HPTUCOF,System.Boolean,,TRUE,FALSE
system.gates.B_INT_HRATNFS,B_INT_HRATNFS,System.Boolean,,TRUE,FALSE
system.gates.B_INT_HYEPON,B_INT_HYEPON,System.Boolean,,TRUE,FALSE
system.gates.B_INT_HYEPOVHT,B_INT_HYEPOVHT,System.Boolean,,TRUE,FALSE
system.gates.B_INT_HYPLP,B_INT_HYPLP,System.Boolean,,TRUE,FALSE
system.gates.B_INT_HYRLAP,B_INT_HYRLAP,System.Boolean,,TRUE,FALSE
system.gates.B_INT_HYRLL,B_INT_HYRLL,System.Boolean,,TRUE,FALSE
system.gates.B_INT_HYROVHT,B_INT_HYROVHT,System.Boolean,,TRUE,FALSE
system.gates.B_INT_HYRTUP,B_INT_HYRTUP,System.Boolean,,TRUE,FALSE
system.gates.B_INT_HYSLP,B_INT_HYSLP,System.Boolean,,TRUE,FALSE
system.gates.B_INT_IE1AIVF,B_INT_IE1AIVF,System.Boolean,,TRUE,FALSE
system.gates.B_INT_IE1ID,B_INT_IE1ID,System.Boolean,,TRUE,FALSE
system.gates.B_INT_IE1SID,B_INT_IE1SID,System.Boolean,,TRUE,FALSE
system.gates.B_INT_IE2AIVF,B_INT_IE2AIVF,System.Boolean,,TRUE,FALSE
system.gates.B_INT_IE2ID,B_INT_IE2ID,System.Boolean,,TRUE,FALSE
system.gates.B_INT_IE2SID,B_INT_IE2SID,System.Boolean,,TRUE,FALSE
system.gates.B_INT_ILSFWF,B_INT_ILSFWF,System.Boolean,,TRUE,FALSE
system.gates.B_INT_ILWAILP,B_INT_ILWAILP,System.Boolean,,TRUE,FALSE
system.gates.B_INT_ILWAIVC,B_INT_ILWAIVC,System.Boolean,,TRUE,FALSE
system.gates.B_INT_ILWAIVC_VAL,B_INT_ILWAIVC_VAL,System.Boolean,,TRUE,FALSE
system.gates.B_INT_ILWF,B_INT_ILWF,System.Boolean,,TRUE,FALSE
system.gates.B_INT_IRSFWF,B_INT_IRSFWF,System.Boolean,,TRUE,FALSE
system.gates.B_INT_IRWAILP,B_INT_IRWAILP,System.Boolean,,TRUE,FALSE
system.gates.B_INT_IRWAIVC,B_INT_IRWAIVC,System.Boolean,,TRUE,FALSE
system.gates.B_INT_IRWAIVC_VAL,B_INT_IRWAIVC_VAL,System.Boolean,,TRUE,FALSE
system.gates.B_INT_IRWF,B_INT_IRWF,System.Boolean,,TRUE,FALSE
system.gates.B_INT_IWAION,B_INT_IWAION,System.Boolean,,TRUE,FALSE
system.gates.B_INT_IWAIPBON,B_INT_IWAIPBON,System.Boolean,,TRUE,FALSE
system.gates.B_INT_JC1AUTOTOGA,B_INT_JC1AUTOTOGA,System.Boolean,,TRUE,FALSE
system.gates.B_INT_JC2AUTOTOGA,B_INT_JC2AUTOTOGA,System.Boolean,,TRUE,FALSE
system.gates.B_INT_JE1_FADECF,B_INT_JE1_FADECF,System.Boolean,,TRUE,FALSE
system.gates.B_INT_JE12MCLC,B_INT_JE12MCLC,System.Boolean,,TRUE,FALSE
system.gates.B_INT_JE1AISON,B_INT_JE1AISON,System.Boolean,,TRUE,FALSE
system.gates.B_INT_JE1AUTOS,B_INT_JE1AUTOS,System.Boolean,,TRUE,FALSE
system.gates.B_INT_JE1CLB,B_INT_JE1CLB,System.Boolean,,TRUE,FALSE
system.gates.B_INT_JE1CONIGN,B_INT_JE1CONIGN,System.Boolean,,TRUE,FALSE
system.gates.B_INT_JE1DD,B_INT_JE1DD,System.Boolean,,TRUE,FALSE
system.gates.B_INT_JE1DRYCK,B_INT_JE1DRYCK,System.Boolean,,TRUE,FALSE
system.gates.B_INT_JE1DSL,B_INT_JE1DSL,System.Boolean,,TRUE,FALSE
system.gates.B_INT_JE1EGTAL,B_INT_JE1EGTAL,System.Boolean,,TRUE,FALSE
system.gates.B_INT_JE1EGTOR,B_INT_JE1EGTOR,System.Boolean,,TRUE,FALSE
system.gates.B_INT_JE1EGTOT,B_INT_JE1EGTOT,System.Boolean,,TRUE,FALSE
system.gates.B_INT_JE1EIUF1A,B_INT_JE1EIUF1A,System.Boolean,,TRUE,FALSE
system.gates.B_INT_JE1EIUF1B,B_INT_JE1EIUF1B,System.Boolean,,TRUE,FALSE
system.gates.B_INT_JE1ESI,B_INT_JE1ESI,System.Boolean,,TRUE,FALSE
system.gates.B_INT_JE1FDIP,B_INT_JE1FDIP,System.Boolean,,TRUE,FALSE
system.gates.B_INT_JE1FLEXMLS1A,B_INT_JE1FLEXMLS1A,System.Boolean,,TRUE,FALSE
system.gates.B_INT_JE1FLEXMLS1B,B_INT_JE1FLEXMLS1B,System.Boolean,,TRUE,FALSE
system.gates.B_INT_JE1FTRNS,B_INT_JE1FTRNS,System.Boolean,,TRUE,FALSE
system.gates.B_INT_JE1HPFVC,B_INT_JE1HPFVC,System.Boolean,,TRUE,FALSE
system.gates.B_INT_JE1HPFVFCFO,B_INT_JE1HPFVFCFO,System.Boolean,,TRUE,FALSE
system.gates.B_INT_JE1IDLE1A,B_INT_JE1IDLE1A,System.Boolean,,TRUE,FALSE
system.gates.B_INT_JE1IDLE1B,B_INT_JE1IDLE1B,System.Boolean,,TRUE,FALSE
system.gates.B_INT_JE1IS1F,B_INT_JE1IS1F,System.Boolean,,TRUE,FALSE
system.gates.B_INT_JE1IS2F,B_INT_JE1IS2F,System.Boolean,,TRUE,FALSE
system.gates.B_INT_JE1LIMSOFTGA,B_INT_JE1LIMSOFTGA,System.Boolean,,TRUE,FALSE
system.gates.B_INT_JE1MANUS,B_INT_JE1MANUS,System.Boolean,,TRUE,FALSE
system.gates.B_INT_JE1MAX,B_INT_JE1MAX,System.Boolean,,TRUE,FALSE
system.gates.B_INT_JE1MCT,B_INT_JE1MCT,System.Boolean,,TRUE,FALSE
system.gates.B_INT_JE1MINPWR1A,B_INT_JE1MINPWR1A,System.Boolean,,TRUE,FALSE
system.gates.B_INT_JE1MINPWR2A,B_INT_JE1MINPWR2A,System.Boolean,,TRUE,FALSE
system.gates.B_INT_JE1MSS,B_INT_JE1MSS,System.Boolean,,TRUE,FALSE
system.gates.B_INT_JE1N1OL,B_INT_JE1N1OL,System.Boolean,,TRUE,FALSE
system.gates.B_INT_JE1N2SUP,B_INT_JE1N2SUP,System.Boolean,,TRUE,FALSE
system.gates.B_INT_JE1NAIFC,B_INT_JE1NAIFC,System.Boolean,,TRUE,FALSE
system.gates.B_INT_JE1NAIFO,B_INT_JE1NAIFO,System.Boolean,,TRUE,FALSE
system.gates.B_INT_JE1NOLITE,B_INT_JE1NOLITE,System.Boolean,,TRUE,FALSE
system.gates.B_INT_JE1NORUN,B_INT_JE1NORUN,System.Boolean,,TRUE,FALSE
system.gates.B_INT_JE1NSINP,B_INT_JE1NSINP,System.Boolean,,TRUE,FALSE
system.gates.B_INT_JE1ODSL,B_INT_JE1ODSL,System.Boolean,,TRUE,FALSE
system.gates.B_INT_JE1OLP,B_INT_JE1OLP,System.Boolean,,TRUE,FALSE
system.gates.B_INT_JE1OOT,B_INT_JE1OOT,System.Boolean,,TRUE,FALSE
system.gates.B_INT_JE1OTAD,B_INT_JE1OTAD,System.Boolean,,TRUE,FALSE
system.gates.B_INT_JE1OVEGT,B_INT_JE1OVEGT,System.Boolean,,TRUE,FALSE
system.gates.B_INT_JE1OVTHRPREN,B_INT_JE1OVTHRPREN,System.Boolean,,TRUE,FALSE
system.gates.B_INT_JE1REV,B_INT_JE1REV,System.Boolean,,TRUE,FALSE
system.gates.B_INT_JE1REVI_1A,B_INT_JE1REVI_1A,System.Boolean,,TRUE,FALSE
system.gates.B_INT_JE1REVI_1B,B_INT_JE1REVI_1B,System.Boolean,,TRUE,FALSE
system.gates.B_INT_JE1REVIVFO_1A,B_INT_JE1REVIVFO_1A,System.Boolean,,TRUE,FALSE
system.gates.B_INT_JE1REVIVFO_1B,B_INT_JE1REVIVFO_1B,System.Boolean,,TRUE,FALSE
system.gates.B_INT_JE1SAVF,B_INT_JE1SAVF,System.Boolean,,TRUE,FALSE
system.gates.B_INT_JE1SAVOP,B_INT_JE1SAVOP,System.Boolean,,TRUE,FALSE
system.gates.B_INT_JE1SPDAI,B_INT_JE1SPDAI,System.Boolean,,TRUE,FALSE
system.gates.B_INT_JE1SPDAI_INV,B_INT_JE1SPDAI_INV,System.Boolean,,TRUE,FALSE
system.gates.B_INT_JE1SSTTD,B_INT_JE1SSTTD,System.Boolean,,TRUE,FALSE
system.gates.B_INT_JE1STAB,B_INT_JE1STAB,System.Boolean,,TRUE,FALSE
system.gates.B_INT_JE1STALL,B_INT_JE1STALL,System.Boolean,,TRUE,FALSE
system.gates.B_INT_JE1STED,B_INT_JE1STED,System.Boolean,,TRUE,FALSE
system.gates.B_INT_JE1TLAFTO,B_INT_JE1TLAFTO,System.Boolean,,TRUE,FALSE
system.gates.B_INT_JE1TLAII,B_INT_JE1TLAII,System.Boolean,,TRUE,FALSE
system.gates.B_INT_JE1TLANI,B_INT_JE1TLANI,System.Boolean,,TRUE,FALSE
system.gates.B_INT_JE1TLAR1A,B_INT_JE1TLAR1A,System.Boolean,,TRUE,FALSE
system.gates.B_INT_JE1TLAR1B,B_INT_JE1TLAR1B,System.Boolean,,TRUE,FALSE
system.gates.B_INT_JE1TLSULK_1A,B_INT_JE1TLSULK_1A,System.Boolean,,TRUE,FALSE
system.gates.B_INT_JE1TLSULK_1B,B_INT_JE1TLSULK_1B,System.Boolean,,TRUE,FALSE
system.gates.B_INT_JE1TOGAMLS1A,B_INT_JE1TOGAMLS1A,System.Boolean,,TRUE,FALSE
system.gates.B_INT_JE1TOGAMLS1B,B_INT_JE1TOGAMLS1B,System.Boolean,,TRUE,FALSE
system.gates.B_INT_JE1TRPR_1A,B_INT_JE1TRPR_1A,System.Boolean,,TRUE,FALSE
system.gates.B_INT_JE1TRPR_1B,B_INT_JE1TRPR_1B,System.Boolean,,TRUE,FALSE
system.gates.B_INT_JE1VLVCSTART,B_INT_JE1VLVCSTART,System.Boolean,,TRUE,FALSE
system.gates.B_INT_JE1XCDF_A,B_INT_JE1XCDF_A,System.Boolean,,TRUE,FALSE
system.gates.B_INT_JE1XCDF_B,B_INT_JE1XCDF_B,System.Boolean,,TRUE,FALSE
system.gates.B_INT_JE2_FADECF,B_INT_JE2_FADECF,System.Boolean,,TRUE,FALSE
system.gates.B_INT_JE2AISON,B_INT_JE2AISON,System.Boolean,,TRUE,FALSE
system.gates.B_INT_JE2AUTOS,B_INT_JE2AUTOS,System.Boolean,,TRUE,FALSE
system.gates.B_INT_JE2CLB,B_INT_JE2CLB,System.Boolean,,TRUE,FALSE
system.gates.B_INT_JE2CONIGN,B_INT_JE2CONIGN,System.Boolean,,TRUE,FALSE
system.gates.B_INT_JE2DD,B_INT_JE2DD,System.Boolean,,TRUE,FALSE
system.gates.B_INT_JE2DRYCK,B_INT_JE2DRYCK,System.Boolean,,TRUE,FALSE
system.gates.B_INT_JE2DSL,B_INT_JE2DSL,System.Boolean,,TRUE,FALSE
system.gates.B_INT_JE2EGTAL,B_INT_JE2EGTAL,System.Boolean,,TRUE,FALSE
system.gates.B_INT_JE2EGTOR,B_INT_JE2EGTOR,System.Boolean,,TRUE,FALSE
system.gates.B_INT_JE2EGTOT,B_INT_JE2EGTOT,System.Boolean,,TRUE,FALSE
system.gates.B_INT_JE2EIUF2A,B_INT_JE2EIUF2A,System.Boolean,,TRUE,FALSE
system.gates.B_INT_JE2EIUF2B,B_INT_JE2EIUF2B,System.Boolean,,TRUE,FALSE
system.gates.B_INT_JE2ESI,B_INT_JE2ESI,System.Boolean,,TRUE,FALSE
system.gates.B_INT_JE2FDIP,B_INT_JE2FDIP,System.Boolean,,TRUE,FALSE
system.gates.B_INT_JE2FLEXMLS2A,B_INT_JE2FLEXMLS2A,System.Boolean,,TRUE,FALSE
system.gates.B_INT_JE2FLEXMLS2B,B_INT_JE2FLEXMLS2B,System.Boolean,,TRUE,FALSE
system.gates.B_INT_JE2FTRNS,B_INT_JE2FTRNS,System.Boolean,,TRUE,FALSE
system.gates.B_INT_JE2HPFVC,B_INT_JE2HPFVC,System.Boolean,,TRUE,FALSE
system.gates.B_INT_JE2HPFVFCFO,B_INT_JE2HPFVFCFO,System.Boolean,,TRUE,FALSE
system.gates.B_INT_JE2IDLE2A,B_INT_JE2IDLE2A,System.Boolean,,TRUE,FALSE
system.gates.B_INT_JE2IDLE2B,B_INT_JE2IDLE2B,System.Boolean,,TRUE,FALSE
system.gates.B_INT_JE2IS1F,B_INT_JE2IS1F,System.Boolean,,TRUE,FALSE
system.gates.B_INT_JE2IS2F,B_INT_JE2IS2F,System.Boolean,,TRUE,FALSE
system.gates.B_INT_JE2LIMSOFTGA,B_INT_JE2LIMSOFTGA,System.Boolean,,TRUE,FALSE
system.gates.B_INT_JE2MANUS,B_INT_JE2MANUS,System.Boolean,,TRUE,FALSE
system.gates.B_INT_JE2MAX,B_INT_JE2MAX,System.Boolean,,TRUE,FALSE
system.gates.B_INT_JE2MCT,B_INT_JE2MCT,System.Boolean,,TRUE,FALSE
system.gates.B_INT_JE2MINPWR1A,B_INT_JE2MINPWR1A,System.Boolean,,TRUE,FALSE
system.gates.B_INT_JE2MINPWR2A,B_INT_JE2MINPWR2A,System.Boolean,,TRUE,FALSE
system.gates.B_INT_JE2MSS,B_INT_JE2MSS,System.Boolean,,TRUE,FALSE
system.gates.B_INT_JE2N1OL,B_INT_JE2N1OL,System.Boolean,,TRUE,FALSE
system.gates.B_INT_JE2N2SUP,B_INT_JE2N2SUP,System.Boolean,,TRUE,FALSE
system.gates.B_INT_JE2NAIFC,B_INT_JE2NAIFC,System.Boolean,,TRUE,FALSE
system.gates.B_INT_JE2NAIFO,B_INT_JE2NAIFO,System.Boolean,,TRUE,FALSE
system.gates.B_INT_JE2NOLITE,B_INT_JE2NOLITE,System.Boolean,,TRUE,FALSE
system.gates.B_INT_JE2NORUN,B_INT_JE2NORUN,System.Boolean,,TRUE,FALSE
system.gates.B_INT_JE2NSINP,B_INT_JE2NSINP,System.Boolean,,TRUE,FALSE
system.gates.B_INT_JE2ODSL,B_INT_JE2ODSL,System.Boolean,,TRUE,FALSE
system.gates.B_INT_JE2OLP,B_INT_JE2OLP,System.Boolean,,TRUE,FALSE
system.gates.B_INT_JE2OOT,B_INT_JE2OOT,System.Boolean,,TRUE,FALSE
system.gates.B_INT_JE2OTAD,B_INT_JE2OTAD,System.Boolean,,TRUE,FALSE
system.gates.B_INT_JE2OVEGT,B_INT_JE2OVEGT,System.Boolean,,TRUE,FALSE
system.gates.B_INT_JE2OVTHRPREN,B_INT_JE2OVTHRPREN,System.Boolean,,TRUE,FALSE
system.gates.B_INT_JE2REV,B_INT_JE2REV,System.Boolean,,TRUE,FALSE
system.gates.B_INT_JE2REVI_2A,B_INT_JE2REVI_2A,System.Boolean,,TRUE,FALSE
system.gates.B_INT_JE2REVI_2B,B_INT_JE2REVI_2B,System.Boolean,,TRUE,FALSE
system.gates.B_INT_JE2REVIVFO_1A,B_INT_JE2REVIVFO_1A,System.Boolean,,TRUE,FALSE
system.gates.B_INT_JE2REVIVFO_1B,B_INT_JE2REVIVFO_1B,System.Boolean,,TRUE,FALSE
system.gates.B_INT_JE2SAVF,B_INT_JE2SAVF,System.Boolean,,TRUE,FALSE
system.gates.B_INT_JE2SAVOP,B_INT_JE2SAVOP,System.Boolean,,TRUE,FALSE
system.gates.B_INT_JE2SPDAI,B_INT_JE2SPDAI,System.Boolean,,TRUE,FALSE
system.gates.B_INT_JE2SPDAI_INV,B_INT_JE2SPDAI_INV,System.Boolean,,TRUE,FALSE
system.gates.B_INT_JE2SSTTD,B_INT_JE2SSTTD,System.Boolean,,TRUE,FALSE
system.gates.B_INT_JE2STAB,B_INT_JE2STAB,System.Boolean,,TRUE,FALSE
system.gates.B_INT_JE2STALL,B_INT_JE2STALL,System.Boolean,,TRUE,FALSE
system.gates.B_INT_JE2STED,B_INT_JE2STED,System.Boolean,,TRUE,FALSE
system.gates.B_INT_JE2TLAFTO,B_INT_JE2TLAFTO,System.Boolean,,TRUE,FALSE
system.gates.B_INT_JE2TLAII,B_INT_JE2TLAII,System.Boolean,,TRUE,FALSE
system.gates.B_INT_JE2TLANI,B_INT_JE2TLANI,System.Boolean,,TRUE,FALSE
system.gates.B_INT_JE2TLAR2A,B_INT_JE2TLAR2A,System.Boolean,,TRUE,FALSE
system.gates.B_INT_JE2TLAR2B,B_INT_JE2TLAR2B,System.Boolean,,TRUE,FALSE
system.gates.B_INT_JE2TLSULK_2A,B_INT_JE2TLSULK_2A,System.Boolean,,TRUE,FALSE
system.gates.B_INT_JE2TLSULK_2B,B_INT_JE2TLSULK_2B,System.Boolean,,TRUE,FALSE
system.gates.B_INT_JE2TOGAMLS2A,B_INT_JE2TOGAMLS2A,System.Boolean,,TRUE,FALSE
system.gates.B_INT_JE2TOGAMLS2B,B_INT_JE2TOGAMLS2B,System.Boolean,,TRUE,FALSE
system.gates.B_INT_JE2TRPR_2A,B_INT_JE2TRPR_2A,System.Boolean,,TRUE,FALSE
system.gates.B_INT_JE2TRPR_2B,B_INT_JE2TRPR_2B,System.Boolean,,TRUE,FALSE
system.gates.B_INT_JE2VLVCSTART,B_INT_JE2VLVCSTART,System.Boolean,,TRUE,FALSE
system.gates.B_INT_JE2XCDF_A,B_INT_JE2XCDF_A,System.Boolean,,TRUE,FALSE
system.gates.B_INT_JE2XCDF_B,B_INT_JE2XCDF_B,System.Boolean,,TRUE,FALSE
system.gates.B_INT_JEDTOFINST,B_INT_JEDTOFINST,System.Boolean,,TRUE,FALSE
system.gates.B_INT_JETLAMCTDTOS1A,B_INT_JETLAMCTDTOS1A,System.Boolean,,TRUE,FALSE
system.gates.B_INT_JETLAMCTDTOS1B,B_INT_JETLAMCTDTOS1B,System.Boolean,,TRUE,FALSE
system.gates.B_INT_JETLAMCTDTOS2A,B_INT_JETLAMCTDTOS2A,System.Boolean,,TRUE,FALSE
system.gates.B_INT_JETLAMCTDTOS2B,B_INT_JETLAMCTDTOS2B,System.Boolean,,TRUE,FALSE
system.gates.B_INT_JI1AIDLE,B_INT_JI1AIDLE,System.Boolean,,TRUE,FALSE
system.gates.B_INT_JI1AUTOST,B_INT_JI1AUTOST,System.Boolean,,TRUE,FALSE
system.gates.B_INT_JI1AUTOTOGA,B_INT_JI1AUTOTOGA,System.Boolean,,TRUE,FALSE
system.gates.B_INT_JI1BUP,B_INT_JI1BUP,System.Boolean,,TRUE,FALSE
system.gates.B_INT_JI1BUU,B_INT_JI1BUU,System.Boolean,,TRUE,FALSE
system.gates.B_INT_JI1CONTIGN,B_INT_JI1CONTIGN,System.Boolean,,TRUE,FALSE
system.gates.B_INT_JI1EGTAL,B_INT_JI1EGTAL,System.Boolean,,TRUE,FALSE
system.gates.B_INT_JI1FVDG,B_INT_JI1FVDG,System.Boolean,,TRUE,FALSE
system.gates.B_INT_JI1FVFD,B_INT_JI1FVFD,System.Boolean,,TRUE,FALSE
system.gates.B_INT_JI1FVP,B_INT_JI1FVP,System.Boolean,,TRUE,FALSE
system.gates.B_INT_JI1HOTST,B_INT_JI1HOTST,System.Boolean,,TRUE,FALSE
system.gates.B_INT_JI1MANST,B_INT_JI1MANST,System.Boolean,,TRUE,FALSE
system.gates.B_INT_JI1MINPWR,B_INT_JI1MINPWR,System.Boolean,,TRUE,FALSE
system.gates.B_INT_JI1N1MDS,B_INT_JI1N1MDS,System.Boolean,,TRUE,FALSE
system.gates.B_INT_JI1REVD,B_INT_JI1REVD,System.Boolean,,TRUE,FALSE
system.gates.B_INT_JI1STALL,B_INT_JI1STALL,System.Boolean,,TRUE,FALSE
system.gates.B_INT_JI1THRLK,B_INT_JI1THRLK,System.Boolean,,TRUE,FALSE
system.gates.B_INT_JI1TRMDB19,B_INT_JI1TRMDB19,System.Boolean,,TRUE,FALSE
system.gates.B_INT_JI1TRMDB20,B_INT_JI1TRMDB20,System.Boolean,,TRUE,FALSE
system.gates.B_INT_JI1TRMDB21,B_INT_JI1TRMDB21,System.Boolean,,TRUE,FALSE
system.gates.B_INT_JI2AIDLE,B_INT_JI2AIDLE,System.Boolean,,TRUE,FALSE
system.gates.B_INT_JI2AUTOST,B_INT_JI2AUTOST,System.Boolean,,TRUE,FALSE
system.gates.B_INT_JI2AUTOTOGA,B_INT_JI2AUTOTOGA,System.Boolean,,TRUE,FALSE
system.gates.B_INT_JI2BUP,B_INT_JI2BUP,System.Boolean,,TRUE,FALSE
system.gates.B_INT_JI2BUU,B_INT_JI2BUU,System.Boolean,,TRUE,FALSE
system.gates.B_INT_JI2CONTIGN,B_INT_JI2CONTIGN,System.Boolean,,TRUE,FALSE
system.gates.B_INT_JI2EGTAL,B_INT_JI2EGTAL,System.Boolean,,TRUE,FALSE
system.gates.B_INT_JI2FVDG,B_INT_JI2FVDG,System.Boolean,,TRUE,FALSE
system.gates.B_INT_JI2FVFD,B_INT_JI2FVFD,System.Boolean,,TRUE,FALSE
system.gates.B_INT_JI2FVP,B_INT_JI2FVP,System.Boolean,,TRUE,FALSE
system.gates.B_INT_JI2HOTST,B_INT_JI2HOTST,System.Boolean,,TRUE,FALSE
system.gates.B_INT_JI2MANST,B_INT_JI2MANST,System.Boolean,,TRUE,FALSE
system.gates.B_INT_JI2MINPWR,B_INT_JI2MINPWR,System.Boolean,,TRUE,FALSE
system.gates.B_INT_JI2N1MDS,B_INT_JI2N1MDS,System.Boolean,,TRUE,FALSE
system.gates.B_INT_JI2REVD,B_INT_JI2REVD,System.Boolean,,TRUE,FALSE
system.gates.B_INT_JI2STALL,B_INT_JI2STALL,System.Boolean,,TRUE,FALSE
system.gates.B_INT_JI2THRLK,B_INT_JI2THRLK,System.Boolean,,TRUE,FALSE
system.gates.B_INT_JI2TRMDB19,B_INT_JI2TRMDB19,System.Boolean,,TRUE,FALSE
system.gates.B_INT_JI2TRMDB20,B_INT_JI2TRMDB20,System.Boolean,,TRUE,FALSE
system.gates.B_INT_JI2TRMDB21,B_INT_JI2TRMDB21,System.Boolean,,TRUE,FALSE
system.gates.B_INT_JIDTOSEL,B_INT_JIDTOSEL,System.Boolean,,TRUE,FALSE
system.gates.B_INT_JML1OFF,B_INT_JML1OFF,System.Boolean,,TRUE,FALSE
system.gates.B_INT_JML1ON,B_INT_JML1ON,System.Boolean,,TRUE,FALSE
system.gates.B_INT_JML1ON_VAL,B_INT_JML1ON_VAL,System.Boolean,,TRUE,FALSE
system.gates.B_INT_JML2OFF,B_INT_JML2OFF,System.Boolean,,TRUE,FALSE
system.gates.B_INT_JML2ON,B_INT_JML2ON,System.Boolean,,TRUE,FALSE
system.gates.B_INT_JML2ON_VAL,B_INT_JML2ON_VAL,System.Boolean,,TRUE,FALSE
system.gates.B_INT_JP1NHPWCOIL,B_INT_JP1NHPWCOIL,System.Boolean,,TRUE,FALSE
system.gates.B_INT_JP1OVTHRON,B_INT_JP1OVTHRON,System.Boolean,,TRUE,FALSE
system.gates.B_INT_JP1TOCOIL,B_INT_JP1TOCOIL,System.Boolean,,TRUE,FALSE
system.gates.B_INT_JP2NHPWCOIL,B_INT_JP2NHPWCOIL,System.Boolean,,TRUE,FALSE
system.gates.B_INT_JP2OVTHRON,B_INT_JP2OVTHRON,System.Boolean,,TRUE,FALSE
system.gates.B_INT_JP2TOCOIL,B_INT_JP2TOCOIL,System.Boolean,,TRUE,FALSE
system.gates.B_INT_KAFLRCMD,B_INT_KAFLRCMD,System.Boolean,,TRUE,FALSE
system.gates.B_INT_KALTSC,B_INT_KALTSC,System.Boolean,,TRUE,FALSE
system.gates.B_INT_KAP1EC,B_INT_KAP1EC,System.Boolean,,TRUE,FALSE
system.gates.B_INT_KAP2EC,B_INT_KAP2EC,System.Boolean,,TRUE,FALSE
system.gates.B_INT_KAPI1,B_INT_KAPI1,System.Boolean,,TRUE,FALSE
system.gates.B_INT_KAPI2,B_INT_KAPI2,System.Boolean,,TRUE,FALSE
system.gates.B_INT_KAPTCASRANU,B_INT_KAPTCASRANU,System.Boolean,,TRUE,FALSE
system.gates.B_INT_KATHRE,B_INT_KATHRE,System.Boolean,,TRUE,FALSE
system.gates.B_INT_KATHRINOP,B_INT_KATHRINOP,System.Boolean,,TRUE,FALSE
system.gates.B_INT_KATHRLIM,B_INT_KATHRLIM,System.Boolean,,TRUE,FALSE
system.gates.B_INT_KBAQCONF1,B_INT_KBAQCONF1,System.Boolean,,TRUE,FALSE
system.gates.B_INT_KBAQCONF2,B_INT_KBAQCONF2,System.Boolean,,TRUE,FALSE
system.gates.B_INT_KCCE,B_INT_KCCE,System.Boolean,,TRUE,FALSE
system.gates.B_INT_KFACNOH1,B_INT_KFACNOH1,System.Boolean,,TRUE,FALSE
system.gates.B_INT_KFACNOH2,B_INT_KFACNOH2,System.Boolean,,TRUE,FALSE
system.gates.B_INT_KFCU1H,B_INT_KFCU1H,System.Boolean,,TRUE,FALSE
system.gates.B_INT_KFCU2H,B_INT_KFCU2H,System.Boolean,,TRUE,FALSE
system.gates.B_INT_KFD1SEL,B_INT_KFD1SEL,System.Boolean,,TRUE,FALSE
system.gates.B_INT_KFD2SEL,B_INT_KFD2SEL,System.Boolean,,TRUE,FALSE
system.gates.B_INT_KFDENGD1,B_INT_KFDENGD1,System.Boolean,,TRUE,FALSE
system.gates.B_INT_KFDENGD2,B_INT_KFDENGD2,System.Boolean,,TRUE,FALSE
system.gates.B_INT_KFIDES,B_INT_KFIDES,System.Boolean,,TRUE,FALSE
system.gates.B_INT_KGSM,B_INT_KGSM,System.Boolean,,TRUE,FALSE
system.gates.B_INT_KID1APE,B_INT_KID1APE,System.Boolean,,TRUE,FALSE
system.gates.B_INT_KID1ATSE,B_INT_KID1ATSE,System.Boolean,,TRUE,FALSE
system.gates.B_INT_KID2APE,B_INT_KID2APE,System.Boolean,,TRUE,FALSE
system.gates.B_INT_KID2ATSE,B_INT_KID2ATSE,System.Boolean,,TRUE,FALSE
system.gates.B_INT_KL2C,B_INT_KL2C,System.Boolean,,TRUE,FALSE
system.gates.B_INT_KL2I,B_INT_KL2I,System.Boolean,,TRUE,FALSE
system.gates.B_INT_KL3FOC,B_INT_KL3FOC,System.Boolean,,TRUE,FALSE
system.gates.B_INT_KL3FOI,B_INT_KL3FOI,System.Boolean,,TRUE,FALSE
system.gates.B_INT_KL3FPC,B_INT_KL3FPC,System.Boolean,,TRUE,FALSE
system.gates.B_INT_KL3FPI,B_INT_KL3FPI,System.Boolean,,TRUE,FALSE
system.gates.B_INT_KLANDA_1,B_INT_KLANDA_1,System.Boolean,,TRUE,FALSE
system.gates.B_INT_KLANDA_2,B_INT_KLANDA_2,System.Boolean,,TRUE,FALSE
system.gates.B_INT_KLONRJ1,B_INT_KLONRJ1,System.Boolean,,TRUE,FALSE
system.gates.B_INT_KLONRJ2,B_INT_KLONRJ2,System.Boolean,,TRUE,FALSE
system.gates.B_INT_KLTRKM_1,B_INT_KLTRKM_1,System.Boolean,,TRUE,FALSE
system.gates.B_INT_KLTRKM_2,B_INT_KLTRKM_2,System.Boolean,,TRUE,FALSE
system.gates.B_INT_KMODCHG,B_INT_KMODCHG,System.Boolean,,TRUE,FALSE
system.gates.B_INT_KPITCHGEN,B_INT_KPITCHGEN,System.Boolean,,TRUE,FALSE
system.gates.B_INT_KPITCHREQ1,B_INT_KPITCHREQ1,System.Boolean,,TRUE,FALSE
system.gates.B_INT_KPITCHREQ2,B_INT_KPITCHREQ2,System.Boolean,,TRUE,FALSE
system.gates.B_INT_KRTLLC1,B_INT_KRTLLC1,System.Boolean,,TRUE,FALSE
system.gates.B_INT_KRTLLC1_VAL,B_INT_KRTLLC1_VAL,System.Boolean,,TRUE,FALSE
system.gates.B_INT_KRTLLC2,B_INT_KRTLLC2,System.Boolean,,TRUE,FALSE
system.gates.B_INT_KRTLLC2_VAL,B_INT_KRTLLC2_VAL,System.Boolean,,TRUE,FALSE
system.gates.B_INT_KRUDLC1,B_INT_KRUDLC1,System.Boolean,,TRUE,FALSE
system.gates.B_INT_KRUDLC1_VAL,B_INT_KRUDLC1_VAL,System.Boolean,,TRUE,FALSE
system.gates.B_INT_KRUDLC2,B_INT_KRUDLC2,System.Boolean,,TRUE,FALSE
system.gates.B_INT_KRUDLC2_VAL,B_INT_KRUDLC2_VAL,System.Boolean,,TRUE,FALSE
system.gates.B_INT_KSPEEDGEN,B_INT_KSPEEDGEN,System.Boolean,,TRUE,FALSE
system.gates.B_INT_KSTOPRIGEN,B_INT_KSTOPRIGEN,System.Boolean,,TRUE,FALSE
system.gates.B_INT_KSTOPRUDI1,B_INT_KSTOPRUDI1,System.Boolean,,TRUE,FALSE
system.gates.B_INT_KSTOPRUDI2,B_INT_KSTOPRUDI2,System.Boolean,,TRUE,FALSE
system.gates.B_INT_KTCASENG,B_INT_KTCASENG,System.Boolean,,TRUE,FALSE
system.gates.B_INT_KTOSPDNI_1,B_INT_KTOSPDNI_1,System.Boolean,,TRUE,FALSE
system.gates.B_INT_KTOSPDNI_2,B_INT_KTOSPDNI_2,System.Boolean,,TRUE,FALSE
system.gates.B_INT_KTRKM_1,B_INT_KTRKM_1,System.Boolean,,TRUE,FALSE
system.gates.B_INT_KTRKM_2,B_INT_KTRKM_2,System.Boolean,,TRUE,FALSE
system.gates.B_INT_KTUNDIS_1,B_INT_KTUNDIS_1,System.Boolean,,TRUE,FALSE
system.gates.B_INT_KTUNDIS_2,B_INT_KTUNDIS_2,System.Boolean,,TRUE,FALSE
system.gates.B_INT_KWINDSD1,B_INT_KWINDSD1,System.Boolean,,TRUE,FALSE
system.gates.B_INT_KWINDSD2,B_INT_KWINDSD2,System.Boolean,,TRUE,FALSE
system.gates.B_INT_KWINDSDV1,B_INT_KWINDSDV1,System.Boolean,,TRUE,FALSE
system.gates.B_INT_KWINDSDV1_VAL,B_INT_KWINDSDV1_VAL,System.Boolean,,TRUE,FALSE
system.gates.B_INT_KWINDSDV2,B_INT_KWINDSDV2,System.Boolean,,TRUE,FALSE
system.gates.B_INT_KWINDSDV2_VAL,B_INT_KWINDSDV2_VAL,System.Boolean,,TRUE,FALSE
system.gates.B_INT_KWINDSGEN,B_INT_KWINDSGEN,System.Boolean,,TRUE,FALSE
system.gates.B_INT_KYAWLC1,B_INT_KYAWLC1,System.Boolean,,TRUE,FALSE
system.gates.B_INT_KYAWLC2,B_INT_KYAWLC2,System.Boolean,,TRUE,FALSE
system.gates.B_INT_LLLEXT,B_INT_LLLEXT,System.Boolean,,TRUE,FALSE
system.gates.B_INT_LRLEXT,B_INT_LRLEXT,System.Boolean,,TRUE,FALSE
system.gates.B_INT_NADR1FT,B_INT_NADR1FT,System.Boolean,,TRUE,FALSE
system.gates.B_INT_NADR1FT_VAL,B_INT_NADR1FT_VAL,System.Boolean,,TRUE,FALSE
system.gates.B_INT_NADR2FT,B_INT_NADR2FT,System.Boolean,,TRUE,FALSE
system.gates.B_INT_NADR2FT_VAL,B_INT_NADR2FT_VAL,System.Boolean,,TRUE,FALSE
system.gates.B_INT_NADR3FT,B_INT_NADR3FT,System.Boolean,,TRUE,FALSE
system.gates.B_INT_NADR3FT_VAL,B_INT_NADR3FT_VAL,System.Boolean,,TRUE,FALSE
system.gates.B_INT_NADR3UL,B_INT_NADR3UL,System.Boolean,,TRUE,FALSE
system.gates.B_INT_NADR3UR,B_INT_NADR3UR,System.Boolean,,TRUE,FALSE
system.gates.B_INT_NALPHC_1_FT,B_INT_NALPHC_1_FT,System.Boolean,,TRUE,FALSE
system.gates.B_INT_NALPHC_2_FT,B_INT_NALPHC_2_FT,System.Boolean,,TRUE,FALSE
system.gates.B_INT_NALPHC_3_FT,B_INT_NALPHC_3_FT,System.Boolean,,TRUE,FALSE
system.gates.B_INT_NALPHIR_INV_1,B_INT_NALPHIR_INV_1,System.Boolean,,TRUE,FALSE
system.gates.B_INT_NALPHIR_INV_2,B_INT_NALPHIR_INV_2,System.Boolean,,TRUE,FALSE
system.gates.B_INT_NALPHIR_INV_3,B_INT_NALPHIR_INV_3,System.Boolean,,TRUE,FALSE
system.gates.B_INT_NALTINV,B_INT_NALTINV,System.Boolean,,TRUE,FALSE
system.gates.B_INT_NALTINV1,B_INT_NALTINV1,System.Boolean,,TRUE,FALSE
system.gates.B_INT_NALTINV2,B_INT_NALTINV2,System.Boolean,,TRUE,FALSE
system.gates.B_INT_NALTINV3,B_INT_NALTINV3,System.Boolean,,TRUE,FALSE
system.gates.B_INT_NBAROSEL1,B_INT_NBAROSEL1,System.Boolean,,TRUE,FALSE
system.gates.B_INT_NBAROSEL2,B_INT_NBAROSEL2,System.Boolean,,TRUE,FALSE
system.gates.B_INT_NBAROSEL3,B_INT_NBAROSEL3,System.Boolean,,TRUE,FALSE
system.gates.B_INT_NBAROSEL4,B_INT_NBAROSEL4,System.Boolean,,TRUE,FALSE
system.gates.B_INT_NCAPHF,B_INT_NCAPHF,System.Boolean,,TRUE,FALSE
system.gates.B_INT_NCAS_NCD,B_INT_NCAS_NCD,System.Boolean,,TRUE,FALSE
system.gates.B_INT_NCAS_NCD_1,B_INT_NCAS_NCD_1,System.Boolean,,TRUE,FALSE
system.gates.B_INT_NCAS_NCD_2,B_INT_NCAS_NCD_2,System.Boolean,,TRUE,FALSE
system.gates.B_INT_NCAS_NCD_3,B_INT_NCAS_NCD_3,System.Boolean,,TRUE,FALSE
system.gates.B_INT_NCLSPHF,B_INT_NCLSPHF,System.Boolean,,TRUE,FALSE
system.gates.B_INT_NCPPHF,B_INT_NCPPHF,System.Boolean,,TRUE,FALSE
system.gates.B_INT_NCRSPHF,B_INT_NCRSPHF,System.Boolean,,TRUE,FALSE
system.gates.B_INT_NCTPHF,B_INT_NCTPHF,System.Boolean,,TRUE,FALSE
system.gates.B_INT_NDINV,B_INT_NDINV,System.Boolean,,TRUE,FALSE
system.gates.B_INT_NDMCLQFE,B_INT_NDMCLQFE,System.Boolean,,TRUE,FALSE
system.gates.B_INT_NDMCLQNH,B_INT_NDMCLQNH,System.Boolean,,TRUE,FALSE
system.gates.B_INT_NDMCLS,B_INT_NDMCLS,System.Boolean,,TRUE,FALSE
system.gates.B_INT_NDMCRQFE,B_INT_NDMCRQFE,System.Boolean,,TRUE,FALSE
system.gates.B_INT_NDMCRQNH,B_INT_NDMCRQNH,System.Boolean,,TRUE,FALSE
system.gates.B_INT_NDMCRS,B_INT_NDMCRS,System.Boolean,,TRUE,FALSE
system.gates.B_INT_NFLP0MCDU,B_INT_NFLP0MCDU,System.Boolean,,TRUE,FALSE
system.gates.B_INT_NFLP1MCDU,B_INT_NFLP1MCDU,System.Boolean,,TRUE,FALSE
system.gates.B_INT_NFLP2MCDU,B_INT_NFLP2MCDU,System.Boolean,,TRUE,FALSE
system.gates.B_INT_NFLP3MCDU,B_INT_NFLP3MCDU,System.Boolean,,TRUE,FALSE
system.gates.B_INT_NFOAPHF,B_INT_NFOAPHF,System.Boolean,,TRUE,FALSE
system.gates.B_INT_NFOLSPHF,B_INT_NFOLSPHF,System.Boolean,,TRUE,FALSE
system.gates.B_INT_NFOPPHF,B_INT_NFOPPHF,System.Boolean,,TRUE,FALSE
system.gates.B_INT_NFORSPHF,B_INT_NFORSPHF,System.Boolean,,TRUE,FALSE
system.gates.B_INT_NFOTPHF,B_INT_NFOTPHF,System.Boolean,,TRUE,FALSE
system.gates.B_INT_NGLDDEV_1,B_INT_NGLDDEV_1,System.Boolean,,TRUE,FALSE
system.gates.B_INT_NGLDDEV_2,B_INT_NGLDDEV_2,System.Boolean,,TRUE,FALSE
system.gates.B_INT_NGLS1MODLSB,B_INT_NGLS1MODLSB,System.Boolean,,TRUE,FALSE
system.gates.B_INT_NGLS1MODMSB,B_INT_NGLS1MODMSB,System.Boolean,,TRUE,FALSE
system.gates.B_INT_NGLS2MODLSB,B_INT_NGLS2MODLSB,System.Boolean,,TRUE,FALSE
system.gates.B_INT_NGLS2MODMSB,B_INT_NGLS2MODMSB,System.Boolean,,TRUE,FALSE
system.gates.B_INT_NGPS1FA,B_INT_NGPS1FA,System.Boolean,,TRUE,FALSE
system.gates.B_INT_NGPS2FA,B_INT_NGPS2FA,System.Boolean,,TRUE,FALSE
system.gates.B_INT_NGPSPL,B_INT_NGPSPL,System.Boolean,,TRUE,FALSE
system.gates.B_INT_NGPWSF,B_INT_NGPWSF,System.Boolean,,TRUE,FALSE
system.gates.B_INT_NGPWSFMOF,B_INT_NGPWSFMOF,System.Boolean,,TRUE,FALSE
system.gates.B_INT_NGPWSM,B_INT_NGPWSM,System.Boolean,,TRUE,FALSE
system.gates.B_INT_NGPWSTERRDF,B_INT_NGPWSTERRDF,System.Boolean,,TRUE,FALSE
system.gates.B_INT_NGPWSTPBOF,B_INT_NGPWSTPBOF,System.Boolean,,TRUE,FALSE
system.gates.B_INT_NGSVA,B_INT_NGSVA,System.Boolean,,TRUE,FALSE
system.gates.B_INT_NHUNABGEN,B_INT_NHUNABGEN,System.Boolean,,TRUE,FALSE
system.gates.B_INT_NIA,B_INT_NIA,System.Boolean,,TRUE,FALSE
system.gates.B_INT_NIAS1F1,B_INT_NIAS1F1,System.Boolean,,TRUE,FALSE
system.gates.B_INT_NIAS2F1,B_INT_NIAS2F1,System.Boolean,,TRUE,FALSE
system.gates.B_INT_NIAS3F1,B_INT_NIAS3F1,System.Boolean,,TRUE,FALSE
system.gates.B_INT_NIASSINV,B_INT_NIASSINV,System.Boolean,,TRUE,FALSE
system.gates.B_INT_NILS1MODLSB,B_INT_NILS1MODLSB,System.Boolean,,TRUE,FALSE
system.gates.B_INT_NILS1MODLSB_INV,B_INT_NILS1MODLSB_INV,System.Boolean,,TRUE,FALSE
system.gates.B_INT_NILS1MODMSB,B_INT_NILS1MODMSB,System.Boolean,,TRUE,FALSE
system.gates.B_INT_NILS2MODLSB,B_INT_NILS2MODLSB,System.Boolean,,TRUE,FALSE
system.gates.B_INT_NILS2MODLSB_INV,B_INT_NILS2MODLSB_INV,System.Boolean,,TRUE,FALSE
system.gates.B_INT_NILS2MODMSB,B_INT_NILS2MODMSB,System.Boolean,,TRUE,FALSE
system.gates.B_INT_NIRS1AL,B_INT_NIRS1AL,System.Boolean,,TRUE,FALSE
system.gates.B_INT_NIRS1F,B_INT_NIRS1F,System.Boolean,,TRUE,FALSE
system.gates.B_INT_NIRS2AL,B_INT_NIRS2AL,System.Boolean,,TRUE,FALSE
system.gates.B_INT_NIRS2F,B_INT_NIRS2F,System.Boolean,,TRUE,FALSE
system.gates.B_INT_NIRS3AL,B_INT_NIRS3AL,System.Boolean,,TRUE,FALSE
system.gates.B_INT_NIRS3F,B_INT_NIRS3F,System.Boolean,,TRUE,FALSE
system.gates.B_INT_NIRSALG,B_INT_NIRSALG,System.Boolean,,TRUE,FALSE
system.gates.B_INT_NLADR1F,B_INT_NLADR1F,System.Boolean,,TRUE,FALSE
system.gates.B_INT_NLADR2F,B_INT_NLADR2F,System.Boolean,,TRUE,FALSE
system.gates.B_INT_NLOCDEV_1,B_INT_NLOCDEV_1,System.Boolean,,TRUE,FALSE
system.gates.B_INT_NLOCDEV_2,B_INT_NLOCDEV_2,System.Boolean,,TRUE,FALSE
system.gates.B_INT_NLS1SELMODNOTFT,B_INT_NLS1SELMODNOTFT,System.Boolean,,TRUE,FALSE
system.gates.B_INT_NLS2SELMODNOTFT,B_INT_NLS2SELMODNOTFT,System.Boolean,,TRUE,FALSE
system.gates.B_INT_NMHC,B_INT_NMHC,System.Boolean,,TRUE,FALSE
system.gates.B_INT_NMINGEN,B_INT_NMINGEN,System.Boolean,,TRUE,FALSE
system.gates.B_INT_NPC1,B_INT_NPC1,System.Boolean,,TRUE,FALSE
system.gates.B_INT_NPC2,B_INT_NPC2,System.Boolean,,TRUE,FALSE
system.gates.B_INT_NPREDWSDF,B_INT_NPREDWSDF,System.Boolean,,TRUE,FALSE
system.gates.B_INT_NPREDWSOF,B_INT_NPREDWSOF,System.Boolean,,TRUE,FALSE
system.gates.B_INT_NRADH1_INV,B_INT_NRADH1_INV,System.Boolean,,TRUE,FALSE
system.gates.B_INT_NRADH1_NCD,B_INT_NRADH1_NCD,System.Boolean,,TRUE,FALSE
system.gates.B_INT_NRADH1_NO,B_INT_NRADH1_NO,System.Boolean,,TRUE,FALSE
system.gates.B_INT_NRADH2_INV,B_INT_NRADH2_INV,System.Boolean,,TRUE,FALSE
system.gates.B_INT_NRADH2_NCD,B_INT_NRADH2_NCD,System.Boolean,,TRUE,FALSE
system.gates.B_INT_NRADH2_NO,B_INT_NRADH2_NO,System.Boolean,,TRUE,FALSE
system.gates.B_INT_NRADR1F,B_INT_NRADR1F,System.Boolean,,TRUE,FALSE
system.gates.B_INT_NRADR2F,B_INT_NRADR2F,System.Boolean,,TRUE,FALSE
system.gates.B_INT_NRC1,B_INT_NRC1,System.Boolean,,TRUE,FALSE
system.gates.B_INT_NRC2,B_INT_NRC2,System.Boolean,,TRUE,FALSE
system.gates.B_INT_NSAPHF,B_INT_NSAPHF,System.Boolean,,TRUE,FALSE
system.gates.B_INT_NSLSPHF,B_INT_NSLSPHF,System.Boolean,,TRUE,FALSE
system.gates.B_INT_NSLTIB,B_INT_NSLTIB,System.Boolean,,TRUE,FALSE
system.gates.B_INT_NSPPHF,B_INT_NSPPHF,System.Boolean,,TRUE,FALSE
system.gates.B_INT_NSRSPHF,B_INT_NSRSPHF,System.Boolean,,TRUE,FALSE
system.gates.B_INT_NSTPHF,B_INT_NSTPHF,System.Boolean,,TRUE,FALSE
system.gates.B_INT_NTCASF,B_INT_NTCASF,System.Boolean,,TRUE,FALSE
system.gates.B_INT_NTCASINIB,B_INT_NTCASINIB,System.Boolean,,TRUE,FALSE
system.gates.B_INT_NTCASSTBY,B_INT_NTCASSTBY,System.Boolean,,TRUE,FALSE
system.gates.B_INT_NTCASSTBYCP,B_INT_NTCASSTBYCP,System.Boolean,,TRUE,FALSE
system.gates.B_INT_NVMOW_1,B_INT_NVMOW_1,System.Boolean,,TRUE,FALSE
system.gates.B_INT_NVMOW_1_INV,B_INT_NVMOW_1_INV,System.Boolean,,TRUE,FALSE
system.gates.B_INT_NVMOW_2,B_INT_NVMOW_2,System.Boolean,,TRUE,FALSE
system.gates.B_INT_NVMOW_2_INV,B_INT_NVMOW_2_INV,System.Boolean,,TRUE,FALSE
system.gates.B_INT_NVMOW_3,B_INT_NVMOW_3,System.Boolean,,TRUE,FALSE
system.gates.B_INT_NVMOW_3_INV,B_INT_NVMOW_3_INV,System.Boolean,,TRUE,FALSE
system.gates.B_INT_NXPDR1FLT,B_INT_NXPDR1FLT,System.Boolean,,TRUE,FALSE
system.gates.B_INT_NXPDR2FLT,B_INT_NXPDR2FLT,System.Boolean,,TRUE,FALSE
system.gates.B_INT_NXPDRSTBY1,B_INT_NXPDRSTBY1,System.Boolean,,TRUE,FALSE
system.gates.B_INT_NXPDRSTBY2,B_INT_NXPDRSTBY2,System.Boolean,,TRUE,FALSE
system.gates.B_INT_OOXYMASKDROP,B_INT_OOXYMASKDROP,System.Boolean,,TRUE,FALSE
system.gates.B_INT_PAS12F,B_INT_PAS12F,System.Boolean,,TRUE,FALSE
system.gates.B_INT_PEXCA,B_INT_PEXCA,System.Boolean,,TRUE,FALSE
system.gates.B_INT_PEXRESPRES,B_INT_PEXRESPRES,System.Boolean,,TRUE,FALSE
system.gates.B_INT_PFMSLFE_1,B_INT_PFMSLFE_1,System.Boolean,,TRUE,FALSE
system.gates.B_INT_PFMSLFE_2,B_INT_PFMSLFE_2,System.Boolean,,TRUE,FALSE
system.gates.B_INT_PFWDOFVSEL,B_INT_PFWDOFVSEL,System.Boolean,,TRUE,FALSE
system.gates.B_INT_PLDP,B_INT_PLDP,System.Boolean,,TRUE,FALSE
system.gates.B_INT_PLE_INV_1,B_INT_PLE_INV_1,System.Boolean,,TRUE,FALSE
system.gates.B_INT_PLE_INV_2,B_INT_PLE_INV_2,System.Boolean,,TRUE,FALSE
system.gates.B_INT_PLESM,B_INT_PLESM,System.Boolean,,TRUE,FALSE
system.gates.B_INT_PS1F,B_INT_PS1F,System.Boolean,,TRUE,FALSE
system.gates.B_INT_PS2F,B_INT_PS2F,System.Boolean,,TRUE,FALSE
system.gates.B_INT_PSV1NFC,B_INT_PSV1NFC,System.Boolean,,TRUE,FALSE
system.gates.B_INT_QASD,B_INT_QASD,System.Boolean,,TRUE,FALSE
system.gates.B_INT_QAVAIL,B_INT_QAVAIL,System.Boolean,,TRUE,FALSE
system.gates.B_INT_QBVC,B_INT_QBVC,System.Boolean,,TRUE,FALSE
system.gates.B_INT_QESD,B_INT_QESD,System.Boolean,,TRUE,FALSE
system.gates.B_INT_QMSON,B_INT_QMSON,System.Boolean,,TRUE,FALSE
system.gates.B_INT_RFDIUF,B_INT_RFDIUF,System.Boolean,,TRUE,FALSE
system.gates.B_INT_SCADC,B_INT_SCADC,System.Boolean,,TRUE,FALSE
system.gates.B_INT_SCIRS1,B_INT_SCIRS1,System.Boolean,,TRUE,FALSE
system.gates.B_INT_SCIRS2,B_INT_SCIRS2,System.Boolean,,TRUE,FALSE
system.gates.B_INT_SCLASS2FT1,B_INT_SCLASS2FT1,System.Boolean,,TRUE,FALSE
system.gates.B_INT_SCLASS2FT2,B_INT_SCLASS2FT2,System.Boolean,,TRUE,FALSE
system.gates.B_INT_SCPLCK,B_INT_SCPLCK,System.Boolean,,TRUE,FALSE
system.gates.B_INT_SCSSF,B_INT_SCSSF,System.Boolean,,TRUE,FALSE
system.gates.B_INT_SDUALSSI,B_INT_SDUALSSI,System.Boolean,,TRUE,FALSE
system.gates.B_INT_SE1FY,B_INT_SE1FY,System.Boolean,,TRUE,FALSE
system.gates.B_INT_SE1PFT,B_INT_SE1PFT,System.Boolean,,TRUE,FALSE
system.gates.B_INT_SE1RFT,B_INT_SE1RFT,System.Boolean,,TRUE,FALSE
system.gates.B_INT_SE2FY,B_INT_SE2FY,System.Boolean,,TRUE,FALSE
system.gates.B_INT_SE2PFT,B_INT_SE2PFT,System.Boolean,,TRUE,FALSE
system.gates.B_INT_SE2RFT,B_INT_SE2RFT,System.Boolean,,TRUE,FALSE
system.gates.B_INT_SFATTF,B_INT_SFATTF,System.Boolean,,TRUE,FALSE
system.gates.B_INT_SFCDC1F,B_INT_SFCDC1F,System.Boolean,,TRUE,FALSE
system.gates.B_INT_SFCDC2F,B_INT_SFCDC2F,System.Boolean,,TRUE,FALSE
system.gates.B_INT_SFHSD,B_INT_SFHSD,System.Boolean,,TRUE,FALSE
system.gates.B_INT_SFLPS1F,B_INT_SFLPS1F,System.Boolean,,TRUE,FALSE
system.gates.B_INT_SFLPS2F,B_INT_SFLPS2F,System.Boolean,,TRUE,FALSE
system.gates.B_INT_SFLPWTBENG,B_INT_SFLPWTBENG,System.Boolean,,TRUE,FALSE
system.gates.B_INT_SFOPLCK,B_INT_SFOPLCK,System.Boolean,,TRUE,FALSE
system.gates.B_INT_SFOSSF,B_INT_SFOSSF,System.Boolean,,TRUE,FALSE
system.gates.B_INT_SGNDSPLRA,B_INT_SGNDSPLRA,System.Boolean,,TRUE,FALSE
system.gates.B_INT_SGSOUT,B_INT_SGSOUT,System.Boolean,,TRUE,FALSE
system.gates.B_INT_SLAILBA,B_INT_SLAILBA,System.Boolean,,TRUE,FALSE
system.gates.B_INT_SLAILGA,B_INT_SLAILGA,System.Boolean,,TRUE,FALSE
system.gates.B_INT_SLELNA,B_INT_SLELNA,System.Boolean,,TRUE,FALSE
system.gates.B_INT_SLELVBA,B_INT_SLELVBA,System.Boolean,,TRUE,FALSE
system.gates.B_INT_SLELVBFT,B_INT_SLELVBFT,System.Boolean,,TRUE,FALSE
system.gates.B_INT_SLELVGA,B_INT_SLELVGA,System.Boolean,,TRUE,FALSE
system.gates.B_INT_SLELVGFT,B_INT_SLELVGFT,System.Boolean,,TRUE,FALSE
system.gates.B_INT_SLFLPPOS_VAL,B_INT_SLFLPPOS_VAL,System.Boolean,,TRUE,FALSE
system.gates.B_INT_SLSLPPOS_VAL,B_INT_SLSLPPOS_VAL,System.Boolean,,TRUE,FALSE
system.gates.B_INT_SLSP1,B_INT_SLSP1,System.Boolean,,TRUE,FALSE
system.gates.B_INT_SLSP2,B_INT_SLSP2,System.Boolean,,TRUE,FALSE
system.gates.B_INT_SLSP3,B_INT_SLSP3,System.Boolean,,TRUE,FALSE
system.gates.B_INT_SLSP4,B_INT_SLSP4,System.Boolean,,TRUE,FALSE
system.gates.B_INT_SLSP5,B_INT_SLSP5,System.Boolean,,TRUE,FALSE
system.gates.B_INT_SLSSFT,B_INT_SLSSFT,System.Boolean,,TRUE,FALSE
system.gates.B_INT_SPDCTL,B_INT_SPDCTL,System.Boolean,,TRUE,FALSE
system.gates.B_INT_SPLC1,B_INT_SPLC1,System.Boolean,,TRUE,FALSE
system.gates.B_INT_SPLC2,B_INT_SPLC2,System.Boolean,,TRUE,FALSE
system.gates.B_INT_SPLC3,B_INT_SPLC3,System.Boolean,,TRUE,FALSE
system.gates.B_INT_SPRIOLGEN,B_INT_SPRIOLGEN,System.Boolean,,TRUE,FALSE
system.gates.B_INT_SPRIORGEN,B_INT_SPRIORGEN,System.Boolean,,TRUE,FALSE
system.gates.B_INT_SRAILBA,B_INT_SRAILBA,System.Boolean,,TRUE,FALSE
system.gates.B_INT_SRAILGA,B_INT_SRAILGA,System.Boolean,,TRUE,FALSE
system.gates.B_INT_SRELNA,B_INT_SRELNA,System.Boolean,,TRUE,FALSE
system.gates.B_INT_SRELVBA,B_INT_SRELVBA,System.Boolean,,TRUE,FALSE
system.gates.B_INT_SRELVBFT,B_INT_SRELVBFT,System.Boolean,,TRUE,FALSE
system.gates.B_INT_SRELVYA,B_INT_SRELVYA,System.Boolean,,TRUE,FALSE
system.gates.B_INT_SRELVYFT,B_INT_SRELVYFT,System.Boolean,,TRUE,FALSE
system.gates.B_INT_SREV1INOP,B_INT_SREV1INOP,System.Boolean,,TRUE,FALSE
system.gates.B_INT_SREV2INOP,B_INT_SREV2INOP,System.Boolean,,TRUE,FALSE
system.gates.B_INT_SRFLPPOS_VAL,B_INT_SRFLPPOS_VAL,System.Boolean,,TRUE,FALSE
system.gates.B_INT_SRSLPPOS_VAL,B_INT_SRSLPPOS_VAL,System.Boolean,,TRUE,FALSE
system.gates.B_INT_SRSP1,B_INT_SRSP1,System.Boolean,,TRUE,FALSE
system.gates.B_INT_SRSP2,B_INT_SRSP2,System.Boolean,,TRUE,FALSE
system.gates.B_INT_SRSP3,B_INT_SRSP3,System.Boolean,,TRUE,FALSE
system.gates.B_INT_SRSP4,B_INT_SRSP4,System.Boolean,,TRUE,FALSE
system.gates.B_INT_SRSP5,B_INT_SRSP5,System.Boolean,,TRUE,FALSE
system.gates.B_INT_SRSSFT,B_INT_SRSSFT,System.Boolean,,TRUE,FALSE
system.gates.B_INT_SS1FY,B_INT_SS1FY,System.Boolean,,TRUE,FALSE
system.gates.B_INT_SS1GSF,B_INT_SS1GSF,System.Boolean,,TRUE,FALSE
system.gates.B_INT_SS1SBLF,B_INT_SS1SBLF,System.Boolean,,TRUE,FALSE
system.gates.B_INT_SS2FY,B_INT_SS2FY,System.Boolean,,TRUE,FALSE
system.gates.B_INT_SS2GSF,B_INT_SS2GSF,System.Boolean,,TRUE,FALSE
system.gates.B_INT_SS2SBLF,B_INT_SS2SBLF,System.Boolean,,TRUE,FALSE
system.gates.B_INT_SS3FY,B_INT_SS3FY,System.Boolean,,TRUE,FALSE
system.gates.B_INT_SS3GSF,B_INT_SS3GSF,System.Boolean,,TRUE,FALSE
system.gates.B_INT_SS3SBLF,B_INT_SS3SBLF,System.Boolean,,TRUE,FALSE
system.gates.B_INT_SSBLD,B_INT_SSBLD,System.Boolean,,TRUE,FALSE
system.gates.B_INT_SSBNU,B_INT_SSBNU,System.Boolean,,TRUE,FALSE
system.gates.B_INT_SSFCC1,B_INT_SSFCC1,System.Boolean,,TRUE,FALSE
system.gates.B_INT_SSFCC2,B_INT_SSFCC2,System.Boolean,,TRUE,FALSE
system.gates.B_INT_SSHSD,B_INT_SSHSD,System.Boolean,,TRUE,FALSE
system.gates.B_INT_SSLTS1F,B_INT_SSLTS1F,System.Boolean,,TRUE,FALSE
system.gates.B_INT_SSLTS2F,B_INT_SSLTS2F,System.Boolean,,TRUE,FALSE
system.gates.B_INT_SSLTWTBENG,B_INT_SSLTWTBENG,System.Boolean,,TRUE,FALSE
system.gates.B_INT_SSP1FT,B_INT_SSP1FT,System.Boolean,,TRUE,FALSE
system.gates.B_INT_SSP2FT,B_INT_SSP2FT,System.Boolean,,TRUE,FALSE
system.gates.B_INT_SSP3FT,B_INT_SSP3FT,System.Boolean,,TRUE,FALSE
system.gates.B_INT_SSP4FT,B_INT_SSP4FT,System.Boolean,,TRUE,FALSE
system.gates.B_INT_SSP5FT,B_INT_SSP5FT,System.Boolean,,TRUE,FALSE
system.gates.B_INT_SSPBR,B_INT_SSPBR,System.Boolean,,TRUE,FALSE
system.gates.B_INT_SSPLR1A,B_INT_SSPLR1A,System.Boolean,,TRUE,FALSE
system.gates.B_INT_SSPLR1HE,B_INT_SSPLR1HE,System.Boolean,,TRUE,FALSE
system.gates.B_INT_SSPLR2A,B_INT_SSPLR2A,System.Boolean,,TRUE,FALSE
system.gates.B_INT_SSPLR2HE,B_INT_SSPLR2HE,System.Boolean,,TRUE,FALSE
system.gates.B_INT_SSPLR3A,B_INT_SSPLR3A,System.Boolean,,TRUE,FALSE
system.gates.B_INT_SSPLR3HE,B_INT_SSPLR3HE,System.Boolean,,TRUE,FALSE
system.gates.B_INT_SSPLR4A,B_INT_SSPLR4A,System.Boolean,,TRUE,FALSE
system.gates.B_INT_SSPLR4HE,B_INT_SSPLR4HE,System.Boolean,,TRUE,FALSE
system.gates.B_INT_SSPLR5A,B_INT_SSPLR5A,System.Boolean,,TRUE,FALSE
system.gates.B_INT_SSPLR5HE,B_INT_SSPLR5HE,System.Boolean,,TRUE,FALSE
system.gates.B_INT_STHSJAMEC,B_INT_STHSJAMEC,System.Boolean,,TRUE,FALSE
system.gates.B_INT_TEST,B_INT_TEST,System.Boolean,,TRUE,FALSE
system.gates.B_INT_UACSDI,B_INT_UACSDI,System.Boolean,,TRUE,FALSE
system.gates.B_INT_UAPUELP,B_INT_UAPUELP,System.Boolean,,TRUE,FALSE
system.gates.B_INT_UAPUFA,B_INT_UAPUFA,System.Boolean,,TRUE,FALSE
system.gates.B_INT_UAPUFB,B_INT_UAPUFB,System.Boolean,,TRUE,FALSE
system.gates.B_INT_UAPUFPBOUT,B_INT_UAPUFPBOUT,System.Boolean,,TRUE,FALSE
system.gates.B_INT_UAPULAF,B_INT_UAPULAF,System.Boolean,,TRUE,FALSE
system.gates.B_INT_UAPULBF,B_INT_UAPULBF,System.Boolean,,TRUE,FALSE
system.gates.B_INT_UAVSKD,B_INT_UAVSKD,System.Boolean,,TRUE,FALSE
system.gates.B_INT_UCB1LP,B_INT_UCB1LP,System.Boolean,,TRUE,FALSE
system.gates.B_INT_UCH1F,B_INT_UCH1F,System.Boolean,,TRUE,FALSE
system.gates.B_INT_UCH2F,B_INT_UCH2F,System.Boolean,,TRUE,FALSE
system.gates.B_INT_UE1ABLP,B_INT_UE1ABLP,System.Boolean,,TRUE,FALSE
system.gates.B_INT_UE1FA,B_INT_UE1FA,System.Boolean,,TRUE,FALSE
system.gates.B_INT_UE1FB,B_INT_UE1FB,System.Boolean,,TRUE,FALSE
system.gates.B_INT_UE1FBLP,B_INT_UE1FBLP,System.Boolean,,TRUE,FALSE
system.gates.B_INT_UE1FPBOUT,B_INT_UE1FPBOUT,System.Boolean,,TRUE,FALSE
system.gates.B_INT_UE1LAF,B_INT_UE1LAF,System.Boolean,,TRUE,FALSE
system.gates.B_INT_UE1LBF,B_INT_UE1LBF,System.Boolean,,TRUE,FALSE
system.gates.B_INT_UE2ABLP,B_INT_UE2ABLP,System.Boolean,,TRUE,FALSE
system.gates.B_INT_UE2FA,B_INT_UE2FA,System.Boolean,,TRUE,FALSE
system.gates.B_INT_UE2FB,B_INT_UE2FB,System.Boolean,,TRUE,FALSE
system.gates.B_INT_UE2FBLP,B_INT_UE2FBLP,System.Boolean,,TRUE,FALSE
system.gates.B_INT_UE2FPBOUT,B_INT_UE2FPBOUT,System.Boolean,,TRUE,FALSE
system.gates.B_INT_UE2LAF,B_INT_UE2LAF,System.Boolean,,TRUE,FALSE
system.gates.B_INT_UE2LBF,B_INT_UE2LBF,System.Boolean,,TRUE,FALSE
system.gates.B_INT_UEB2,B_INT_UEB2,System.Boolean,,TRUE,FALSE
system.gates.B_INT_UFCSDI,B_INT_UFCSDI,System.Boolean,,TRUE,FALSE
system.gates.B_INT_UFEB2I,B_INT_UFEB2I,System.Boolean,,TRUE,FALSE
system.gates.B_INT_ULAVSDF,B_INT_ULAVSDF,System.Boolean,,TRUE,FALSE
system.gates.B_INT_UMDSMK,B_INT_UMDSMK,System.Boolean,,TRUE,FALSE
system.gates.B_INT_USALC,B_INT_USALC,System.Boolean,,TRUE,FALSE
system.gates.B_INT_USFLC,B_INT_USFLC,System.Boolean,,TRUE,FALSE
system.gates.B_INT_USLAV,B_INT_USLAV,System.Boolean,,TRUE,FALSE
system.gates.B_INT_USLAVA_INV,B_INT_USLAVA_INV,System.Boolean,,TRUE,FALSE
system.gates.B_INT_VACDNIVFC,B_INT_VACDNIVFC,System.Boolean,,TRUE,FALSE
system.gates.B_INT_VACIVF,B_INT_VACIVF,System.Boolean,,TRUE,FALSE
system.gates.B_INT_VACUPIVFC,B_INT_VACUPIVFC,System.Boolean,,TRUE,FALSE
system.gates.B_INT_VAEVFC,B_INT_VAEVFC,System.Boolean,,TRUE,FALSE
system.gates.B_INT_VAEVFC_INV,B_INT_VAEVFC_INV,System.Boolean,,TRUE,FALSE
system.gates.B_INT_VAEVFO,B_INT_VAEVFO,System.Boolean,,TRUE,FALSE
system.gates.B_INT_VAEVFPO,B_INT_VAEVFPO,System.Boolean,,TRUE,FALSE
system.gates.B_INT_VAEVFPO_INV,B_INT_VAEVFPO_INV,System.Boolean,,TRUE,FALSE
system.gates.B_INT_VAIVFC,B_INT_VAIVFC,System.Boolean,,TRUE,FALSE
system.gates.B_INT_VAVBF,B_INT_VAVBF,System.Boolean,,TRUE,FALSE
system.gates.B_INT_VAVBPBO,B_INT_VAVBPBO,System.Boolean,,TRUE,FALSE
system.gates.B_INT_VAVEF,B_INT_VAVEF,System.Boolean,,TRUE,FALSE
system.gates.B_INT_VAVEPBO,B_INT_VAVEPBO,System.Boolean,,TRUE,FALSE
system.gates.B_INT_VAVF,B_INT_VAVF,System.Boolean,,TRUE,FALSE
system.gates.B_INT_VFCDNIVFC,B_INT_VFCDNIVFC,System.Boolean,,TRUE,FALSE
system.gates.B_INT_VFCIVF,B_INT_VFCIVF,System.Boolean,,TRUE,FALSE
system.gates.B_INT_VFCUPIVFC,B_INT_VFCUPIVFC,System.Boolean,,TRUE,FALSE
system.gates.B_INT_WA321200,B_INT_WA321200,System.Boolean,,TRUE,FALSE
system.gates.B_INT_WAC10,B_INT_WAC10,System.Boolean,,TRUE,FALSE
system.gates.B_INT_WAC100,B_INT_WAC100,System.Boolean,,TRUE,FALSE
system.gates.B_INT_WAC1000,B_INT_WAC1000,System.Boolean,,TRUE,FALSE
system.gates.B_INT_WAC20,B_INT_WAC20,System.Boolean,,TRUE,FALSE
system.gates.B_INT_WAC200,B_INT_WAC200,System.Boolean,,TRUE,FALSE
system.gates.B_INT_WAC2000,B_INT_WAC2000,System.Boolean,,TRUE,FALSE
system.gates.B_INT_WAC2500,B_INT_WAC2500,System.Boolean,,TRUE,FALSE
system.gates.B_INT_WAC30,B_INT_WAC30,System.Boolean,,TRUE,FALSE
system.gates.B_INT_WAC300,B_INT_WAC300,System.Boolean,,TRUE,FALSE
system.gates.B_INT_WAC40,B_INT_WAC40,System.Boolean,,TRUE,FALSE
system.gates.B_INT_WAC400,B_INT_WAC400,System.Boolean,,TRUE,FALSE
system.gates.B_INT_WAC5,B_INT_WAC5,System.Boolean,,TRUE,FALSE
system.gates.B_INT_WAC50,B_INT_WAC50,System.Boolean,,TRUE,FALSE
system.gates.B_INT_WAC500,B_INT_WAC500,System.Boolean,,TRUE,FALSE
system.gates.B_INT_WAC500C,B_INT_WAC500C,System.Boolean,,TRUE,FALSE
system.gates.B_INT_WACOGEN,B_INT_WACOGEN,System.Boolean,,TRUE,FALSE
system.gates.B_INT_WATSUATCINST,B_INT_WATSUATCINST,System.Boolean,,TRUE,FALSE
system.gates.B_INT_WATSUINS,B_INT_WATSUINS,System.Boolean,,TRUE,FALSE
system.gates.B_INT_WBKPSPDINS,B_INT_WBKPSPDINS,System.Boolean,,TRUE,FALSE
system.gates.B_INT_WCMCC,B_INT_WCMCC,System.Boolean,,TRUE,FALSE
system.gates.B_INT_WCMWC,B_INT_WCMWC,System.Boolean,,TRUE,FALSE
system.gates.B_INT_WDBNA,B_INT_WDBNA,System.Boolean,,TRUE,FALSE
system.gates.B_INT_WDMC1F,B_INT_WDMC1F,System.Boolean,,TRUE,FALSE
system.gates.B_INT_WDMC2F,B_INT_WDMC2F,System.Boolean,,TRUE,FALSE
system.gates.B_INT_WDMC3F,B_INT_WDMC3F,System.Boolean,,TRUE,FALSE
system.gates.B_INT_WDMC3X,B_INT_WDMC3X,System.Boolean,,TRUE,FALSE
system.gates.B_INT_WEFIS1,B_INT_WEFIS1,System.Boolean,,TRUE,FALSE
system.gates.B_INT_WEFIS2,B_INT_WEFIS2,System.Boolean,,TRUE,FALSE
system.gates.B_INT_WEGALCABINS,B_INT_WEGALCABINS,System.Boolean,,TRUE,FALSE
system.gates.B_INT_WEMERC,B_INT_WEMERC,System.Boolean,,TRUE,FALSE
system.gates.B_INT_WENA320EMERC,B_INT_WENA320EMERC,System.Boolean,,TRUE,FALSE
system.gates.B_INT_WENGCIA,B_INT_WENGCIA,System.Boolean,,TRUE,FALSE
system.gates.B_INT_WENGCIB,B_INT_WENGCIB,System.Boolean,,TRUE,FALSE
system.gates.B_INT_WENGCIC,B_INT_WENGCIC,System.Boolean,,TRUE,FALSE
system.gates.B_INT_WETOPS,B_INT_WETOPS,System.Boolean,,TRUE,FALSE
system.gates.B_INT_WFOMCC,B_INT_WFOMCC,System.Boolean,,TRUE,FALSE
system.gates.B_INT_WFOMWC,B_INT_WFOMWC,System.Boolean,,TRUE,FALSE
system.gates.B_INT_WFWCI1,B_INT_WFWCI1,System.Boolean,,TRUE,FALSE
system.gates.B_INT_WFWCI2,B_INT_WFWCI2,System.Boolean,,TRUE,FALSE
system.gates.B_INT_WGALTNBRKWI,B_INT_WGALTNBRKWI,System.Boolean,,TRUE,FALSE
system.gates.B_INT_WGNORMBRKIOI,B_INT_WGNORMBRKIOI,System.Boolean,,TRUE,FALSE
system.gates.B_INT_WHUNDMDAMDHR_1,B_INT_WHUNDMDAMDHR_1,System.Boolean,,TRUE,FALSE
system.gates.B_INT_WHUNDMDAMDHR_2,B_INT_WHUNDMDAMDHR_2,System.Boolean,,TRUE,FALSE
system.gates.B_INT_WHYHRIVNI,B_INT_WHYHRIVNI,System.Boolean,,TRUE,FALSE
system.gates.B_INT_WIDID,B_INT_WIDID,System.Boolean,,TRUE,FALSE
system.gates.B_INT_WKAPTCASINS,B_INT_WKAPTCASINS,System.Boolean,,TRUE,FALSE
system.gates.B_INT_WLIP,B_INT_WLIP,System.Boolean,,TRUE,FALSE
system.gates.B_INT_WMBE,B_INT_WMBE,System.Boolean,,TRUE,FALSE
system.gates.B_INT_WMINMDAMDHR_1,B_INT_WMINMDAMDHR_1,System.Boolean,,TRUE,FALSE
system.gates.B_INT_WMINMDAMDHR_2,B_INT_WMINMDAMDHR_2,System.Boolean,,TRUE,FALSE
system.gates.B_INT_WPREDWSI,B_INT_WPREDWSI,System.Boolean,,TRUE,FALSE
system.gates.B_INT_WTCASI,B_INT_WTCASI,System.Boolean,,TRUE,FALSE
system.gates.B_INT_WTOCT,B_INT_WTOCT,System.Boolean,,TRUE,FALSE
system.gates.B_INT_WWSDAC1F,B_INT_WWSDAC1F,System.Boolean,,TRUE,FALSE
system.gates.B_INT_WWSDAC2F,B_INT_WWSDAC2F,System.Boolean,,TRUE,FALSE
system.gates.B_INT_WXAACSCINST,B_INT_WXAACSCINST,System.Boolean,,TRUE,FALSE
system.gates.B_INT_WXFJETPINS,B_INT_WXFJETPINS,System.Boolean,,TRUE,FALSE
system.gates.B_INT_XAACGHT,B_INT_XAACGHT,System.Boolean,,TRUE,FALSE
system.gates.B_INT_XAACGVENT,B_INT_XAACGVENT,System.Boolean,,TRUE,FALSE
system.gates.B_INT_XAFCGHT,B_INT_XAFCGHT,System.Boolean,,TRUE,FALSE
system.gates.B_INT_XAFCGVENT,B_INT_XAFCGVENT,System.Boolean,,TRUE,FALSE
system.gates.B_INT_XCBTOP,B_INT_XCBTOP,System.Boolean,,TRUE,FALSE
system.gates.B_INT_XCBTRPJM,B_INT_XCBTRPJM,System.Boolean,,TRUE,FALSE
system.gates.B_INT_XCBTRPNR,B_INT_XCBTRPNR,System.Boolean,,TRUE,FALSE
system.gates.B_INT_XCBTRPSV,B_INT_XCBTRPSV,System.Boolean,,TRUE,FALSE
system.gates.B_INT_XCBTRPWZ,B_INT_XCBTRPWZ,System.Boolean,,TRUE,FALSE
system.gates.B_INT_XCNOSMOKNOTI,B_INT_XCNOSMOKNOTI,System.Boolean,,TRUE,FALSE
system.gates.B_INT_XDAS,B_INT_XDAS,System.Boolean,,TRUE,FALSE
system.gates.B_INT_XDBLKCG,B_INT_XDBLKCG,System.Boolean,,TRUE,FALSE
system.gates.B_INT_XGPWSTERRI,B_INT_XGPWSTERRI,System.Boolean,,TRUE,FALSE
system.gates.B_INT_XGTPIS,B_INT_XGTPIS,System.Boolean,,TRUE,FALSE
system.gates.B_INT_XNATC1FLT,B_INT_XNATC1FLT,System.Boolean,,TRUE,FALSE
system.gates.B_INT_XNATC1STBY,B_INT_XNATC1STBY,System.Boolean,,TRUE,FALSE
system.gates.B_INT_XNATC2FLT,B_INT_XNATC2FLT,System.Boolean,,TRUE,FALSE
system.gates.B_INT_XNATC2STBY,B_INT_XNATC2STBY,System.Boolean,,TRUE,FALSE
system.gates.B_INT_YBKPSPDCPT,B_INT_YBKPSPDCPT,System.Boolean,,TRUE,FALSE
system.gates.B_INT_YBKPSPDFO,B_INT_YBKPSPDFO,System.Boolean,,TRUE,FALSE
system.gates.B_INT_YNBUPSCINS,B_INT_YNBUPSCINS,System.Boolean,,TRUE,FALSE
system.gates.B_INT_YNIR1ATT,B_INT_YNIR1ATT,System.Boolean,,TRUE,FALSE
system.gates.B_INT_YNIR1EXCM,B_INT_YNIR1EXCM,System.Boolean,,TRUE,FALSE
system.gates.B_INT_YNIR1PDIS,B_INT_YNIR1PDIS,System.Boolean,,TRUE,FALSE
system.gates.B_INT_YNIR1PMIS,B_INT_YNIR1PMIS,System.Boolean,,TRUE,FALSE
system.gates.B_INT_YNIR2ATT,B_INT_YNIR2ATT,System.Boolean,,TRUE,FALSE
system.gates.B_INT_YNIR2EXCM,B_INT_YNIR2EXCM,System.Boolean,,TRUE,FALSE
system.gates.B_INT_YNIR2PDIS,B_INT_YNIR2PDIS,System.Boolean,,TRUE,FALSE
system.gates.B_INT_YNIR2PMIS,B_INT_YNIR2PMIS,System.Boolean,,TRUE,FALSE
system.gates.B_INT_YNIR3ATT,B_INT_YNIR3ATT,System.Boolean,,TRUE,FALSE
system.gates.B_INT_YNIR3EXCM,B_INT_YNIR3EXCM,System.Boolean,,TRUE,FALSE
system.gates.B_INT_YNIR3PDIS,B_INT_YNIR3PDIS,System.Boolean,,TRUE,FALSE
system.gates.B_INT_YNIR3PMIS,B_INT_YNIR3PMIS,System.Boolean,,TRUE,FALSE
system.gates.B_INT_ZACS80KT,B_INT_ZACS80KT,System.Boolean,,TRUE,FALSE
system.gates.B_INT_ZAPSTSC,B_INT_ZAPSTSC,System.Boolean,,TRUE,FALSE
system.gates.B_INT_ZCCSTSC,B_INT_ZCCSTSC,System.Boolean,,TRUE,FALSE
system.gates.B_INT_ZCMEMD,B_INT_ZCMEMD,System.Boolean,,TRUE,FALSE
system.gates.B_INT_ZISSTSC,B_INT_ZISSTSC,System.Boolean,,TRUE,FALSE
system.gates.B_INT_ZISTSC,B_INT_ZISTSC,System.Boolean,,TRUE,FALSE
system.gates.B_INT_ZLMEMD,B_INT_ZLMEMD,System.Boolean,,TRUE,FALSE
system.gates.B_INT_ZLSTSC,B_INT_ZLSTSC,System.Boolean,,TRUE,FALSE
system.gates.B_INT_ZMSTSC,B_INT_ZMSTSC,System.Boolean,,TRUE,FALSE
system.gates.B_INT_ZMSTSPD,B_INT_ZMSTSPD,System.Boolean,,TRUE,FALSE
system.gates.B_INT_ZNAV,B_INT_ZNAV,System.Boolean,,TRUE,FALSE
system.gates.B_INT_ZPSTSC,B_INT_ZPSTSC,System.Boolean,,TRUE,FALSE
system.gates.B_INT_ZRMEMD,B_INT_ZRMEMD,System.Boolean,,TRUE,FALSE
system.gates.B_INT_ZSINGDIS,B_INT_ZSINGDIS,System.Boolean,,TRUE,FALSE
system.gates.B_INT_ZSTSPD,B_INT_ZSTSPD,System.Boolean,,TRUE,FALSE
system.gates.B_J18_CFDIU,CFDIU Sply cb popup,System.Boolean,,TRUE,FALSE
system.gates.B_K02_NAV_ADF2,NAV ADF2 cb popup,System.Boolean,,TRUE,FALSE
system.gates.B_K06_NAV_DME2,NAV DME2 cb popup,System.Boolean,,TRUE,FALSE
system.gates.B_K07_NAV_ATC2,NAV ATC2 cb popup,System.Boolean,,TRUE,FALSE
system.gates.B_K08_NAV_VOR2,NAV VOR2 cb popup,System.Boolean,,TRUE,FALSE
system.gates.B_K09_NAV_ILS2,NAV ILS2 cb popup,System.Boolean,,TRUE,FALSE
system.gates.B_K11_RADIO_ALT_1,Radio alt 1 cb popup,System.Boolean,,TRUE,FALSE
system.gates.B_K12_RADIO_ALT_2,Radio alt 2 cb popup,System.Boolean,,TRUE,FALSE
system.gates.B_K39_APU_FUEL_BLOWOFF_CTL,APU Fuel blowoff Ctl cb popup,System.Boolean,,TRUE,FALSE
system.gates.B_L02_COM_RMP2,COM RMP2 cb popup,System.Boolean,,TRUE,FALSE
system.gates.B_L03_COM_RMP3,COM RMP3 cb popup,System.Boolean,,TRUE,FALSE
system.gates.B_L15_ATSU,ATSU 1 SWTG cb popup,System.Boolean,,TRUE,FALSE
system.gates.B_L16_ATSU,ATSU 1 cb popup,System.Boolean,,TRUE,FALSE
system.gates.B_L17_DCDU1,DCDU 1 cb popup,System.Boolean,,TRUE,FALSE
system.gates.B_L18_DCDU2,DCDU 2 cb popup,System.Boolean,,TRUE,FALSE
system.gates.B_L32_BRK_FAN12,Brk fan wheels 1&2 cb popup,System.Boolean,,TRUE,FALSE
system.gates.B_L35_BRK_FAN34,Brk fan wheels 3&4 cb popup,System.Boolean,,TRUE,FALSE
system.gates.B_L38_FIRE_EXTNG_APU_A,Fire extng APU Squib A cb popup,System.Boolean,,TRUE,FALSE
system.gates.B_L39_FIRE_EXTNG_APU_B,Fire extng APU Squib B cb popup,System.Boolean,,TRUE,FALSE
system.gates.B_L40_APU_AUTO_EXT_GND_TEST,APU Auto Ext Gnd Test cb popup,System.Boolean,,TRUE,FALSE
system.gates.B_L41_ECP_SUPPLY,ECB Supply cb popup,System.Boolean,,TRUE,FALSE
system.gates.B_L42_APU_CTL,APU Ctl cb popup,System.Boolean,,TRUE,FALSE
system.gates.B_L43_FIRE_DET_APU_LOOP_A,Fire det APU loop A cb popup,System.Boolean,,TRUE,FALSE
system.gates.B_L44_FIRE_DET_APU_LOOP_B,Fire det APU loop B cb popup,System.Boolean,,TRUE,FALSE
system.gates.B_LOUDSPEAKER_MUTING,Loudspeaker Muting,System.Boolean,,TRUE,FALSE
system.gates.B_LT_CONSOLE_BRIGHT_CAPT,Console/floor light bright captain,System.Boolean,,TRUE,FALSE
system.gates.B_LT_CONSOLE_BRIGHT_FO,Console/floor light bright F/O,System.Boolean,,TRUE,FALSE
system.gates.B_LT_CONSOLE_CAPT,Console/floor light captain,System.Boolean,,TRUE,FALSE
system.gates.B_LT_CONSOLE_FO,Console/floor light F/O,System.Boolean,,TRUE,FALSE
system.gates.B_LT_DOME,Dome light on,System.Boolean,,TRUE,FALSE
system.gates.B_LT_DOME_BRT,Dome light BRT,System.Boolean,,TRUE,FALSE
system.gates.B_LT_DOME_DIM,Dome light DIM,System.Boolean,,TRUE,FALSE
system.gates.B_LT_DOME2,Dome light 2 on,System.Boolean,,TRUE,FALSE
system.gates.B_LT_DOME2_BRT,Dome light 2 BRT,System.Boolean,,TRUE,FALSE
system.gates.B_LT_DOME2_DIM,Dome light 2 DIM,System.Boolean,,TRUE,FALSE
system.gates.B_LT_EMERGENCY_EXIT,Emergency exit signs,System.Boolean,,TRUE,FALSE
system.gates.B_LT_EMERGENCY_OVERHEAD,Emergency overhead lights,System.Boolean,,TRUE,FALSE
system.gates.B_LT_EMERGENCY_PROX_MARKING,Emergency prox marking system,System.Boolean,,TRUE,FALSE
system.gates.B_LT_READING_1,Reading light 1,System.Boolean,,TRUE,FALSE
system.gates.B_LT_READING_2,Reading light 2,System.Boolean,,TRUE,FALSE
system.gates.B_M02_ACP_3D,ACP 3D cb popup,System.Boolean,,TRUE,FALSE
system.gates.B_M20_RUDDER_TRIM_IND,Rudder trim ind cb popup,System.Boolean,,TRUE,FALSE
system.gates.B_M24_XFEED_VALVE_MOT2,Xfeed valve mot 2 cb popup,System.Boolean,,TRUE,FALSE
system.gates.B_M31_TIRE_PRESS,Tire press cb popup,System.Boolean,,TRUE,FALSE
system.gates.B_M32_BRK_FAN_CTL,Brk fan ctl cb popup,System.Boolean,,TRUE,FALSE
system.gates.B_M37_BRAKE_TEMP_DET,Brk temp det unit cb popup,System.Boolean,,TRUE,FALSE
system.gates.B_M38_APU_FUEL_PUMP_CTL,APU Fuel pump Ctl cb popup,System.Boolean,,TRUE,FALSE
system.gates.B_M39_APU_LP_VALVE_SPLY,APU LP Valve Sply cb popup,System.Boolean,,TRUE,FALSE
system.gates.B_M40_APU_LP_VALVE_CTL,APU LP Valve Ctl cb popup,System.Boolean,,TRUE,FALSE
system.gates.B_M41_APU_FIRE_STBY,APU Fire Stby cb popup,System.Boolean,,TRUE,FALSE
system.gates.B_M42_APU_FIRE_NORM,APU Fire Norm cb popup,System.Boolean,,TRUE,FALSE
system.gates.B_MIP_CLOCK_POWERED,Clock powerd,System.Boolean,,TRUE,FALSE
system.gates.B_MIP_ISIS_POWERED,ISIS powered,System.Boolean,,TRUE,FALSE
system.gates.B_MISC_CALLOUT_100,Callout 100kts,System.Boolean,,TRUE,FALSE
system.gates.B_MISC_CALLOUT_80,Callout 80kts,System.Boolean,,TRUE,FALSE
system.gates.B_MISC_V1,V1,System.Boolean,,TRUE,FALSE
system.gates.B_MISC_V2,V2,System.Boolean,,TRUE,FALSE
system.gates.B_MISC_VR,VR,System.Boolean,,TRUE,FALSE
system.gates.B_N03_CLOCK_STBY_SPLY,Clock stby sply cb popup,System.Boolean,,TRUE,FALSE
system.gates.B_N04_ADIRS_3_28,Adirs 3 28VDC cb popup,System.Boolean,,TRUE,FALSE
system.gates.B_N05_ADIRS_2_28,Adirs 2 28VDC cb popup,System.Boolean,,TRUE,FALSE
system.gates.B_N06_ADIRU_3_115,Adiru 3 115VAC cb popup,System.Boolean,,TRUE,FALSE
system.gates.B_N07_ADIRU_2_115,Adiru 2 115VAC cb popup,System.Boolean,,TRUE,FALSE
system.gates.B_N10_ADIRS_3_SWTG,Adiru 3 bat Swtg supply cb popup,System.Boolean,,TRUE,FALSE
system.gates.B_N11_ADIRU_2_PWR_SHED,Adiru 2 Pwr Shed cb popup,System.Boolean,,TRUE,FALSE
system.gates.B_N16_STICK_LOCK,Stick lock cb popup,System.Boolean,,TRUE,FALSE
system.gates.B_N23_L_PUMP1_SPLY,L wing tank pump 1 sply cb popup,System.Boolean,,TRUE,FALSE
system.gates.B_N26_L_PUMP2_SPLY,L wing tank pump 2 sply cb popup,System.Boolean,,TRUE,FALSE
system.gates.B_N30_HYD_POWER_Y,Hyd power Y cb popup,System.Boolean,,TRUE,FALSE
system.gates.B_N34_PTU_CTL,G/Y PTU cb popup,System.Boolean,,TRUE,FALSE
system.gates.B_N35_GYB_LEAK_TEST,G/Y/B leak test cb popup,System.Boolean,,TRUE,FALSE
system.gates.B_N36_PARKING_BRAKE_CTL_NORM,Parking brake ctl norm cb popup,System.Boolean,,TRUE,FALSE
system.gates.B_N37_PARKING_BRAKE_CTL_STBY,Parking brake ctl stby cb popup,System.Boolean,,TRUE,FALSE
system.gates.B_N39_ENG2_OIL_CHANA,ENG2 OIL PRESS CHAN A cb popup,System.Boolean,,TRUE,FALSE
system.gates.B_N40_ENG1_OIL_CHANA,ENG1 OIL PRESS CHAN A cb popup,System.Boolean,,TRUE,FALSE
system.gates.B_N41_ENG2_OIL_CHANB,ENG2 OIL PRESS CHAN B cb popup,System.Boolean,,TRUE,FALSE
system.gates.B_N42_ENG1_OIL_CHANB,ENG1 OIL PRESS CHAN B cb popup,System.Boolean,,TRUE,FALSE
system.gates.B_N44_ENG1_REV_LOCK,ENG 1 Rev Lock cb popup,System.Boolean,,TRUE,FALSE
system.gates.B_N45_ENG2_REV_LOCK,ENG 2 Rev Lock cb popup,System.Boolean,,TRUE,FALSE
system.gates.B_OH_LIGHTING_ANN_BRIGHT,Ann LT bright,System.Boolean,,TRUE,FALSE
system.gates.B_OH_LIGHTING_ANN_TEST,Ann LT test,System.Boolean,,TRUE,FALSE
system.gates.B_OH_LIGHTING_COMPASS,Ice ind & Stby Compass on,System.Boolean,,TRUE,FALSE
system.gates.B_OXYGEN_MASK_TEST_CAPT,Oxigen mask Captain test,System.Boolean,,TRUE,FALSE
system.gates.B_OXYGEN_MASK_TEST_FO,Oxigen mask F/O test,System.Boolean,,TRUE,FALSE
system.gates.B_P06_GPWS_28,GPWS 28V DC cb popup,System.Boolean,,TRUE,FALSE
system.gates.B_P09_HORN_SUPPLY,Horn supply cb popup,System.Boolean,,TRUE,FALSE
system.gates.B_P16_SLT_FLP_2_POS_IND,SLT FLP 2 Pos Ind cb popup,System.Boolean,,TRUE,FALSE
system.gates.B_P19_WTB_SLT_2,WTB Slat Sys 2 cb popup,System.Boolean,,TRUE,FALSE
system.gates.B_P20_WTB_FLP_2,WTB Flap Sys 2 cb popup,System.Boolean,,TRUE,FALSE
system.gates.B_P23_CTR_PUMP1_SPLY,Ctr tank pump 1 sply cb popup,System.Boolean,,TRUE,FALSE
system.gates.B_P26_CTR_PUMP2_SPLY,Ctr tank pump 2 sply cb popup,System.Boolean,,TRUE,FALSE
system.gates.B_P30_ABCU_HOT_BUS_SPLY,ABCU Hot bus Sply cb popup,System.Boolean,,TRUE,FALSE
system.gates.B_P32_RAT_CTL,RAT Ctl cb popup,System.Boolean,,TRUE,FALSE
system.gates.B_P33_RAT_SPLY_EXTN_SOL1,RAT Sply Extn sol1 cb popup,System.Boolean,,TRUE,FALSE
system.gates.B_P39_IGN_ENG1_SYSA,Ign Eng 1 Sys A cb popup,System.Boolean,,TRUE,FALSE
system.gates.B_P40_IGN_ENG2_SYSA,Ign Eng 2 Sys A cb popup,System.Boolean,,TRUE,FALSE
system.gates.B_P41_IGN_ENG1_SYSB,Ign Eng 1 Sys B cb popup,System.Boolean,,TRUE,FALSE
system.gates.B_P42_IGN_ENG2_SYSB,Ign Eng 2 Sys B cb popup,System.Boolean,,TRUE,FALSE
system.gates.B_PED_RMP1_COURSE_DISPLAYED,RMP capt displays course,System.Boolean,,TRUE,FALSE
system.gates.B_PED_RMP1_DATA_DISPLAYED_ACT,RMP capt displays data act,System.Boolean,,TRUE,FALSE
system.gates.B_PED_RMP1_DATA_DISPLAYED_STDBY,RMP capt displays data stdby,System.Boolean,,TRUE,FALSE
system.gates.B_PED_RMP1_POWER,RMP capt powered,System.Boolean,,TRUE,FALSE
system.gates.B_PED_RMP2_COURSE_DISPLAYED,RMP F/O displays course,System.Boolean,,TRUE,FALSE
system.gates.B_PED_RMP2_DATA_DISPLAYED_ACT,RMP F/O displays data act,System.Boolean,,TRUE,FALSE
system.gates.B_PED_RMP2_DATA_DISPLAYED_STDBY,RMP F/O displays data stdby,System.Boolean,,TRUE,FALSE
system.gates.B_PED_RMP2_POWER,RMP F/O powered,System.Boolean,,TRUE,FALSE
system.gates.B_PED_RMP3_COURSE_DISPLAYED,RMP OBS displays course,System.Boolean,,TRUE,FALSE
system.gates.B_PED_RMP3_DATA_DISPLAYED_ACT,RMP OBS displays data act,System.Boolean,,TRUE,FALSE
system.gates.B_PED_RMP3_DATA_DISPLAYED_STDBY,RMP OBS displays data stdby,System.Boolean,,TRUE,FALSE
system.gates.B_PED_RMP3_POWER,RMP OBS powered,System.Boolean,,TRUE,FALSE
system.gates.B_PED_XPDR_EDITING,XPDR Editing,System.Boolean,,TRUE,FALSE
system.gates.B_PNEUMATIC_BLOWER_RUNNING,Blower running,System.Boolean,,TRUE,FALSE
system.gates.B_PNEUMATIC_COCKPIT_AIR_HIGH,Cockpit air high,System.Boolean,,TRUE,FALSE
system.gates.B_PNEUMATIC_COCKPIT_AIR_LOW,Cockpit air low,System.Boolean,,TRUE,FALSE
system.gates.B_PNEUMATIC_COCKPIT_AIR_MED,Cockpit air med,System.Boolean,,TRUE,FALSE
system.gates.B_PNEUMATIC_COCKPIT_FLOW,Cockpit pack flow,System.Boolean,,TRUE,FALSE
system.gates.B_PNEUMATIC_EXTRACT_RUNNING,Extract running,System.Boolean,,TRUE,FALSE
system.gates.B_PNEUMATIC_PRESSURE_LOSS_HIGH,Pressure loss high,System.Boolean,,TRUE,FALSE
system.gates.B_PNEUMATIC_PRESSURE_LOSS_LOW,Pressure loss low,System.Boolean,,TRUE,FALSE
system.gates.B_Q02_SDAC2_AC_REF_2,SDAC 2 AC bus 2 ref sync cb popup,System.Boolean,,TRUE,FALSE
system.gates.B_Q03_SDAC1_AC_REF_2,SDAC 1 AC bus 2 ref sync cb popup,System.Boolean,,TRUE,FALSE
system.gates.B_Q04_SDAC1_AC_REF_1,SDAC 1 AC bus 1 ref sync cb popup,System.Boolean,,TRUE,FALSE
system.gates.B_Q05_SDAC2_AC_REF_1,SDAC 2 AC bus 1 ref sync cb popup,System.Boolean,,TRUE,FALSE
system.gates.B_Q07_FWC_2_SUPPLY,FWC 2 Supply cb popup,System.Boolean,,TRUE,FALSE
system.gates.B_Q16_FC_THS_MOT1,THS ACTR MOT1 cb popup,System.Boolean,,TRUE,FALSE
system.gates.B_Q17_FC_THS_MOT3,THS ACTR MOT3 cb popup,System.Boolean,,TRUE,FALSE
system.gates.B_Q20_FCTL_FCDC1_SPLY,FCDC2 SPLY cb popup,System.Boolean,,TRUE,FALSE
system.gates.B_Q21_FLAP_CTL_MON_SYS_2,Flap ctl & mon sys 2 cb popup,System.Boolean,,TRUE,FALSE
system.gates.B_Q23_R_PUMP1_SPLY,R wing tank pump 1 sply cb popup,System.Boolean,,TRUE,FALSE
system.gates.B_Q26_R_PUMP2_SPLY,R wing tank pump 2 sply cb popup,System.Boolean,,TRUE,FALSE
system.gates.B_Q35_LGCIU_2,LGCIU SYS 2 cb popup,System.Boolean,,TRUE,FALSE
system.gates.B_Q38_ENG1_DET_LOOP_B,Eng 1 Det Loop B cb popup,System.Boolean,,TRUE,FALSE
system.gates.B_Q39_ENG2_DET_LOOP_A,Eng 2 Det Loop A cb popup,System.Boolean,,TRUE,FALSE
system.gates.B_Q40_ENG2_FADEC_B_EIU_2,Eng 2 FADEC B EIU 2 cb popup,System.Boolean,,TRUE,FALSE
system.gates.B_Q41_FIRE_EXTNG_2A,Fire extng bottle 2 Squib A cb popup,System.Boolean,,TRUE,FALSE
system.gates.B_Q42_FIRE_EXTNG_2B,Fire extng bottle 2 Squib B cb popup,System.Boolean,,TRUE,FALSE
system.gates.B_Q43_FIRE_EXTNG_1A,Fire extng bottle 1 Squib A cb popup,System.Boolean,,TRUE,FALSE
system.gates.B_Q44_FIRE_EXTNG_1B,Fire extng bottle 1 Squib B cb popup,System.Boolean,,TRUE,FALSE
system.gates.B_R05_DU_PFD_FO_SWTG,DU F/O PFD Swtg cb popup,System.Boolean,,TRUE,FALSE
system.gates.B_R06_DU_ND_FO_SWTG,DU F/O ND Swtg cb popup,System.Boolean,,TRUE,FALSE
system.gates.B_R08_DMC2_SWTG,DMC2/SWTG cb popup,System.Boolean,,TRUE,FALSE
system.gates.B_R10_DU_ECAM_LOWER_SWTG,DU ECAM Lower Swtg cb popup,System.Boolean,,TRUE,FALSE
system.gates.B_R21_SLAT_CTL_MON_SYS_2,Slat ctl & mon sys 2 cb popup,System.Boolean,,TRUE,FALSE
system.gates.B_R23_L_PUMP1_CTL,L wing tank pump 1 ctl cb popup,System.Boolean,,TRUE,FALSE
system.gates.B_R24_L_PUMP2_CTL,L wing tank pump 2 ctl cb popup,System.Boolean,,TRUE,FALSE
system.gates.B_R25_CTR_PUMP1_CTL,Ctr tank pump 1 ctl cb popup,System.Boolean,,TRUE,FALSE
system.gates.B_R26_CTR_PUMP2_CTL,Ctr tank pump 2 ctl cb popup,System.Boolean,,TRUE,FALSE
system.gates.B_R27_CTR_AUTO_CTL,CTR TK Auto Ctrl cb popup,System.Boolean,,TRUE,FALSE
system.gates.B_R28_R_PUMP1_CTL,R wing tank pump 1 ctl cb popup,System.Boolean,,TRUE,FALSE
system.gates.B_R29_L_PUMP2_CTL,R wing tank pump 2 ctl cb popup,System.Boolean,,TRUE,FALSE
system.gates.B_R41_ENG1_FADEC_B_EIU_1,Eng 1 FADEC B EIU 1 cb popup,System.Boolean,,TRUE,FALSE
system.gates.B_RMI_HEADING_AVAIL,RMI heading avail,System.Boolean,,TRUE,FALSE
system.gates.B_RMI_VOR1_FLAG,RMI VOR1 flag,System.Boolean,,TRUE,FALSE
system.gates.B_RMI_VOR2_FLAG,RMI VOR2 flag,System.Boolean,,TRUE,FALSE
system.gates.B_S06_WTB_SLT_1,WTB Slat Sys 1 cb popup,System.Boolean,,TRUE,FALSE
system.gates.B_S07_WTB_FLP_1,WTB Flap Sys 1 cb popup,System.Boolean,,TRUE,FALSE
system.gates.B_S22_AFT_CARGO_VENT_FAN,Aft cargo vent/fan cb popup,System.Boolean,,TRUE,FALSE
system.gates.B_T02_NAV_LOGO_2,Nav ligths 2 cb popup,System.Boolean,,TRUE,FALSE
system.gates.B_T03_NAV_LOGO_1,Nav ligths 1 cb popup,System.Boolean,,TRUE,FALSE
system.gates.B_T04_LANDING_LIGHT_SPLY_L,Landing light Sply L cb popup,System.Boolean,,TRUE,FALSE
system.gates.B_T05_LANDING_LIGHT_CTL_L,Landing light Ctl L cb popup,System.Boolean,,TRUE,FALSE
system.gates.B_T06_LANDING_LIGHT_SPLY_R,Landing light Sply R cb popup,System.Boolean,,TRUE,FALSE
system.gates.B_T07_LANDING_LIGHT_CTL_R,Landing light Ctl R cb popup,System.Boolean,,TRUE,FALSE
system.gates.B_T13_CPKT_LOCK,Ckpt lock cb popup,System.Boolean,,TRUE,FALSE
system.gates.B_U03_BEACON_LOWER,Beacon lower cb popup,System.Boolean,,TRUE,FALSE
system.gates.B_U06_BEACON_UPPER,Beacon upper cb popup,System.Boolean,,TRUE,FALSE
system.gates.B_U19_LAV_GALLEY_FAN_SPLY,LAV/Galley fan sply cb popup,System.Boolean,,TRUE,FALSE
system.gates.B_U21_LAV_GALLEY_FAN_CTL,LAV/Galley fan ctl cb popup,System.Boolean,,TRUE,FALSE
system.gates.B_USER_1,User 1 out,System.Boolean,,TRUE,FALSE
system.gates.B_USER_10,User 10 out,System.Boolean,,TRUE,FALSE
system.gates.B_USER_11,User 11 out,System.Boolean,,TRUE,FALSE
system.gates.B_USER_12,User 12 out,System.Boolean,,TRUE,FALSE
system.gates.B_USER_13,User 13 out,System.Boolean,,TRUE,FALSE
system.gates.B_USER_14,User 14 out,System.Boolean,,TRUE,FALSE
system.gates.B_USER_15,User 15 out,System.Boolean,,TRUE,FALSE
system.gates.B_USER_16,User 16 out,System.Boolean,,TRUE,FALSE
system.gates.B_USER_17,User 17 out,System.Boolean,,TRUE,FALSE
system.gates.B_USER_18,User 18 out,System.Boolean,,TRUE,FALSE
system.gates.B_USER_19,User 19 out,System.Boolean,,TRUE,FALSE
system.gates.B_USER_2,User 2 out,System.Boolean,,TRUE,FALSE
system.gates.B_USER_20,User 20 out,System.Boolean,,TRUE,FALSE
system.gates.B_USER_3,User 3 out,System.Boolean,,TRUE,FALSE
system.gates.B_USER_4,User 4 out,System.Boolean,,TRUE,FALSE
system.gates.B_USER_5,User 5 out,System.Boolean,,TRUE,FALSE
system.gates.B_USER_6,User 6 out,System.Boolean,,TRUE,FALSE
system.gates.B_USER_7,User 7 out,System.Boolean,,TRUE,FALSE
system.gates.B_USER_8,User 8 out,System.Boolean,,TRUE,FALSE
system.gates.B_USER_9,User 9 out,System.Boolean,,TRUE,FALSE
system.gates.B_V02_LOGO_LIGHT_RIGHT,Logo light right cb popup,System.Boolean,,TRUE,FALSE
system.gates.B_V03_LOGO_LIGHT_LEFT,Logo light left cb popup,System.Boolean,,TRUE,FALSE
system.gates.B_V05_WING_STROBE_LIGHT,Wing strobe light cb popup,System.Boolean,,TRUE,FALSE
system.gates.B_V12_ICE_DET_L,Ice Det L cb popup,System.Boolean,,TRUE,FALSE
system.gates.B_V13_ICE_DET_R,Ice Det R cb popup,System.Boolean,,TRUE,FALSE
system.gates.B_V17_ZONE_TEMP_115_SYS_1,Zone temp 115VAC Sys 1 cb popup,System.Boolean,,TRUE,FALSE
system.gates.B_V18_ZONE_TEMP_115_SYS_2,Zone temp 115VAC Sys 2 cb popup,System.Boolean,,TRUE,FALSE
system.gates.B_V19_ZONE_TEMP_28_SYS_1,Zone temp 28VDC Sys 1 cb popup,System.Boolean,,TRUE,FALSE
system.gates.B_V20_ZONE_TEMP_28_SYS_2,Zone temp 28VDC Sys 2 cb popup,System.Boolean,,TRUE,FALSE
system.gates.B_W02_WING_LIGHT_LEFT,Wing light left cb popup,System.Boolean,,TRUE,FALSE
system.gates.B_W03_WING_LIGHT_RIGHT,Wing light right cb popup,System.Boolean,,TRUE,FALSE
system.gates.B_W05_RWY_TURNOFF_R,Rwy turn off R cb popup,System.Boolean,,TRUE,FALSE
system.gates.B_W06_RWY_TURNOFF_L,Rwy turn off L cb popup,System.Boolean,,TRUE,FALSE
system.gates.B_W07_NOSE_LIGHT_TAKEOFF,Nose light takeoff cb popup,System.Boolean,,TRUE,FALSE
system.gates.B_W08_NOSE_LIGHT_TAXI,Nose light taxi cb popup,System.Boolean,,TRUE,FALSE
system.gates.B_W09_NOSE_LIGHT_CTL,Nose light Ctl cb popup,System.Boolean,,TRUE,FALSE
system.gates.B_W10_ENG_ANTI_ICE_2,Engine anti ice 2 cb popup,System.Boolean,,TRUE,FALSE
system.gates.B_W12_WIPER_FO,Wiper F/O cb popup,System.Boolean,,TRUE,FALSE
system.gates.B_W13_WHC_2,WHC 2 cb popup,System.Boolean,,TRUE,FALSE
system.gates.B_W18_RECIRC_R_SPLY,Recirc fan R sply cb popup,System.Boolean,,TRUE,FALSE
system.gates.B_W20_RECIRC_R_CTL,Recirc fan R ctl cb popup,System.Boolean,,TRUE,FALSE
system.gates.B_W25_DC_BUS_TIE,CNTOR DC Bus tie cb popup,System.Boolean,,TRUE,FALSE
system.gates.B_W26_ESS_DC_BUS_TIE,CNTOR Ess DC Bus tie cb popup,System.Boolean,,TRUE,FALSE
system.gates.B_X05_ANN_LT_BUS2,Ann lt sply bus 2 cb popup,System.Boolean,,TRUE,FALSE
system.gates.B_X06_TEST_BOARD_SPLY,Tst board supply cb popup,System.Boolean,,TRUE,FALSE
system.gates.B_X10_ENG_ANTI_ICE_1,Engine anti ice 1 cb popup,System.Boolean,,TRUE,FALSE
system.gates.B_X12_WIPER_CAPT,Wiper capt cb popup,System.Boolean,,TRUE,FALSE
system.gates.B_X13_WHC_1,WHC 1 cb popup,System.Boolean,,TRUE,FALSE
system.gates.B_X18_RECIRC_L_SPLY,Recirc fan L sply cb popup,System.Boolean,,TRUE,FALSE
system.gates.B_X20_RECIRC_L_CTL,Recirc fan L ctl cb popup,System.Boolean,,TRUE,FALSE
system.gates.B_Y03_OVHD_PANEL,Inst light ovhd panel cb popup,System.Boolean,,TRUE,FALSE
system.gates.B_Y04_INST_LIGHT_PED,Inst light ped cb popup,System.Boolean,,TRUE,FALSE
system.gates.B_Y05_GLARE_SHIELD,Inst light glare shld cb popup,System.Boolean,,TRUE,FALSE
system.gates.B_Y06_CKPT_DOME,CKPT Dome cb popup,System.Boolean,,TRUE,FALSE
system.gates.B_Y11_PROBES_2_STATIC,Probes 2 static cb popup,System.Boolean,,TRUE,FALSE
system.gates.B_Y12_PROBES_2_PHC_SUPPLY,Probes 2 PHC Supply cb popup,System.Boolean,,TRUE,FALSE
system.gates.B_Y13_PROBES_2_AOA,Probes 2 AOA cb popup,System.Boolean,,TRUE,FALSE
system.gates.B_Y14_PROBES_2_PITOT,Probes 2 Pitot cb popup,System.Boolean,,TRUE,FALSE
system.gates.B_Y15_PROBES_2_TAT,Probes 2 TAT cb popup,System.Boolean,,TRUE,FALSE
system.gates.B_Y16_PROBES_3_PHC_SUPPLY,Probes 3 PHC Supply cb popup,System.Boolean,,TRUE,FALSE
system.gates.B_Y17_AVNCS_VENT_MONG,AVNCS Vent Mong cb popup,System.Boolean,,TRUE,FALSE
system.gates.B_Y22_CAB_PRESS_CTL_2,Cab Press CTL 2 cb popup,System.Boolean,,TRUE,FALSE
system.gates.B_Y23_CAB_MAN_PRESS,Cab Press man cb popup,System.Boolean,,TRUE,FALSE
system.gates.B_Z04_LIGHTING_FLOOD_CTR,Lighting Flood Ctr Inst cb popup,System.Boolean,,TRUE,FALSE
system.gates.B_Z05_LIGHTING_FLOOD_CAPT,Lighting Flood Capt cb popup,System.Boolean,,TRUE,FALSE
system.gates.B_Z06_LIGHTING_FLOOD_FO,Lighting Flood F/O cb popup,System.Boolean,,TRUE,FALSE
system.gates.B_Z07_LIGHTING_AVNCS_CPT,Lighting Avncs compt Dome cb popup,System.Boolean,,TRUE,FALSE
system.gates.B_Z08_AVNCS_CPT_DC,Lighting Avncs compt DC cb popup,System.Boolean,,TRUE,FALSE
system.gates.B_Z09_AVNCS_CPT_AC,Lighting Avncs compt AC cb popup,System.Boolean,,TRUE,FALSE
system.gates.B_Z12_PROBES_1_TAT,Probes 1 TAT cb popup,System.Boolean,,TRUE,FALSE
system.gates.B_Z13_PROBES_1_STATIC,Probes 1 static cb popup,System.Boolean,,TRUE,FALSE
system.gates.B_Z14_PROBES_3_STATIC,Probes 3 static cb popup,System.Boolean,,TRUE,FALSE
system.gates.B_Z15_PROBES_3_AOA,Probes 3 AOA cb popup,System.Boolean,,TRUE,FALSE
system.gates.B_Z16_PROBES_3_PITOT,Probes 3 Pitot cb popup,System.Boolean,,TRUE,FALSE
system.gates.B_Z20_X_FEED_VALVE_NORM,X Feed valve norm cb popup,System.Boolean,,TRUE,FALSE
system.gates.B_Z22_AIRBLEED_ENG2_MONG,Airbleed eng 2 mong cb popup,System.Boolean,,TRUE,FALSE
system.gates.B_Z23_AIRBLEED_ENG2_CTL,Airbleed eng 2 ctl cb popup,System.Boolean,,TRUE,FALSE
system.gauge.G_FC_ELEV_TRIM,Elevator trim stepper motor,System.Double,,TRUE,FALSE
system.gauge.G_HYD_BRAKE_ACCUMULATOR,Brake accumulator pressure gauge,System.Double,,TRUE,FALSE
system.gauge.G_HYD_BRAKE_LEFT,Brake pressure left gauge,System.Double,,TRUE,FALSE
system.gauge.G_HYD_BRAKE_RIGHT,Brake pressure right gauge,System.Double,,TRUE,FALSE
system.gauge.G_MIP_STDBY_ATT_BANK,Standby Attitude bank,System.Double,,TRUE,FALSE
system.gauge.G_MIP_STDBY_ATT_PITCH,Standby Attitude pitch,System.Double,,TRUE,FALSE
system.gauge.G_MIP_STDBY_SPEED,Standby speed,System.Double,,TRUE,FALSE
system.gauge.G_MIP_WET_COMPASS,Wet compass,System.Double,,TRUE,FALSE
system.indicators.I_ASP_ADF_1_REC,ASP ADF 1,System.Byte,,TRUE,FALSE
system.indicators.I_ASP_ADF_2_REC,ASP ADF 2,System.Byte,,TRUE,FALSE
system.indicators.I_ASP_CAB_CALL,ASP CAB call indicator,System.Byte,,TRUE,FALSE
system.indicators.I_ASP_CAB_REC,ASP CAB,System.Byte,,TRUE,FALSE
system.indicators.I_ASP_CAB_SEND,ASP CAB send bar,System.Byte,,TRUE,FALSE
system.indicators.I_ASP_HF_1_CALL,ASP HF 1 call indicator,System.Byte,,TRUE,FALSE
system.indicators.I_ASP_HF_1_REC,ASP HF 1,System.Byte,,TRUE,FALSE
system.indicators.I_ASP_HF_1_SEND,ASP HF 1 send bar,System.Byte,,TRUE,FALSE
system.indicators.I_ASP_HF_2_CALL,ASP HF 2 call indicator,System.Byte,,TRUE,FALSE
system.indicators.I_ASP_HF_2_REC,ASP HF 2,System.Byte,,TRUE,FALSE
system.indicators.I_ASP_HF_2_SEND,ASP HF 2 send bar,System.Byte,,TRUE,FALSE
system.indicators.I_ASP_ILS_REC,ASP ILS,System.Byte,,TRUE,FALSE
system.indicators.I_ASP_INT_CALL,ASP INT call indicator,System.Byte,,TRUE,FALSE
system.indicators.I_ASP_INT_REC,ASP INT,System.Byte,,TRUE,FALSE
system.indicators.I_ASP_INT_SEND,ASP INT send bar,System.Byte,,TRUE,FALSE
system.indicators.I_ASP_MARKER_REC,ASP Marker,System.Byte,,TRUE,FALSE
system.indicators.I_ASP_MLS_REC,ASP MLS,System.Byte,,TRUE,FALSE
system.indicators.I_ASP_NAV_1_REC,ASP NAV 1,System.Byte,,TRUE,FALSE
system.indicators.I_ASP_NAV_2_REC,ASP NAV 2,System.Byte,,TRUE,FALSE
system.indicators.I_ASP_PA_REC,ASP PA,System.Byte,,TRUE,FALSE
system.indicators.I_ASP_PA_SEND,ASP PA send bar,System.Byte,,TRUE,FALSE
system.indicators.I_ASP_VHF_1_CALL,ASP VHF 1 call indicator,System.Byte,,TRUE,FALSE
system.indicators.I_ASP_VHF_1_REC,ASP VHF 1,System.Byte,,TRUE,FALSE
system.indicators.I_ASP_VHF_1_SEND,ASP VHF 1 send bar,System.Byte,,TRUE,FALSE
system.indicators.I_ASP_VHF_2_CALL,ASP VHF 2 call indicator,System.Byte,,TRUE,FALSE
system.indicators.I_ASP_VHF_2_REC,ASP VHF 2,System.Byte,,TRUE,FALSE
system.indicators.I_ASP_VHF_2_SEND,ASP VHF 2 send bar,System.Byte,,TRUE,FALSE
system.indicators.I_ASP_VHF_3_CALL,ASP VHF 3 call indicator,System.Byte,,TRUE,FALSE
system.indicators.I_ASP_VHF_3_REC,ASP VHF 3,System.Byte,,TRUE,FALSE
system.indicators.I_ASP_VHF_3_SEND,ASP VHF 3 send bar,System.Byte,,TRUE,FALSE
system.indicators.I_ASP_VOICE,ASP Voice indicator,System.Byte,,TRUE,FALSE
system.indicators.I_ASP2_ADF_1_REC,ASP FO ADF 1,System.Byte,,TRUE,FALSE
system.indicators.I_ASP2_ADF_2_REC,ASP FO ADF 2,System.Byte,,TRUE,FALSE
system.indicators.I_ASP2_CAB_CALL,ASP FO CAB call indicator,System.Byte,,TRUE,FALSE
system.indicators.I_ASP2_CAB_REC,ASP FO CAB,System.Byte,,TRUE,FALSE
system.indicators.I_ASP2_CAB_SEND,ASP FO CAB send bar,System.Byte,,TRUE,FALSE
system.indicators.I_ASP2_HF_1_CALL,ASP FO HF 1 call indicator,System.Byte,,TRUE,FALSE
system.indicators.I_ASP2_HF_1_REC,ASP FO HF 1,System.Byte,,TRUE,FALSE
system.indicators.I_ASP2_HF_1_SEND,ASP FO HF 1 send bar,System.Byte,,TRUE,FALSE
system.indicators.I_ASP2_HF_2_CALL,ASP FO HF 2 call indicator,System.Byte,,TRUE,FALSE
system.indicators.I_ASP2_HF_2_REC,ASP FO HF 2,System.Byte,,TRUE,FALSE
system.indicators.I_ASP2_HF_2_SEND,ASP FO HF 2 send bar,System.Byte,,TRUE,FALSE
system.indicators.I_ASP2_ILS_REC,ASP FO ILS,System.Byte,,TRUE,FALSE
system.indicators.I_ASP2_INT_CALL,ASP FO INT call indicator,System.Byte,,TRUE,FALSE
system.indicators.I_ASP2_INT_REC,ASP FO INT,System.Byte,,TRUE,FALSE
system.indicators.I_ASP2_INT_SEND,ASP FO INT send bar,System.Byte,,TRUE,FALSE
system.indicators.I_ASP2_MARKER_REC,ASP FO Marker,System.Byte,,TRUE,FALSE
system.indicators.I_ASP2_MLS_REC,ASP FO MLS,System.Byte,,TRUE,FALSE
system.indicators.I_ASP2_NAV_1_REC,ASP FO NAV 1,System.Byte,,TRUE,FALSE
system.indicators.I_ASP2_NAV_2_REC,ASP FO NAV 2,System.Byte,,TRUE,FALSE
system.indicators.I_ASP2_PA_REC,ASP FO PA,System.Byte,,TRUE,FALSE
system.indicators.I_ASP2_PA_SEND,ASP FO PA send bar,System.Byte,,TRUE,FALSE
system.indicators.I_ASP2_VHF_1_CALL,ASP FO VHF 1 call indicator,System.Byte,,TRUE,FALSE
system.indicators.I_ASP2_VHF_1_REC,ASP FO VHF 1,System.Byte,,TRUE,FALSE
system.indicators.I_ASP2_VHF_1_SEND,ASP FO VHF 1 send bar,System.Byte,,TRUE,FALSE
system.indicators.I_ASP2_VHF_2_CALL,ASP FO VHF 2 call indicator,System.Byte,,TRUE,FALSE
system.indicators.I_ASP2_VHF_2_REC,ASP FO VHF 2,System.Byte,,TRUE,FALSE
system.indicators.I_ASP2_VHF_2_SEND,ASP FO VHF 2 send bar,System.Byte,,TRUE,FALSE
system.indicators.I_ASP2_VHF_3_CALL,ASP FO VHF 3 call indicator,System.Byte,,TRUE,FALSE
system.indicators.I_ASP2_VHF_3_REC,ASP FO VHF 3,System.Byte,,TRUE,FALSE
system.indicators.I_ASP2_VHF_3_SEND,ASP FO VHF 3 send bar,System.Byte,,TRUE,FALSE
system.indicators.I_ASP2_VOICE,ASP FO Voice indicator,System.Byte,,TRUE,FALSE
system.indicators.I_ASP3_ADF_1_REC,ASP OBS ADF 1,System.Byte,,TRUE,FALSE
system.indicators.I_ASP3_ADF_2_REC,ASP OBS ADF 2,System.Byte,,TRUE,FALSE
system.indicators.I_ASP3_CAB_CALL,ASP OBS CAB call indicator,System.Byte,,TRUE,FALSE
system.indicators.I_ASP3_CAB_REC,ASP OBS CAB,System.Byte,,TRUE,FALSE
system.indicators.I_ASP3_CAB_SEND,ASP OBS CAB send bar,System.Byte,,TRUE,FALSE
system.indicators.I_ASP3_HF_1_CALL,ASP OBS HF 1 call indicator,System.Byte,,TRUE,FALSE
system.indicators.I_ASP3_HF_1_REC,ASP OBS HF 1,System.Byte,,TRUE,FALSE
system.indicators.I_ASP3_HF_1_SEND,ASP OBS HF 1 send bar,System.Byte,,TRUE,FALSE
system.indicators.I_ASP3_HF_2_CALL,ASP OBS HF 2 call indicator,System.Byte,,TRUE,FALSE
system.indicators.I_ASP3_HF_2_REC,ASP OBS HF 2,System.Byte,,TRUE,FALSE
system.indicators.I_ASP3_HF_2_SEND,ASP OBS HF 2 send bar,System.Byte,,TRUE,FALSE
system.indicators.I_ASP3_ILS_REC,ASP OBS ILS,System.Byte,,TRUE,FALSE
system.indicators.I_ASP3_INT_CALL,ASP OBS INT call indicator,System.Byte,,TRUE,FALSE
system.indicators.I_ASP3_INT_REC,ASP OBS INT,System.Byte,,TRUE,FALSE
system.indicators.I_ASP3_INT_SEND,ASP OBS INT send bar,System.Byte,,TRUE,FALSE
system.indicators.I_ASP3_MARKER_REC,ASP OBS Marker,System.Byte,,TRUE,FALSE
system.indicators.I_ASP3_MLS_REC,ASP OBS MLS,System.Byte,,TRUE,FALSE
system.indicators.I_ASP3_NAV_1_REC,ASP OBS NAV 1,System.Byte,,TRUE,FALSE
system.indicators.I_ASP3_NAV_2_REC,ASP OBS NAV 2,System.Byte,,TRUE,FALSE
system.indicators.I_ASP3_PA_REC,ASP OBS PA,System.Byte,,TRUE,FALSE
system.indicators.I_ASP3_PA_SEND,ASP OBS PA send bar,System.Byte,,TRUE,FALSE
system.indicators.I_ASP3_VHF_1_CALL,ASP OBS VHF 1 call indicator,System.Byte,,TRUE,FALSE
system.indicators.I_ASP3_VHF_1_REC,ASP OBS VHF 1,System.Byte,,TRUE,FALSE
system.indicators.I_ASP3_VHF_1_SEND,ASP OBS VHF 1 send bar,System.Byte,,TRUE,FALSE
system.indicators.I_ASP3_VHF_2_CALL,ASP OBS VHF 2 call indicator,System.Byte,,TRUE,FALSE
system.indicators.I_ASP3_VHF_2_REC,ASP OBS VHF 2,System.Byte,,TRUE,FALSE
system.indicators.I_ASP3_VHF_2_SEND,ASP OBS VHF 2 send bar,System.Byte,,TRUE,FALSE
system.indicators.I_ASP3_VHF_3_CALL,ASP OBS VHF 3 call indicator,System.Byte,,TRUE,FALSE
system.indicators.I_ASP3_VHF_3_REC,ASP OBS VHF 3,System.Byte,,TRUE,FALSE
system.indicators.I_ASP3_VHF_3_SEND,ASP OBS VHF 3 send bar,System.Byte,,TRUE,FALSE
system.indicators.I_ASP3_VOICE,ASP OBS Voice indicator,System.Byte,,TRUE,FALSE
system.indicators.I_CDU1_DASH,CDU1 DASH,System.Byte,,TRUE,FALSE
system.indicators.I_CDU1_FAIL,CDU1 FAIL,System.Byte,,TRUE,FALSE
system.indicators.I_CDU1_FM,CDU1 FM,System.Byte,,TRUE,FALSE
system.indicators.I_CDU1_FM1,CDU1 FM1,System.Byte,,TRUE,FALSE
system.indicators.I_CDU1_FM2,CDU1 FM2,System.Byte,,TRUE,FALSE
system.indicators.I_CDU1_IND,CDU1 IND,System.Byte,,TRUE,FALSE
system.indicators.I_CDU1_MCDU_MENU,CDU1 MCDU_MENU,System.Byte,,TRUE,FALSE
system.indicators.I_CDU1_RDY,CDU1 RDY,System.Byte,,TRUE,FALSE
system.indicators.I_CDU2_DASH,CDU2 DASH,System.Byte,,TRUE,FALSE
system.indicators.I_CDU2_FAIL,CDU2 FAIL,System.Byte,,TRUE,FALSE
system.indicators.I_CDU2_FM,CDU2 FM,System.Byte,,TRUE,FALSE
system.indicators.I_CDU2_FM1,CDU2 FM1,System.Byte,,TRUE,FALSE
system.indicators.I_CDU2_FM2,CDU2 FM2,System.Byte,,TRUE,FALSE
system.indicators.I_CDU2_IND,CDU2 IND,System.Byte,,TRUE,FALSE
system.indicators.I_CDU2_MCDU_MENU,CDU2 MCDU_MENU,System.Byte,,TRUE,FALSE
system.indicators.I_CDU2_RDY,CDU2 RDY,System.Byte,,TRUE,FALSE
system.indicators.I_DISPLAY_EIS_BUSS_CAPT_L,BUSS Capt lower led,System.Byte,,TRUE,FALSE
system.indicators.I_DISPLAY_EIS_BUSS_FO_L,BUSS F/O lower led,System.Byte,,TRUE,FALSE
system.indicators.I_ECAM_APU,ECAM APU indicator,System.Byte,,TRUE,FALSE
system.indicators.I_ECAM_BLEED,ECAM Bleed indicator,System.Byte,,TRUE,FALSE
system.indicators.I_ECAM_CAB_PRESS,ECAM Cab_Press indicator,System.Byte,,TRUE,FALSE
system.indicators.I_ECAM_CLR_LEFT,ECAM CLR left indicator,System.Byte,,TRUE,FALSE
system.indicators.I_ECAM_CLR_RIGHT,ECAM CLR right indicator,System.Byte,,TRUE,FALSE
system.indicators.I_ECAM_COND,ECAM Cond indicator,System.Byte,,TRUE,FALSE
system.indicators.I_ECAM_DOOR,ECAM Door indicator,System.Byte,,TRUE,FALSE
system.indicators.I_ECAM_ELEC,ECAM Elec indicator,System.Byte,,TRUE,FALSE
system.indicators.I_ECAM_EMER_CANCEL,ECAM EMER CANC,System.Byte,,TRUE,FALSE
system.indicators.I_ECAM_ENGINE,ECAM Engine indicator,System.Byte,,TRUE,FALSE
system.indicators.I_ECAM_FCTL,ECAM F_CTL indicator,System.Byte,,TRUE,FALSE
system.indicators.I_ECAM_FUEL,ECAM Fuel indicator,System.Byte,,TRUE,FALSE
system.indicators.I_ECAM_HYD,ECAM Hyd indicator,System.Byte,,TRUE,FALSE
system.indicators.I_ECAM_STATUS,ECAM Status indicator,System.Byte,,TRUE,FALSE
system.indicators.I_ECAM_WHEEL,ECAM Wheel indicator,System.Byte,,TRUE,FALSE
system.indicators.I_ENG_FAULT_1,ENG left fault,System.Byte,,TRUE,FALSE
system.indicators.I_ENG_FAULT_2,ENG right fault,System.Byte,,TRUE,FALSE
system.indicators.I_ENG_FIRE_1,ENG left fire,System.Byte,,TRUE,FALSE
system.indicators.I_ENG_FIRE_2,ENG right fire,System.Byte,,TRUE,FALSE
system.indicators.I_ENG_N1_MODE_1_L,Eng 1 N1 mode lower led,System.Byte,,TRUE,FALSE
system.indicators.I_ENG_N1_MODE_2_L,Eng 2 N1 mode lower led,System.Byte,,TRUE,FALSE
system.indicators.I_FC_SIDESTICK_PRIORITY_CAPT,Sidestick priority capt,System.Byte,,TRUE,FALSE
system.indicators.I_FC_SIDESTICK_PRIORITY_CAPT_ARROW,Sidestick priority capt arrow,System.Byte,,TRUE,FALSE
system.indicators.I_FC_SIDESTICK_PRIORITY_FO,Sidestick priority F/O,System.Byte,,TRUE,FALSE
system.indicators.I_FC_SIDESTICK_PRIORITY_FO_ARROW,Sidestick priority F/O arrow,System.Byte,,TRUE,FALSE
system.indicators.I_FCU_ALTITUDE_MANAGED,Altitude managed,System.Byte,,TRUE,FALSE
system.indicators.I_FCU_AP1,AP1 indicator,System.Byte,,TRUE,FALSE
system.indicators.I_FCU_AP2,AP2 indicator,System.Byte,,TRUE,FALSE
system.indicators.I_FCU_APPR,APPR indicator,System.Byte,,TRUE,FALSE
system.indicators.I_FCU_ATHR,A/THR Indicator,System.Byte,,TRUE,FALSE
system.indicators.I_FCU_EFIS1_ARPT,EFIS Capt ARPT indicator,System.Byte,,TRUE,FALSE
system.indicators.I_FCU_EFIS1_CSTR,EFIS Capt CSTR indicator,System.Byte,,TRUE,FALSE
system.indicators.I_FCU_EFIS1_FD,EFIS CaptFD indicator,System.Byte,,TRUE,FALSE
system.indicators.I_FCU_EFIS1_LS,EFIS CaptLD indicator,System.Byte,,TRUE,FALSE
system.indicators.I_FCU_EFIS1_NDB,EFIS Capt NDB indicator,System.Byte,,TRUE,FALSE
system.indicators.I_FCU_EFIS1_QNH,EFIS Capt QNH indicator,System.Byte,,TRUE,FALSE
system.indicators.I_FCU_EFIS1_VORD,EFIS Capt VOR.D indicator,System.Byte,,TRUE,FALSE
system.indicators.I_FCU_EFIS1_WPT,EFIS Capt WPT indicator,System.Byte,,TRUE,FALSE
system.indicators.I_FCU_EFIS2_ARPT,EFIS F/O ARPT indicator,System.Byte,,TRUE,FALSE
system.indicators.I_FCU_EFIS2_CSTR,EFIS F/O CSTR indicator,System.Byte,,TRUE,FALSE
system.indicators.I_FCU_EFIS2_FD,EFIS F/OFD indicator,System.Byte,,TRUE,FALSE
system.indicators.I_FCU_EFIS2_LS,EFIS F/OLD indicator,System.Byte,,TRUE,FALSE
system.indicators.I_FCU_EFIS2_NDB,EFIS F/O NDB indicator,System.Byte,,TRUE,FALSE
system.indicators.I_FCU_EFIS2_QNH,EFIS F/O QNH indicator,System.Byte,,TRUE,FALSE
system.indicators.I_FCU_EFIS2_VORD,EFIS F/O VOR.D indicator,System.Byte,,TRUE,FALSE
system.indicators.I_FCU_EFIS2_WPT,EFIS F/O WPT indicator,System.Byte,,TRUE,FALSE
system.indicators.I_FCU_EXPED,Exped,System.Byte,,TRUE,FALSE
system.indicators.I_FCU_HEADING_MANAGED,Heading managed,System.Byte,,TRUE,FALSE
system.indicators.I_FCU_HEADING_VS_MODE,FCU Heading mode,System.Byte,,TRUE,FALSE
system.indicators.I_FCU_LOC,LOC indicator,System.Byte,,TRUE,FALSE
system.indicators.I_FCU_MACH_MODE,FCU Mach mode,System.Byte,,TRUE,FALSE
system.indicators.I_FCU_SPEED_MANAGED,Speed managed,System.Byte,,TRUE,FALSE
system.indicators.I_FCU_SPEED_MODE,FCU Speed mode,System.Byte,,TRUE,FALSE
system.indicators.I_FCU_TRACK_FPA_MODE,FCU Track mode,System.Byte,,TRUE,FALSE
system.indicators.I_MIP_ATC_MSG_CAPT_L,ATC MSG capt lower,System.Byte,,TRUE,FALSE
system.indicators.I_MIP_ATC_MSG_CAPT_U,ATC MSG capt upper,System.Byte,,TRUE,FALSE
system.indicators.I_MIP_ATC_MSG_FO_L,ATC MSG F/O lower,System.Byte,,TRUE,FALSE
system.indicators.I_MIP_ATC_MSG_FO_U,ATC MSG F/O upper,System.Byte,,TRUE,FALSE
system.indicators.I_MIP_AUTOBRAKE_LO_L,Auto/brk LO lower led,System.Byte,,TRUE,FALSE
system.indicators.I_MIP_AUTOBRAKE_LO_U,Auto/brk LO upper led,System.Byte,,TRUE,FALSE
system.indicators.I_MIP_AUTOBRAKE_MAX_L,Auto/brk MAX lower led,System.Byte,,TRUE,FALSE
system.indicators.I_MIP_AUTOBRAKE_MAX_U,Auto/brk MAX upper led,System.Byte,,TRUE,FALSE
system.indicators.I_MIP_AUTOBRAKE_MED_L,Auto/brk MED lower led,System.Byte,,TRUE,FALSE
system.indicators.I_MIP_AUTOBRAKE_MED_U,Auto/brk MED upper led,System.Byte,,TRUE,FALSE
system.indicators.I_MIP_AUTOLAND_CAPT,Autoland capt,System.Byte,,TRUE,FALSE
system.indicators.I_MIP_AUTOLAND_FO,Autoland f/o,System.Byte,,TRUE,FALSE
system.indicators.I_MIP_BRAKE_FAN_L,BRK Fan lower led,System.Byte,,TRUE,FALSE
system.indicators.I_MIP_BRAKE_FAN_U,BRK Fan upper led,System.Byte,,TRUE,FALSE
system.indicators.I_MIP_GEAR_1_L,Landing gear 1 lower,System.Byte,,TRUE,FALSE
system.indicators.I_MIP_GEAR_1_U,Landing gear 1 upper,System.Byte,,TRUE,FALSE
system.indicators.I_MIP_GEAR_2_L,Landing gear 2 lower,System.Byte,,TRUE,FALSE
system.indicators.I_MIP_GEAR_2_U,Landing gear 2 upper,System.Byte,,TRUE,FALSE
system.indicators.I_MIP_GEAR_3_L,Landing gear 3 lower,System.Byte,,TRUE,FALSE
system.indicators.I_MIP_GEAR_3_U,Landing gear 3 upper,System.Byte,,TRUE,FALSE
system.indicators.I_MIP_GEAR_RED,Gear handle red light,System.Byte,,TRUE,FALSE
system.indicators.I_MIP_GPWS_TERRAIN_ON_ND_CAPT_L,Terrain on ND capt lower led,System.Byte,,TRUE,FALSE
system.indicators.I_MIP_GPWS_TERRAIN_ON_ND_FO_L,Terrain on ND f/o lower led,System.Byte,,TRUE,FALSE
system.indicators.I_MIP_GPWS_VISUAL_ALERT_CAPT_L,GPWS visual alert capt,System.Byte,,TRUE,FALSE
system.indicators.I_MIP_GPWS_VISUAL_ALERT_CAPT_U,GPWS visual alert capt PULL UP,System.Byte,,TRUE,FALSE
system.indicators.I_MIP_GPWS_VISUAL_ALERT_FO_L,GPWS visual alert f/o,System.Byte,,TRUE,FALSE
system.indicators.I_MIP_GPWS_VISUAL_ALERT_FO_U,GPWS visual alert f/o PULL UP,System.Byte,,TRUE,FALSE
system.indicators.I_MIP_MASTER_CAUTION_CAPT,Master caution capt,System.Byte,,TRUE,FALSE
system.indicators.I_MIP_MASTER_CAUTION_CAPT_L,Master caution capt lower,System.Byte,,TRUE,FALSE
system.indicators.I_MIP_MASTER_CAUTION_FO,Master caution F/O,System.Byte,,TRUE,FALSE
system.indicators.I_MIP_MASTER_CAUTION_FO_L,Master caution F/O lower,System.Byte,,TRUE,FALSE
system.indicators.I_MIP_MASTER_WARNING_CAPT,Master warning capt,System.Byte,,TRUE,FALSE
system.indicators.I_MIP_MASTER_WARNING_CAPT_L,Master warning capt lower,System.Byte,,TRUE,FALSE
system.indicators.I_MIP_MASTER_WARNING_FO,Master warning F/O,System.Byte,,TRUE,FALSE
system.indicators.I_MIP_MASTER_WARNING_FO_L,Master warning F/O lower,System.Byte,,TRUE,FALSE
system.indicators.I_MIP_NORTH_REF_L,North ref lower led,System.Byte,,TRUE,FALSE
system.indicators.I_OH_AFT_FADEC_GND_1_L,Fadec gnd power 1 lower led,System.Byte,,TRUE,FALSE
system.indicators.I_OH_AFT_FADEC_GND_2_L,Fadec gnd power 2 lower led,System.Byte,,TRUE,FALSE
system.indicators.I_OH_APU_AUTOEXTING_TEST_L,APU Auto Exting Test lower led,System.Byte,,TRUE,FALSE
system.indicators.I_OH_APU_AUTOEXTING_TEST_U,APU Auto Exting Test upper led,System.Byte,,TRUE,FALSE
system.indicators.I_OH_CALLS_EMER_L,Calls emer lower led,System.Byte,,TRUE,FALSE
system.indicators.I_OH_CALLS_EMER_U,Calls emer upper led,System.Byte,,TRUE,FALSE
system.indicators.I_OH_CARGO_SMOKE_AFT_L,Cargo smoke Aft disch,System.Byte,,TRUE,FALSE
system.indicators.I_OH_CARGO_SMOKE_AFT_U,Cargo smoke Aft smoke,System.Byte,,TRUE,FALSE
system.indicators.I_OH_CARGO_SMOKE_DISCHARGE_1,Cargo smoke discharge 1,System.Byte,,TRUE,FALSE
system.indicators.I_OH_CARGO_SMOKE_DISCHARGE_2,Cargo smoke discharge 2,System.Byte,,TRUE,FALSE
system.indicators.I_OH_CARGO_SMOKE_DISCHARGE_AGENT_2,Cargo smoke discharge agent 2,System.Byte,,TRUE,FALSE
system.indicators.I_OH_CARGO_SMOKE_FWD_L,Cargo smoke Fwd disch,System.Byte,,TRUE,FALSE
system.indicators.I_OH_CARGO_SMOKE_FWD_U,Cargo smoke Fwd smoke,System.Byte,,TRUE,FALSE
system.indicators.I_OH_COM_IFE_IN_USE,IFE In use,System.Byte,,TRUE,FALSE
system.indicators.I_OH_COM_PA_IN_USE,PA In use,System.Byte,,TRUE,FALSE
system.indicators.I_OH_COM_VIDEO_IN_USE,Video In use,System.Byte,,TRUE,FALSE
system.indicators.I_OH_ELEC_AC_ESS_FEED_L,AC Ess Feed lower led,System.Byte,,TRUE,FALSE
system.indicators.I_OH_ELEC_AC_ESS_FEED_U,AC Ess Feed upper led,System.Byte,,TRUE,FALSE
system.indicators.I_OH_ELEC_APU_GENERATOR_L,APU Generator lower led,System.Byte,,TRUE,FALSE
system.indicators.I_OH_ELEC_APU_GENERATOR_U,APU Generator upper led,System.Byte,,TRUE,FALSE
system.indicators.I_OH_ELEC_APU_MASTER_L,APU Master lower led,System.Byte,,TRUE,FALSE
system.indicators.I_OH_ELEC_APU_MASTER_U,APU Master upper led,System.Byte,,TRUE,FALSE
system.indicators.I_OH_ELEC_APU_START_L,APU Start lower led,System.Byte,,TRUE,FALSE
system.indicators.I_OH_ELEC_APU_START_U,APU Start upper led,System.Byte,,TRUE,FALSE
system.indicators.I_OH_ELEC_BAT1_L,Battery 1 lower led,System.Byte,,TRUE,FALSE
system.indicators.I_OH_ELEC_BAT1_U,Battery 1 upper led,System.Byte,,TRUE,FALSE
system.indicators.I_OH_ELEC_BAT2_L,Battery 2 lower led,System.Byte,,TRUE,FALSE
system.indicators.I_OH_ELEC_BAT2_U,Battery 2 upper led,System.Byte,,TRUE,FALSE
system.indicators.I_OH_ELEC_BUSTIE_L,Bus Tie lower led,System.Byte,,TRUE,FALSE
system.indicators.I_OH_ELEC_COMMERCIAL_L,Commercial lower led,System.Byte,,TRUE,FALSE
system.indicators.I_OH_ELEC_EMERG_GEN_FAULT,Elec emerg gen fault,System.Byte,,TRUE,FALSE
system.indicators.I_OH_ELEC_EXT_PWR_L,Ext Pwr lower led,System.Byte,,TRUE,FALSE
system.indicators.I_OH_ELEC_EXT_PWR_U,Ext Pwr upper led,System.Byte,,TRUE,FALSE
system.indicators.I_OH_ELEC_GALY_L,Galy & Cab lower led,System.Byte,,TRUE,FALSE
system.indicators.I_OH_ELEC_GALY_U,Galy & Cab upper led,System.Byte,,TRUE,FALSE
system.indicators.I_OH_ELEC_GEN1_L,Gen 1 lower led,System.Byte,,TRUE,FALSE
system.indicators.I_OH_ELEC_GEN1_LINE_L,Gen 1 line lower led,System.Byte,,TRUE,FALSE
system.indicators.I_OH_ELEC_GEN1_LINE_U,Gen 1 line upper led,System.Byte,,TRUE,FALSE
system.indicators.I_OH_ELEC_GEN1_U,Gen 1 upper led,System.Byte,,TRUE,FALSE
system.indicators.I_OH_ELEC_GEN2_L,Gen 2 lower led,System.Byte,,TRUE,FALSE
system.indicators.I_OH_ELEC_GEN2_U,Gen 2 upper led,System.Byte,,TRUE,FALSE
system.indicators.I_OH_ELEC_IDG1_U,IDG 1 upper led,System.Byte,,TRUE,FALSE
system.indicators.I_OH_ELEC_IDG2_U,IDG 2 upper led,System.Byte,,TRUE,FALSE
system.indicators.I_OH_ENG_MANSTART_1_L,Eng man start 1 lower led,System.Byte,,TRUE,FALSE
system.indicators.I_OH_ENG_MANSTART_2_L,Eng man start 2 lower led,System.Byte,,TRUE,FALSE
system.indicators.I_OH_EVAC_COMMAND_L,EVAC command lower led,System.Byte,,TRUE,FALSE
system.indicators.I_OH_EVAC_COMMAND_U,EVAC command upper led,System.Byte,,TRUE,FALSE
system.indicators.I_OH_FIRE_APU_AGENT_L,Fire APU agent lower led,System.Byte,,TRUE,FALSE
system.indicators.I_OH_FIRE_APU_AGENT_U,Fire APU agent upper led,System.Byte,,TRUE,FALSE
system.indicators.I_OH_FIRE_APU_BUTTON,Fire APU indicator,System.Byte,,TRUE,FALSE
system.indicators.I_OH_FIRE_APU_BUTTON_COL1,Fire APU indicator col 1,System.Byte,,TRUE,FALSE
system.indicators.I_OH_FIRE_APU_BUTTON_COL2,Fire APU indicator col 2,System.Byte,,TRUE,FALSE
system.indicators.I_OH_FIRE_ENG1_AGENT1_L,Fire Eng 1 agent 1 lower led,System.Byte,,TRUE,FALSE
system.indicators.I_OH_FIRE_ENG1_AGENT1_U,Fire Eng 1 agent 1 upper led,System.Byte,,TRUE,FALSE
system.indicators.I_OH_FIRE_ENG1_AGENT2_L,Fire Eng 1 agent 2 lower led,System.Byte,,TRUE,FALSE
system.indicators.I_OH_FIRE_ENG1_AGENT2_U,Fire Eng 1 agent 2 upper led,System.Byte,,TRUE,FALSE
system.indicators.I_OH_FIRE_ENG1_BUTTON,Fire Eng 1 indicator,System.Byte,,TRUE,FALSE
system.indicators.I_OH_FIRE_ENG1_BUTTON_COL1,Fire Eng 1 indicator col 1,System.Byte,,TRUE,FALSE
system.indicators.I_OH_FIRE_ENG1_BUTTON_COL2,Fire Eng 1 indicator col 2,System.Byte,,TRUE,FALSE
system.indicators.I_OH_FIRE_ENG2_AGENT1_L,Fire Eng 2 agent 1 lower led,System.Byte,,TRUE,FALSE
system.indicators.I_OH_FIRE_ENG2_AGENT1_U,Fire Eng 2 agent 1 upper led,System.Byte,,TRUE,FALSE
system.indicators.I_OH_FIRE_ENG2_AGENT2_L,Fire Eng 2 agent 2 lower led,System.Byte,,TRUE,FALSE
system.indicators.I_OH_FIRE_ENG2_AGENT2_U,Fire Eng 2 agent 2 upper led,System.Byte,,TRUE,FALSE
system.indicators.I_OH_FIRE_ENG2_BUTTON,Fire Eng 2 indicator,System.Byte,,TRUE,FALSE
system.indicators.I_OH_FIRE_ENG2_BUTTON_COL1,Fire Eng 2 indicator col 1,System.Byte,,TRUE,FALSE
system.indicators.I_OH_FIRE_ENG2_BUTTON_COL2,Fire Eng 2 indicator col 2,System.Byte,,TRUE,FALSE
system.indicators.I_OH_FLT_CTL_ELAC_1_L,ELAC 1 lower led,System.Byte,,TRUE,FALSE
system.indicators.I_OH_FLT_CTL_ELAC_1_U,ELAC 1 upper led,System.Byte,,TRUE,FALSE
system.indicators.I_OH_FLT_CTL_ELAC_2_L,ELAC 2 lower led,System.Byte,,TRUE,FALSE
system.indicators.I_OH_FLT_CTL_ELAC_2_U,ELAC 2 upper led,System.Byte,,TRUE,FALSE
system.indicators.I_OH_FLT_CTL_FAC_1_L,FAC 1 lower led,System.Byte,,TRUE,FALSE
system.indicators.I_OH_FLT_CTL_FAC_1_U,FAC 1 upper led,System.Byte,,TRUE,FALSE
system.indicators.I_OH_FLT_CTL_FAC_2_L,FAC 2 lower led,System.Byte,,TRUE,FALSE
system.indicators.I_OH_FLT_CTL_FAC_2_U,FAC 2 upper led,System.Byte,,TRUE,FALSE
system.indicators.I_OH_FLT_CTL_SEC_1_L,SEC 1 lower led,System.Byte,,TRUE,FALSE
system.indicators.I_OH_FLT_CTL_SEC_1_U,SEC 1 upper led,System.Byte,,TRUE,FALSE
system.indicators.I_OH_FLT_CTL_SEC_2_L,SEC 2 lower led,System.Byte,,TRUE,FALSE
system.indicators.I_OH_FLT_CTL_SEC_2_U,SEC 2 upper led,System.Byte,,TRUE,FALSE
system.indicators.I_OH_FLT_CTL_SEC_3_L,SEC 3 lower led,System.Byte,,TRUE,FALSE
system.indicators.I_OH_FLT_CTL_SEC_3_U,SEC 3 upper led,System.Byte,,TRUE,FALSE
system.indicators.I_OH_FUEL_ACT_L,ACT lower led,System.Byte,,TRUE,FALSE
system.indicators.I_OH_FUEL_ACT_U,ACT upper led,System.Byte,,TRUE,FALSE
system.indicators.I_OH_FUEL_CENTER_1_L,Fuel pump center 1 lower led,System.Byte,,TRUE,FALSE
system.indicators.I_OH_FUEL_CENTER_1_U,Fuel pump center 1 upper led,System.Byte,,TRUE,FALSE
system.indicators.I_OH_FUEL_CENTER_2_L,Fuel pump center 2 lower led,System.Byte,,TRUE,FALSE
system.indicators.I_OH_FUEL_CENTER_2_U,Fuel pump center 2 upper led,System.Byte,,TRUE,FALSE
system.indicators.I_OH_FUEL_LEFT_1_L,Fuel pump left 1 lower led,System.Byte,,TRUE,FALSE
system.indicators.I_OH_FUEL_LEFT_1_U,Fuel pump left 1 upper led,System.Byte,,TRUE,FALSE
system.indicators.I_OH_FUEL_LEFT_2_L,Fuel pump left 2 lower led,System.Byte,,TRUE,FALSE
system.indicators.I_OH_FUEL_LEFT_2_U,Fuel pump left 2 upper led,System.Byte,,TRUE,FALSE
system.indicators.I_OH_FUEL_MODE_SEL_L,Fuel mode sel lower led,System.Byte,,TRUE,FALSE
system.indicators.I_OH_FUEL_MODE_SEL_U,Fuel mode sel upper led,System.Byte,,TRUE,FALSE
system.indicators.I_OH_FUEL_RIGHT_1_L,Fuel pump right 1 lower led,System.Byte,,TRUE,FALSE
system.indicators.I_OH_FUEL_RIGHT_1_U,Fuel pump right 1 upper led,System.Byte,,TRUE,FALSE
system.indicators.I_OH_FUEL_RIGHT_2_L,Fuel pump right 2 lower led,System.Byte,,TRUE,FALSE
system.indicators.I_OH_FUEL_RIGHT_2_U,Fuel pump right 2 upper led,System.Byte,,TRUE,FALSE
system.indicators.I_OH_FUEL_XFEED_L,Fuel X Feed lower led,System.Byte,,TRUE,FALSE
system.indicators.I_OH_FUEL_XFEED_U,Fuel X Feed upper led,System.Byte,,TRUE,FALSE
system.indicators.I_OH_GPWS_FLAP_MODE_L,GPWS Flap Mode lower led,System.Byte,,TRUE,FALSE
system.indicators.I_OH_GPWS_GS_MODE_L,GPWS G/S Mode lower led,System.Byte,,TRUE,FALSE
system.indicators.I_OH_GPWS_LDG_FLAP3_L,GPWS FLAP 3 lower led,System.Byte,,TRUE,FALSE
system.indicators.I_OH_GPWS_SYS_L,GPWS SYS lower led,System.Byte,,TRUE,FALSE
system.indicators.I_OH_GPWS_SYS_U,GPWS SYS upper led,System.Byte,,TRUE,FALSE
system.indicators.I_OH_GPWS_TERR_L,GPWS TERR lower led,System.Byte,,TRUE,FALSE
system.indicators.I_OH_GPWS_TERR_U,GPWS TERR upper led,System.Byte,,TRUE,FALSE
system.indicators.I_OH_HYD_BLUE_ELEC_PUMP_L,Elec hyd pump Blue lower led,System.Byte,,TRUE,FALSE
system.indicators.I_OH_HYD_BLUE_ELEC_PUMP_U,Elec hyd pump Blue upper led,System.Byte,,TRUE,FALSE
system.indicators.I_OH_HYD_BLUE_PUMP_OVERRIDE_L,Blue pump override lower led,System.Byte,,TRUE,FALSE
system.indicators.I_OH_HYD_ENG_1_PUMP_L,Eng 1 pump lower led,System.Byte,,TRUE,FALSE
system.indicators.I_OH_HYD_ENG_1_PUMP_U,Eng 1 pump upper led,System.Byte,,TRUE,FALSE
system.indicators.I_OH_HYD_ENG_2_PUMP_L,Eng 2 pump lower led,System.Byte,,TRUE,FALSE
system.indicators.I_OH_HYD_ENG_2_PUMP_U,Eng 2 pump upper led,System.Byte,,TRUE,FALSE
system.indicators.I_OH_HYD_LMV_BLUE_L,Leak measurement valve blue lower led,System.Byte,,TRUE,FALSE
system.indicators.I_OH_HYD_LMV_GREEN_L,Leak measurement valve green lower led,System.Byte,,TRUE,FALSE
system.indicators.I_OH_HYD_LMV_YELLOW_L,Leak measurement valve yellow lower led,System.Byte,,TRUE,FALSE
system.indicators.I_OH_HYD_PTU_L,PTU lower led,System.Byte,,TRUE,FALSE
system.indicators.I_OH_HYD_PTU_U,PTU upper led,System.Byte,,TRUE,FALSE
system.indicators.I_OH_HYD_YELLOW_ELEC_PUMP_L,Elec hyd pump Yellow lower led,System.Byte,,TRUE,FALSE
system.indicators.I_OH_HYD_YELLOW_ELEC_PUMP_U,Elec hyd pump Yellow upper led,System.Byte,,TRUE,FALSE
system.indicators.I_OH_INT_LT_EMER_OFF,Emer exit lt off,System.Byte,,TRUE,FALSE
system.indicators.I_OH_LIGHTING_AVIONICS_COMPT_L,Avionics compartment light lower led,System.Byte,,TRUE,FALSE
system.indicators.I_OH_NAV_ADIRS_ON_BAT,ADIRS ON BAT,System.Byte,,TRUE,FALSE
system.indicators.I_OH_NAV_ADIRS_QUEUE_CLR,ADIRS Keypad CLR,System.Byte,,TRUE,FALSE
system.indicators.I_OH_NAV_ADIRS_QUEUE_ENT,ADIRS Keypad ENT,System.Byte,,TRUE,FALSE
system.indicators.I_OH_NAV_ADR1_L,ADR1 lower led,System.Byte,,TRUE,FALSE
system.indicators.I_OH_NAV_ADR1_U,ADR1 upper led,System.Byte,,TRUE,FALSE
system.indicators.I_OH_NAV_ADR2_L,ADR2 lower led,System.Byte,,TRUE,FALSE
system.indicators.I_OH_NAV_ADR2_U,ADR2 upper led,System.Byte,,TRUE,FALSE
system.indicators.I_OH_NAV_ADR3_L,ADR3 lower led,System.Byte,,TRUE,FALSE
system.indicators.I_OH_NAV_ADR3_U,ADR3 upper led,System.Byte,,TRUE,FALSE
system.indicators.I_OH_NAV_IR1_ALIGN,IR 1 align,System.Byte,,TRUE,FALSE
system.indicators.I_OH_NAV_IR1_FAULT,IR 1 fault,System.Byte,,TRUE,FALSE
system.indicators.I_OH_NAV_IR1_SWITCH_L,IR1 lower led,System.Byte,,TRUE,FALSE
system.indicators.I_OH_NAV_IR1_SWITCH_U,IR1 upper led,System.Byte,,TRUE,FALSE
system.indicators.I_OH_NAV_IR2_ALIGN,IR 2 align,System.Byte,,TRUE,FALSE
system.indicators.I_OH_NAV_IR2_FAULT,IR 2 fault,System.Byte,,TRUE,FALSE
system.indicators.I_OH_NAV_IR2_SWITCH_L,IR2 lower led,System.Byte,,TRUE,FALSE
system.indicators.I_OH_NAV_IR2_SWITCH_U,IR2 upper led,System.Byte,,TRUE,FALSE
system.indicators.I_OH_NAV_IR3_ALIGN,IR 3 align,System.Byte,,TRUE,FALSE
system.indicators.I_OH_NAV_IR3_FAULT,IR 3 fault,System.Byte,,TRUE,FALSE
system.indicators.I_OH_NAV_IR3_SWITCH_L,IR3 lower led,System.Byte,,TRUE,FALSE
system.indicators.I_OH_NAV_IR3_SWITCH_U,IR3 upper led,System.Byte,,TRUE,FALSE
system.indicators.I_OH_OXYGEN_CREW_OXYGEN_L,Crew oxygen lower led,System.Byte,,TRUE,FALSE
system.indicators.I_OH_OXYGEN_PASSENGER_U,Oxygen sys on,System.Byte,,TRUE,FALSE
system.indicators.I_OH_OXYGEN_TMR_RESET_L,Oxygen TMR Reset lower led,System.Byte,,TRUE,FALSE
system.indicators.I_OH_OXYGEN_TMR_RESET_U,Oxygen TMR Reset upper led,System.Byte,,TRUE,FALSE
system.indicators.I_OH_PNEUMATIC_APU_BLEED_L,APU bleed lower led,System.Byte,,TRUE,FALSE
system.indicators.I_OH_PNEUMATIC_APU_BLEED_U,APU bleed upper led,System.Byte,,TRUE,FALSE
system.indicators.I_OH_PNEUMATIC_BLOWER_L,Ventilation blower lower led,System.Byte,,TRUE,FALSE
system.indicators.I_OH_PNEUMATIC_BLOWER_U,Ventilation blower upper led,System.Byte,,TRUE,FALSE
system.indicators.I_OH_PNEUMATIC_CAB_FANS_L,Cab fans lower led,System.Byte,,TRUE,FALSE
system.indicators.I_OH_PNEUMATIC_CARGO_AFT_ISOL_VALVE_L,Cargo vent aft isol valve lower led,System.Byte,,TRUE,FALSE
system.indicators.I_OH_PNEUMATIC_CARGO_AFT_ISOL_VALVE_U,Cargo vent aft isol valve upper led,System.Byte,,TRUE,FALSE
system.indicators.I_OH_PNEUMATIC_CARGO_FWD_ISOL_VALVE_L,Cargo vent fwd isol valve lower led,System.Byte,,TRUE,FALSE
system.indicators.I_OH_PNEUMATIC_CARGO_FWD_ISOL_VALVE_U,Cargo vent fwd isol valve upper led,System.Byte,,TRUE,FALSE
system.indicators.I_OH_PNEUMATIC_DITCHING_L,Ditching lower led,System.Byte,,TRUE,FALSE
system.indicators.I_OH_PNEUMATIC_ECON_FLOW_L,Econ flow lower led,System.Byte,,TRUE,FALSE
system.indicators.I_OH_PNEUMATIC_ENG1_ANTI_ICE_L,Eng 1 anti ice lower led,System.Byte,,TRUE,FALSE
system.indicators.I_OH_PNEUMATIC_ENG1_ANTI_ICE_U,Eng 1 anti ice upper led,System.Byte,,TRUE,FALSE
system.indicators.I_OH_PNEUMATIC_ENG1_BLEED_L,Eng 1 bleed lower led,System.Byte,,TRUE,FALSE
system.indicators.I_OH_PNEUMATIC_ENG1_BLEED_U,Eng 1 bleed upper led,System.Byte,,TRUE,FALSE
system.indicators.I_OH_PNEUMATIC_ENG2_ANTI_ICE_L,Eng 2 anti ice lower led,System.Byte,,TRUE,FALSE
system.indicators.I_OH_PNEUMATIC_ENG2_ANTI_ICE_U,Eng 2 anti ice upper led,System.Byte,,TRUE,FALSE
system.indicators.I_OH_PNEUMATIC_ENG2_BLEED_L,Eng 2 bleed lower led,System.Byte,,TRUE,FALSE
system.indicators.I_OH_PNEUMATIC_ENG2_BLEED_U,Eng 2 bleed upper led,System.Byte,,TRUE,FALSE
system.indicators.I_OH_PNEUMATIC_EXTRACT_L,Ventilation extract lower led,System.Byte,,TRUE,FALSE
system.indicators.I_OH_PNEUMATIC_EXTRACT_U,Ventilation extract upper led,System.Byte,,TRUE,FALSE
system.indicators.I_OH_PNEUMATIC_HOT_AIR_AFT_CARGO_L,Hot air aft cargo lower led,System.Byte,,TRUE,FALSE
system.indicators.I_OH_PNEUMATIC_HOT_AIR_AFT_CARGO_U,Hot air aft cargo upper led,System.Byte,,TRUE,FALSE
system.indicators.I_OH_PNEUMATIC_HOT_AIR_L,Hot air lower led,System.Byte,,TRUE,FALSE
system.indicators.I_OH_PNEUMATIC_HOT_AIR_U,Hot air upper led,System.Byte,,TRUE,FALSE
system.indicators.I_OH_PNEUMATIC_PACK_1_L,Pack 1 lower led,System.Byte,,TRUE,FALSE
system.indicators.I_OH_PNEUMATIC_PACK_1_U,Pack 1 upper led,System.Byte,,TRUE,FALSE
system.indicators.I_OH_PNEUMATIC_PACK_2_L,Pack 2 lower led,System.Byte,,TRUE,FALSE
system.indicators.I_OH_PNEUMATIC_PACK_2_U,Pack 2 upper led,System.Byte,,TRUE,FALSE
system.indicators.I_OH_PNEUMATIC_PRESS_MODE_L,Press mode sel lower led,System.Byte,,TRUE,FALSE
system.indicators.I_OH_PNEUMATIC_PRESS_MODE_U,Press mode sel upper led,System.Byte,,TRUE,FALSE
system.indicators.I_OH_PNEUMATIC_RAM_AIR_L,Ram air lower led,System.Byte,,TRUE,FALSE
system.indicators.I_OH_PNEUMATIC_WING_ANTI_ICE_L,Wing anti ice lower led,System.Byte,,TRUE,FALSE
system.indicators.I_OH_PNEUMATIC_WING_ANTI_ICE_U,Wing anti ice upper led,System.Byte,,TRUE,FALSE
system.indicators.I_OH_PROBE_HEAT_L,Probe/Window heat lower led,System.Byte,,TRUE,FALSE
system.indicators.I_OH_RCRD_GND_CTL_L,RCRD Ground control lower led,System.Byte,,TRUE,FALSE
system.indicators.I_OH_SVCE_INT_OVRD_L,Service interphone override lower led,System.Byte,,TRUE,FALSE
system.indicators.I_PED_COCKPIT_DOOR_L,Cockpit door fault,System.Byte,,TRUE,FALSE
system.indicators.I_PED_COCKPIT_DOOR_U,Cockpit door open,System.Byte,,TRUE,FALSE
system.indicators.I_PED_RMP1_ADF,RMP capt ADF indicator,System.Byte,,TRUE,FALSE
system.indicators.I_PED_RMP1_AM,RMP capt AM indicator,System.Byte,,TRUE,FALSE
system.indicators.I_PED_RMP1_BFO,RMP capt BFO indicator,System.Byte,,TRUE,FALSE
system.indicators.I_PED_RMP1_HF1,RMP capt HF1 indicator,System.Byte,,TRUE,FALSE
system.indicators.I_PED_RMP1_HF2,RMP capt HF2 indicator,System.Byte,,TRUE,FALSE
system.indicators.I_PED_RMP1_ILS,RMP capt ILS indicator,System.Byte,,TRUE,FALSE
system.indicators.I_PED_RMP1_MLS,RMP capt MLS indicator,System.Byte,,TRUE,FALSE
system.indicators.I_PED_RMP1_NAV,RMP capt NAV indicator,System.Byte,,TRUE,FALSE
system.indicators.I_PED_RMP1_SEL,RMP capt SEL indicator,System.Byte,,TRUE,FALSE
system.indicators.I_PED_RMP1_VHF1,RMP capt VHF1 indicator,System.Byte,,TRUE,FALSE
system.indicators.I_PED_RMP1_VHF2,RMP capt VHF2 indicator,System.Byte,,TRUE,FALSE
system.indicators.I_PED_RMP1_VHF3,RMP capt VHF3 indicator,System.Byte,,TRUE,FALSE
system.indicators.I_PED_RMP1_VOR,RMP capt VOR indicator,System.Byte,,TRUE,FALSE
system.indicators.I_PED_RMP2_ADF,RMP F/O ADF indicator,System.Byte,,TRUE,FALSE
system.indicators.I_PED_RMP2_AM,RMP F/O AM indicator,System.Byte,,TRUE,FALSE
system.indicators.I_PED_RMP2_BFO,RMP F/O BFO indicator,System.Byte,,TRUE,FALSE
system.indicators.I_PED_RMP2_HF1,RMP F/O HF1 indicator,System.Byte,,TRUE,FALSE
system.indicators.I_PED_RMP2_HF2,RMP F/O HF2 indicator,System.Byte,,TRUE,FALSE
system.indicators.I_PED_RMP2_ILS,RMP F/O ILS indicator,System.Byte,,TRUE,FALSE
system.indicators.I_PED_RMP2_MLS,RMP F/O MLS indicator,System.Byte,,TRUE,FALSE
system.indicators.I_PED_RMP2_NAV,RMP F/O NAV indicator,System.Byte,,TRUE,FALSE
system.indicators.I_PED_RMP2_SEL,RMP F/O SEL indicator,System.Byte,,TRUE,FALSE
system.indicators.I_PED_RMP2_VHF1,RMP F/O VHF1 indicator,System.Byte,,TRUE,FALSE
system.indicators.I_PED_RMP2_VHF2,RMP F/O VHF2 indicator,System.Byte,,TRUE,FALSE
system.indicators.I_PED_RMP2_VHF3,RMP F/O VHF3 indicator,System.Byte,,TRUE,FALSE
system.indicators.I_PED_RMP2_VOR,RMP F/O VOR indicator,System.Byte,,TRUE,FALSE
system.indicators.I_PED_RMP3_ADF,RMP OBS ADF indicator,System.Byte,,TRUE,FALSE
system.indicators.I_PED_RMP3_AM,RMP OBS AM indicator,System.Byte,,TRUE,FALSE
system.indicators.I_PED_RMP3_BFO,RMP OBS BFO indicator,System.Byte,,TRUE,FALSE
system.indicators.I_PED_RMP3_HF1,RMP OBS HF1 indicator,System.Byte,,TRUE,FALSE
system.indicators.I_PED_RMP3_HF2,RMP OBS HF2 indicator,System.Byte,,TRUE,FALSE
system.indicators.I_PED_RMP3_ILS,RMP OBS ILS indicator,System.Byte,,TRUE,FALSE
system.indicators.I_PED_RMP3_MLS,RMP OBS MLS indicator,System.Byte,,TRUE,FALSE
system.indicators.I_PED_RMP3_NAV,RMP OBS NAV indicator,System.Byte,,TRUE,FALSE
system.indicators.I_PED_RMP3_SEL,RMP OBS SEL indicator,System.Byte,,TRUE,FALSE
system.indicators.I_PED_RMP3_VHF1,RMP OBS VHF1 indicator,System.Byte,,TRUE,FALSE
system.indicators.I_PED_RMP3_VHF2,RMP OBS VHF2 indicator,System.Byte,,TRUE,FALSE
system.indicators.I_PED_RMP3_VHF3,RMP OBS VHF3 indicator,System.Byte,,TRUE,FALSE
system.indicators.I_PED_RMP3_VOR,RMP OBS VOR indicator,System.Byte,,TRUE,FALSE
system.indicators.I_PURSER_EVAC,EVAC purser,System.Byte,,TRUE,FALSE
system.indicators.I_REFUEL_CKPT,Refuel ckpt,System.Byte,,TRUE,FALSE
system.indicators.I_REFUEL_END,Refuel end,System.Byte,,TRUE,FALSE
system.indicators.I_REFUEL_POWER_L,Refuel power lower led,System.Byte,,TRUE,FALSE
system.indicators.I_REFUEL_POWER_U,Refuel power upper led,System.Byte,,TRUE,FALSE
system.indicators.I_REFUEL_REFUEL_L,Refuel refuel lower led,System.Byte,,TRUE,FALSE
system.indicators.I_REFUEL_REFUEL_U,Refuel refuel upper led,System.Byte,,TRUE,FALSE
system.indicators.I_WR2_HZD,Weather Radar P2 Hzd,System.Byte,,TRUE,FALSE
system.indicators.I_WR2_TURB,Weather Radar P2 Turb,System.Byte,,TRUE,FALSE
system.indicators.I_XPDR_ATC_1,ATC 1 label,System.Byte,,TRUE,FALSE
system.indicators.I_XPDR_ATC_2,ATC 2 label,System.Byte,,TRUE,FALSE
system.indicators.I_XPDR_FAIL,ATC Fail,System.Byte,,TRUE,FALSE
system.numerical.N_AIR_ALT_CAPT,Altitude captain,System.Double,,TRUE,FALSE
system.numerical.N_AIR_ALT_FO,Altitude F/O,System.Double,,TRUE,FALSE
system.numerical.N_AIR_PRESSURE_ALT,Pressure altitude,System.Double,,TRUE,FALSE
system.numerical.N_AIRSPEED,Airspeed,System.Double,,TRUE,FALSE
system.numerical.N_APU_N,APU N,System.Double,,TRUE,FALSE
system.numerical.N_CDU1_BRIGHTNESS,CDU1 brightness,System.Double,,TRUE,FALSE
system.numerical.N_CDU2_BRIGHTNESS,CDU2 brightness,System.Double,,TRUE,FALSE
system.numerical.N_CHART_LIGHT_TEMP_CAPT,Chart lt captain output,System.Double,,TRUE,FALSE
system.numerical.N_CHART_LIGHT_TEMP_FO,Chart lt F/O output,System.Double,,TRUE,FALSE
system.numerical.N_DCDU1_BRIGHTNESS,DCDU captain brightness,System.Double,,TRUE,FALSE
system.numerical.N_DCDU2_BRIGHTNESS,DCDU F/O brightness,System.Double,,TRUE,FALSE
system.numerical.N_DISPLAY_BRIGHTNESS_CI,Brightness capt inboard output,System.Double,,TRUE,FALSE
system.numerical.N_DISPLAY_BRIGHTNESS_CO,Brightness capt outboard output,System.Double,,TRUE,FALSE
system.numerical.N_DISPLAY_BRIGHTNESS_ECAM_L,Brightness lower ecam outboard output,System.Double,,TRUE,FALSE
system.numerical.N_DISPLAY_BRIGHTNESS_ECAM_U,Brightness upper ecam output,System.Double,,TRUE,FALSE
system.numerical.N_DISPLAY_BRIGHTNESS_FI,Brightness f/o inboard output,System.Double,,TRUE,FALSE
system.numerical.N_DISPLAY_BRIGHTNESS_FO,Brightness f/o outboard output,System.Double,,TRUE,FALSE
system.numerical.N_ELEC_VOLT_BAT_1,Volt bat 1,System.Double,,TRUE,FALSE
system.numerical.N_ELEC_VOLT_BAT_2,Volt bat 2,System.Double,,TRUE,FALSE
system.numerical.N_ENG_EGT_ENG1,Eng 1 EGT,System.Double,,TRUE,FALSE
system.numerical.N_ENG_EGT_ENG2,Eng 2 EGT,System.Double,,TRUE,FALSE
system.numerical.N_ENG_N1_ENG1,Eng 1 N1,System.Double,,TRUE,FALSE
system.numerical.N_ENG_N1_ENG2,Eng 2 N1,System.Double,,TRUE,FALSE
system.numerical.N_ENG_N2_ENG1,Eng 1 N2,System.Double,,TRUE,FALSE
system.numerical.N_ENG_N2_ENG2,Eng 2 N2,System.Double,,TRUE,FALSE
system.numerical.N_ENG_OIL_TEMP_ENG1,Eng 1 Oil temp,System.Double,,TRUE,FALSE
system.numerical.N_ENG_OIL_TEMP_ENG2,Eng 2 Oil temp,System.Double,,TRUE,FALSE
system.numerical.N_FC_BRAKE_LEFT_CAPT,Brake pedal capt left output,System.Double,,TRUE,FALSE
system.numerical.N_FC_BRAKE_LEFT_FO,Brake pedal f/o left output,System.Double,,TRUE,FALSE
system.numerical.N_FC_BRAKE_RIGHT_CAPT,Brake pedal capt right output,System.Double,,TRUE,FALSE
system.numerical.N_FC_BRAKE_RIGHT_FO,Brake pedal f/o right output,System.Double,,TRUE,FALSE
system.numerical.N_FC_CAPT_TILLER,Tiller captain position,System.Double,,TRUE,FALSE
system.numerical.N_FC_ELEVATOR_TRIM,Elevator trim output,System.Double,,TRUE,FALSE
system.numerical.N_FC_ELEVATOR_TRIM_MOTOR,Elevator trim motor,System.Double,,TRUE,FALSE
system.numerical.N_FC_FO_TILLER,Tiller F/O position,System.Double,,TRUE,FALSE
system.numerical.N_FC_RUDDER,Rudder pedals position,System.Double,,TRUE,FALSE
system.numerical.N_FC_RUDDER_TRIM,Rudder trim,System.Double,,TRUE,FALSE
system.numerical.N_FC_RUDDER_TRIM_DECIMAL,Rudder trim decimal,System.Double,,TRUE,FALSE
system.numerical.N_FC_SFCC_FLAP_MOTOR,Flap motor position,System.Double,,TRUE,FALSE
system.numerical.N_FC_SFCC_SLAT_MOTOR,Slat motor position,System.Double,,TRUE,FALSE
system.numerical.N_FC_SFCC_TARGET,SFCC target,System.Double,,TRUE,FALSE
system.numerical.N_FC_SIDESTICK_CAPT_BANK,Sidestick captain position bank,System.Double,,TRUE,FALSE
system.numerical.N_FC_SIDESTICK_CAPT_PITCH,Sidestick captain position pitch,System.Double,,TRUE,FALSE
system.numerical.N_FC_SIDESTICK_FO_BANK,Sidestick f/o position bank,System.Double,,TRUE,FALSE
system.numerical.N_FC_SIDESTICK_FO_PITCH,Sidestick f/o position pitch,System.Double,,TRUE,FALSE
system.numerical.N_FC_THROTTLE1,Throttle output 1,System.Double,,TRUE,FALSE
system.numerical.N_FC_THROTTLE2,Throttle output 2,System.Double,,TRUE,FALSE
system.numerical.N_FCU_ALTITUDE,Altitude output,System.Double,,TRUE,FALSE
system.numerical.N_FCU_EFIS1_BARO_HPA,EFIS Capt baro output hPa,System.Double,,TRUE,FALSE
system.numerical.N_FCU_EFIS1_BARO_INCH,EFIS Capt baro output inch,System.Double,,TRUE,FALSE
system.numerical.N_FCU_EFIS2_BARO_HPA,EFIS F/O baro output hPa,System.Double,,TRUE,FALSE
system.numerical.N_FCU_EFIS2_BARO_INCH,EFIS F/O baro output inch,System.Double,,TRUE,FALSE
system.numerical.N_FCU_HEADING,Heading output,System.Double,,TRUE,FALSE
system.numerical.N_FCU_LIGHTING,FCU integ lt output,System.Double,,TRUE,FALSE
system.numerical.N_FCU_LIGHTING_TEXT,FCU text lt output,System.Double,,TRUE,FALSE
system.numerical.N_FCU_SPEED,Speed output,System.Double,,TRUE,FALSE
system.numerical.N_FCU_VS,Vertical speed output,System.Double,,TRUE,FALSE
system.numerical.N_FREQ_ADF1,Radio freq ADF1,System.Double,,TRUE,FALSE
system.numerical.N_FREQ_ADF2,Radio freq ADF2,System.Double,,TRUE,FALSE
system.numerical.N_FREQ_COM1,Radio freq COM1,System.Double,,TRUE,FALSE
system.numerical.N_FREQ_COM2,Radio freq COM2,System.Double,,TRUE,FALSE
system.numerical.N_FREQ_COM3,Radio freq COM3,System.Double,,TRUE,FALSE
system.numerical.N_FREQ_HF1,Radio freq HF1,System.Double,,TRUE,FALSE
system.numerical.N_FREQ_HF2,Radio freq HF2,System.Double,,TRUE,FALSE
system.numerical.N_FREQ_ILS1,Radio freq ILS1,System.Double,,TRUE,FALSE
system.numerical.N_FREQ_ILS2,Radio freq ILS2,System.Double,,TRUE,FALSE
system.numerical.N_FREQ_NAV1,Radio freq NAV1,System.Double,,TRUE,FALSE
system.numerical.N_FREQ_NAV2,Radio freq NAV2,System.Double,,TRUE,FALSE
system.numerical.N_FREQ_STANDBY_ADF1,Radio standby freq ADF1,System.Double,,TRUE,FALSE
system.numerical.N_FREQ_STANDBY_ADF2,Radio standby freq ADF2,System.Double,,TRUE,FALSE
system.numerical.N_FREQ_STANDBY_COM1,Radio standby freq COM1,System.Double,,TRUE,FALSE
system.numerical.N_FREQ_STANDBY_COM2,Radio standby freq COM2,System.Double,,TRUE,FALSE
system.numerical.N_FREQ_STANDBY_COM3,Radio standby freq COM3,System.Double,,TRUE,FALSE
system.numerical.N_FREQ_STANDBY_HF1,Radio standby freq HF1,System.Double,,TRUE,FALSE
system.numerical.N_FREQ_STANDBY_HF2,Radio standby freq HF2,System.Double,,TRUE,FALSE
system.numerical.N_FREQ_STANDBY_ILS1,Radio standby freq ILS1,System.Double,,TRUE,FALSE
system.numerical.N_FREQ_STANDBY_ILS2,Radio standby freq ILS2,System.Double,,TRUE,FALSE
system.numerical.N_FREQ_STANDBY_NAV1,Radio standby freq NAV1,System.Double,,TRUE,FALSE
system.numerical.N_FREQ_STANDBY_NAV2,Radio standby freq NAV2,System.Double,,TRUE,FALSE
system.numerical.N_FREQ_STANDBY_XPDR,Radio standby freq XPDR,System.Double,,TRUE,FALSE
system.numerical.N_FREQ_STANDBY_XPDR_SELECTED,Radio standby freq XPDR Panel,System.Double,,TRUE,FALSE
system.numerical.N_FREQ_STANDBY_XPDR2,Radio standby freq XPDR2,System.Double,,TRUE,FALSE
system.numerical.N_FREQ_XPDR,Radio freq XPDR,System.Double,,TRUE,FALSE
system.numerical.N_FREQ_XPDR_SELECTED,Radio freq XPDR Panel,System.Double,,TRUE,FALSE
system.numerical.N_FREQ_XPDR2,Radio freq XPDR2,System.Double,,TRUE,FALSE
system.numerical.N_GROUNDSPEED,Groundspeed,System.Double,,TRUE,FALSE
system.numerical.N_HYD_PRESSURE_BLUE,Blue hydraulic pressure,System.Double,,TRUE,FALSE
system.numerical.N_HYD_PRESSURE_BRAKE_ACCU,Brake accumulator pressure gauge numerical,System.Double,,TRUE,FALSE
system.numerical.N_HYD_PRESSURE_BRAKE_LEFT,Brake pressure left gauge numerical,System.Double,,TRUE,FALSE
system.numerical.N_HYD_PRESSURE_BRAKE_RIGHT,Brake pressure right gauge numerical,System.Double,,TRUE,FALSE
system.numerical.N_HYD_PRESSURE_GREEN,Green hydraulic pressure,System.Double,,TRUE,FALSE
system.numerical.N_HYD_PRESSURE_YELLOW,Yellow hydraulic pressure,System.Double,,TRUE,FALSE
system.numerical.N_IRS_ALIGN_MINUTES,IRS Alignment minutes,System.Double,,TRUE,FALSE
system.numerical.N_MIP_CLOCK_CHRONO,Clock chrono,System.Double,,TRUE,FALSE
system.numerical.N_MIP_CLOCK_ELAPSED,Clock elapsed,System.Double,,TRUE,FALSE
system.numerical.N_MIP_CLOCK_MODE,Clock UTC mode,System.Double,,TRUE,FALSE
system.numerical.N_MIP_CLOCK_UTC,Clock UTC,System.Double,,TRUE,FALSE
system.numerical.N_MIP_ISIS_BRIGHTNESS,ISIS brightness,System.Double,,TRUE,FALSE
system.numerical.N_MIP_LIGHTING_FLOOD_CENTER_L,Flood lt main center panel output left,System.Double,,TRUE,FALSE
system.numerical.N_MIP_LIGHTING_FLOOD_CENTER_R,Flood lt main center panel output right,System.Double,,TRUE,FALSE
system.numerical.N_MIP_LIGHTING_FLOOD_MAIN_L,Flood lt main panel output,System.Double,,TRUE,FALSE
system.numerical.N_MIP_LIGHTING_FLOOD_MAIN_R,Flood lt main panel right output,System.Double,,TRUE,FALSE
system.numerical.N_MIP_LIGHTING_FLOOD_PEDESTAL,Flood lt pedestal output,System.Double,,TRUE,FALSE
system.numerical.N_MIP_LIGHTING_FLOOD_PEDESTAL_L,Flood lt pedestal output left,System.Double,,TRUE,FALSE
system.numerical.N_MIP_LIGHTING_FLOOD_PEDESTAL_R,Flood lt pedestal output right,System.Double,,TRUE,FALSE
system.numerical.N_MIP_LIGHTING_MAP_L,Map holder lt captain output,System.Double,,TRUE,FALSE
system.numerical.N_MIP_LIGHTING_MAP_R,Map holder lt F/O output,System.Double,,TRUE,FALSE
system.numerical.N_MISC_ALPHC1,ADC 1 AoA,System.Double,,TRUE,FALSE
system.numerical.N_MISC_ALPHC2,ADC 2 AoA,System.Double,,TRUE,FALSE
system.numerical.N_MISC_ALPHC3,ADC 3 AoA,System.Double,,TRUE,FALSE
system.numerical.N_MISC_AOA_1,AOA 1.00,System.Double,,TRUE,FALSE
system.numerical.N_MISC_AOA_2,AOA 2.00,System.Double,,TRUE,FALSE
system.numerical.N_MISC_AOA_3,AOA 3.00,System.Double,,TRUE,FALSE
system.numerical.N_MISC_D_RADIO_ALT,Delta radioalt,System.Double,,TRUE,FALSE
system.numerical.N_MISC_DH,Decision height,System.Double,,TRUE,FALSE
system.numerical.N_MISC_FLIGHTPHASE,Flight phase,System.Double,,TRUE,FALSE
system.numerical.N_MISC_RADIO_ALT,Radio altitude,System.Double,,TRUE,FALSE
system.numerical.N_NMAS,Airspeed VMO,System.Double,,TRUE,FALSE
system.numerical.N_OH_ADIRS_LEFT,ADIRS Display left,System.Double,,TRUE,FALSE
system.numerical.N_OH_ADIRS_MODE_LEFT,ADIRS Display mode left,System.Double,,TRUE,FALSE
system.numerical.N_OH_ADIRS_MODE_RIGHT,ADIRS Display mode right,System.Double,,TRUE,FALSE
system.numerical.N_OH_ADIRS_RIGHT,ADIRS Display right,System.Double,,TRUE,FALSE
system.numerical.N_OH_LIGHTING_OVD,Overhead integ lt output,System.Double,,TRUE,FALSE
system.numerical.N_OH_READING_LIGHT_CAPT,Reading light captain output,System.Double,,TRUE,FALSE
system.numerical.N_OH_READING_LIGHT_FO,Reading light F/O output,System.Double,,TRUE,FALSE
system.numerical.N_OUTFLOW_VALVE,Outflow valve position,System.Double,,TRUE,FALSE
system.numerical.N_PCDP,Differential pressure,System.Double,,TRUE,FALSE
system.numerical.N_PED_LIGHTING_PEDESTAL,Pedestal integ lt output,System.Double,,TRUE,FALSE
system.numerical.N_PED_RMP1_ACTIVE,RMP capt active display,System.Double,,TRUE,FALSE
system.numerical.N_PED_RMP1_STDBY,RMP capt standby/crs display,System.Double,,TRUE,FALSE
system.numerical.N_PED_RMP2_ACTIVE,RMP F/O active display,System.Double,,TRUE,FALSE
system.numerical.N_PED_RMP2_STDBY,RMP F/O standby/crs display,System.Double,,TRUE,FALSE
system.numerical.N_PED_RMP3_ACTIVE,RMP OBS active display,System.Double,,TRUE,FALSE
system.numerical.N_PED_RMP3_STDBY,RMP OBS standby/crs display,System.Double,,TRUE,FALSE
system.numerical.N_PED_XPDR_CHAR_DISPLAYED,XPDR characters displayed,System.Double,,TRUE,FALSE
system.numerical.N_RADIO_GS1_DEV,Glide deviation 1,System.Double,,TRUE,FALSE
system.numerical.N_RADIO_GS2_DEV,Glide deviation 2,System.Double,,TRUE,FALSE
system.numerical.N_REFUEL_ACTUAL,Refuel actual,System.Double,,TRUE,FALSE
system.numerical.N_REFUEL_PRESELECTED,Refuel preselected,System.Double,,TRUE,FALSE
system.numerical.N_RMI_HEADING,RMI heading,System.Double,,TRUE,FALSE
system.numerical.N_STANDBY_COMPASS,Magnetic compass indication,System.Double,,TRUE,FALSE
system.numerical.N_TAT,TAT,System.Double,,TRUE,FALSE
system.productFolder,ProSim system folder,System.String,,TRUE,FALSE
system.productName,Name of the running ProSim-AR product,System.String,,TRUE,FALSE
system.sdk.normalizeIndicators,"Normalize values of indicators in SDK to off, bright and on",System.Boolean,,TRUE,TRUE
system.switches.CB_A01_HP_FUEL_SOV_1,"HP FUEL SOV 1 [0:Pulled, 1:Normal]",System.Int32,,TRUE,TRUE
system.switches.CB_A02_HP_FUEL_SOV_2,"HP FUEL SOV 2 [0:Pulled, 1:Normal]",System.Int32,,TRUE,TRUE
system.switches.CB_A03_ENG12_IGN_SYSA,"Ign Eng 1&2 Sys A [0:Pulled, 1:Normal]",System.Int32,,TRUE,TRUE
system.switches.CB_A04_ENG1_FADEC_A_EIU_1,"Eng 1 FADEC A EIU 1 [0:Pulled, 1:Normal]",System.Int32,,TRUE,TRUE
system.switches.CB_A05_ENG2_FADEC_A_EIU_2,"Eng 2 FADEC A EIU 2 [0:Pulled, 1:Normal]",System.Int32,,TRUE,TRUE
system.switches.CB_A06_ENG1_DET_LOOP_A,"Eng 1 Det Loop A [0:Pulled, 1:Normal]",System.Int32,,TRUE,TRUE
system.switches.CB_A07_ENG2_DET_LOOP_B,"Eng 2 Det Loop B [0:Pulled, 1:Normal]",System.Int32,,TRUE,TRUE
system.switches.CB_A08_LP_VALVE_MOT1_ENG1,"LP Valve MOT1 ENG1 [0:Pulled, 1:Normal]",System.Int32,,TRUE,TRUE
system.switches.CB_A09_LP_VALVE_MOT1_ENG2,"LP Valve MOT1 ENG2 [0:Pulled, 1:Normal]",System.Int32,,TRUE,TRUE
system.switches.CB_A10_XFR_VALVE_1_L,"XFR VALVE1 L [0:Pulled, 1:Normal]",System.Int32,,TRUE,TRUE
system.switches.CB_A11_XFR_VALVE_1_R,"XFR VALVE1 R [0:Pulled, 1:Normal]",System.Int32,,TRUE,TRUE
system.switches.CB_A12_XFEED_VALVE_MOT1,"Xfeed valve mot 1 [0:Pulled, 1:Normal]",System.Int32,,TRUE,TRUE
system.switches.CB_A13_FQI_CHAN_1,"FQI Chan 1 [0:Pulled, 1:Normal]",System.Int32,,TRUE,TRUE
system.switches.CB_A14_SMOKE_CONFIG_PUMP_CTL,"Smoke config pump ctl [0:Pulled, 1:Normal]",System.Int32,,TRUE,TRUE
system.switches.CB_AB01_BUS_2_231XP_SPLY,"Bus 2 231XP-A Sply [0:Pulled, 1:Normal]",System.Int32,,TRUE,TRUE
system.switches.CB_AB09_B_HYD_ELEC_PUMP,"B Hyd Elec pump [0:Pulled, 1:Normal]",System.Int32,,TRUE,TRUE
system.switches.CB_AB12_BUS_1_131XP_SPLY,"Bus 1 131XP-A Sply [0:Pulled, 1:Normal]",System.Int32,,TRUE,TRUE
system.switches.CB_AD03_212XP_SPLY,"Bus 2 212XP SPLY [0:Pulled, 1:Normal]",System.Int32,,TRUE,TRUE
system.switches.CB_AS01_ELAC_1_STBY,"ELAC 1 Stby sply [0:Pulled, 1:Normal]",System.Int32,,TRUE,TRUE
system.switches.CB_AS02_ELAC_2_STBY,"ELAC 2 Stby sply [0:Pulled, 1:Normal]",System.Int32,,TRUE,TRUE
system.switches.CB_B01_MCDU_1,"MCDU 1 [0:Pulled, 1:Normal]",System.Int32,,TRUE,TRUE
system.switches.CB_B02_FMGC1,"FMGC 1 [0:Pulled, 1:Normal]",System.Int32,,TRUE,TRUE
system.switches.CB_B03_FAC_1_NORM,"FAC 1 Norm sply [0:Pulled, 1:Normal]",System.Int32,,TRUE,TRUE
system.switches.CB_B04_FAC_1_STBY,"FAC 1 Stby sply [0:Pulled, 1:Normal]",System.Int32,,TRUE,TRUE
system.switches.CB_B05_FCU1,"FCU 1 [0:Pulled, 1:Normal]",System.Int32,,TRUE,TRUE
system.switches.CB_B06_SLAT_CTL_MON_SYS_1,"Slat ctl & mon sys 1 [0:Pulled, 1:Normal]",System.Int32,,TRUE,TRUE
system.switches.CB_B07_FLAP_CTL_MON_SYS_1,"Flap ctl & mon sys 1 [0:Pulled, 1:Normal]",System.Int32,,TRUE,TRUE
system.switches.CB_B08_SEC_1_NORM,"SEC 1 Norm sply [0:Pulled, 1:Normal]",System.Int32,,TRUE,TRUE
system.switches.CB_B09_FC_THS_MOT2,"THS ACTR MOT2 [0:Pulled, 1:Normal]",System.Int32,,TRUE,TRUE
system.switches.CB_B10_FCTL_FCDC1_SPLY,"FCDC1 SPLY [0:Pulled, 1:Normal]",System.Int32,,TRUE,TRUE
system.switches.CB_B11_ELAC_1_NORM,"ELAC 1 Norm sply [0:Pulled, 1:Normal]",System.Int32,,TRUE,TRUE
system.switches.CB_B12_SLT_FLP_1_POS_IND,"SLT FLP 1 Pos Ind [0:Pulled, 1:Normal]",System.Int32,,TRUE,TRUE
system.switches.CB_B14_APU_FUEL_BLOWOFF_PUMP,"APU Fuel blowoff pump [0:Pulled, 1:Normal]",System.Int32,,TRUE,TRUE
system.switches.CB_C01_WING_ANTI_ICE_MON,"Anti Ice Wing Mon [0:Pulled, 1:Normal]",System.Int32,,TRUE,TRUE
system.switches.CB_C02_WING_ANTI_ICE_CTL,"Anti Ice Wing Ctl [0:Pulled, 1:Normal]",System.Int32,,TRUE,TRUE
system.switches.CB_C07_AFT_CARGO_VENT_CTL_MON,"Aft cargo vent ctl/mon [0:Pulled, 1:Normal]",System.Int32,,TRUE,TRUE
system.switches.CB_C09_LGCIU_1,"LGCIU SYS 1 [0:Pulled, 1:Normal]",System.Int32,,TRUE,TRUE
system.switches.CB_C10_ABCU_SPLY,"ABCU & Y Brk Press Ind [0:Pulled, 1:Normal]",System.Int32,,TRUE,TRUE
system.switches.CB_C11_HYD_RESS_XMTR,"Hyd press XMTR [0:Pulled, 1:Normal]",System.Int32,,TRUE,TRUE
system.switches.CB_C12_HYD_POWER_B_WARN_CTL,"Hyd Power B Warn & Ctl [0:Pulled, 1:Normal]",System.Int32,,TRUE,TRUE
system.switches.CB_C13_FIRE_VALVE_G_ENG_1,"Fire valve G eng 1 [0:Pulled, 1:Normal]",System.Int32,,TRUE,TRUE
system.switches.CB_C14_FIRE_VALVE_Y_ENG_2,"Fire valve Y eng 2 [0:Pulled, 1:Normal]",System.Int32,,TRUE,TRUE
system.switches.CB_D02_PROBES_1_PITOT,"Probes 1 Pitot [0:Pulled, 1:Normal]",System.Int32,,TRUE,TRUE
system.switches.CB_D03_PROBES_1_PHC_SUPPLY,"Probes 1 PHC Supply [0:Pulled, 1:Normal]",System.Int32,,TRUE,TRUE
system.switches.CB_D04_PROBES_1_AOA,"Probes 1 AOA [0:Pulled, 1:Normal]",System.Int32,,TRUE,TRUE
system.switches.CB_D05_AVNCS_VENT_CTL_DC,"Avncs vent ctl dc [0:Pulled, 1:Normal]",System.Int32,,TRUE,TRUE
system.switches.CB_D06_AVNCS_VENT_CTL_ESS,"Avncs vent ctl ess [0:Pulled, 1:Normal]",System.Int32,,TRUE,TRUE
system.switches.CB_D09_CAB_PRESS_CTL_1,"Cab Press CTL 1 [0:Pulled, 1:Normal]",System.Int32,,TRUE,TRUE
system.switches.CB_D10_RAM_AIR_INLET,"Ram air inlet [0:Pulled, 1:Normal]",System.Int32,,TRUE,TRUE
system.switches.CB_D11_AIRBLEED_ENG1_MONG,"Airbleed eng 1 mong [0:Pulled, 1:Normal]",System.Int32,,TRUE,TRUE
system.switches.CB_D12_AIRBLEED_ENG1_CTL,"Airbleed eng 1 ctl [0:Pulled, 1:Normal]",System.Int32,,TRUE,TRUE
system.switches.CB_D13_X_FEED_VALVE_BAT,"X Feed valve bat [0:Pulled, 1:Normal]",System.Int32,,TRUE,TRUE
system.switches.CB_E01_CAPT_ND,"Capt ND SPLY [0:Pulled, 1:Normal]",System.Int32,,TRUE,TRUE
system.switches.CB_E02_DU_ND_CAPT_SWTG,"DU Capt ND Swtg [0:Pulled, 1:Normal]",System.Int32,,TRUE,TRUE
system.switches.CB_E03_CAPT_PFD,"Capt PFD SPLY [0:Pulled, 1:Normal]",System.Int32,,TRUE,TRUE
system.switches.CB_E04_DU_PFD_CAPT_SWTG,"DU Capt PFD Swtg [0:Pulled, 1:Normal]",System.Int32,,TRUE,TRUE
system.switches.CB_E05_UPPER_ECAM,"Upper ECAM SPLY [0:Pulled, 1:Normal]",System.Int32,,TRUE,TRUE
system.switches.CB_E06_DU_ECAM_UPPER_SWTG,"DU ECAM Upper Swtg [0:Pulled, 1:Normal]",System.Int32,,TRUE,TRUE
system.switches.CB_E07_DMC3_SWTG,"DMC3/SWTG [0:Pulled, 1:Normal]",System.Int32,,TRUE,TRUE
system.switches.CB_E09_DMC1_SWTG,"DMC1/SWTG [0:Pulled, 1:Normal]",System.Int32,,TRUE,TRUE
system.switches.CB_E10_DMC3_STDBY_SPLY,"DMC3/STNDBY_SPLY [0:Pulled, 1:Normal]",System.Int32,,TRUE,TRUE
system.switches.CB_E11_DMC1_SPLY,"DMC1/SPLY [0:Pulled, 1:Normal]",System.Int32,,TRUE,TRUE
system.switches.CB_E12_ECAM_CTL_PNL,"ECAM CTL PNL [0:Pulled, 1:Normal]",System.Int32,,TRUE,TRUE
system.switches.CB_E13_CVR_CTL,"CVR CTL [0:Pulled, 1:Normal]",System.Int32,,TRUE,TRUE
system.switches.CB_E14_CVR_DC_SPLY,"CVR DC SPLY [0:Pulled, 1:Normal]",System.Int32,,TRUE,TRUE
system.switches.CB_F01_FWC_1_SUPPLY,"FWC 1 Supply [0:Pulled, 1:Normal]",System.Int32,,TRUE,TRUE
system.switches.CB_F02_SDAC1_AC_ESS_REF,"SDAC 1 ESS ref sync [0:Pulled, 1:Normal]",System.Int32,,TRUE,TRUE
system.switches.CB_F03_SDAC2_AC_ESS_REF,"SDAC 2 ESS ref sync [0:Pulled, 1:Normal]",System.Int32,,TRUE,TRUE
system.switches.CB_F04_SDAC_1_SUPPLY,"SDAC 1 Supply [0:Pulled, 1:Normal]",System.Int32,,TRUE,TRUE
system.switches.CB_F06_ADIRU_1_115,"Adiru 1 115AC [0:Pulled, 1:Normal]",System.Int32,,TRUE,TRUE
system.switches.CB_F09_ADIRS_3_SWTG,"Adirs 3 ess Swtg supply [0:Pulled, 1:Normal]",System.Int32,,TRUE,TRUE
system.switches.CB_F11_CLOCK_NORM_SPLY,"Clock norm sply [0:Pulled, 1:Normal]",System.Int32,,TRUE,TRUE
system.switches.CB_F12_NAV_STDBY_INSTR,"NAV stdby instr [0:Pulled, 1:Normal]",System.Int32,,TRUE,TRUE
system.switches.CB_G06_ACP_CAPT,"ACP Capt [0:Pulled, 1:Normal]",System.Int32,,TRUE,TRUE
system.switches.CB_G07_ACP_FO,"ACP F/O [0:Pulled, 1:Normal]",System.Int32,,TRUE,TRUE
system.switches.CB_G09_COM_VHF1,"COM VHF1 [0:Pulled, 1:Normal]",System.Int32,,TRUE,TRUE
system.switches.CB_G10_COM_RMP1,"COM RMP1 [0:Pulled, 1:Normal]",System.Int32,,TRUE,TRUE
system.switches.CB_G11_NAV_ATC1,"NAV ATC1 [0:Pulled, 1:Normal]",System.Int32,,TRUE,TRUE
system.switches.CB_G12_NAV_ILS1,"NAV ILS1 [0:Pulled, 1:Normal]",System.Int32,,TRUE,TRUE
system.switches.CB_G13_NAV_VOR1,"NAV VOR1 [0:Pulled, 1:Normal]",System.Int32,,TRUE,TRUE
system.switches.CB_G14_NAV_DME1,"NAV DME1 [0:Pulled, 1:Normal]",System.Int32,,TRUE,TRUE
system.switches.CB_H03_XFMR_ESS_BUS,"XFMR 115v 5v Ess Bus [0:Pulled, 1:Normal]",System.Int32,,TRUE,TRUE
system.switches.CB_H04_ICE_STBY_COMPASS_LT,"Ice & Stby compass light [0:Pulled, 1:Normal]",System.Int32,,TRUE,TRUE
system.switches.CB_H08_CKPT_DOME,"CKPT Dome Ovh [0:Pulled, 1:Normal]",System.Int32,,TRUE,TRUE
system.switches.CB_H10_LT_CTL,"LT Ctl [0:Pulled, 1:Normal]",System.Int32,,TRUE,TRUE
system.switches.CB_H11_AC_BUS_8XP_MONG,"AC Bus 8XP Mong [0:Pulled, 1:Normal]",System.Int32,,TRUE,TRUE
system.switches.CB_H14_NAV_ADF1,"NAV ADF1 [0:Pulled, 1:Normal]",System.Int32,,TRUE,TRUE
system.switches.CB_HA1_CREW_OXY_SPLY,"Crew Oxy Sply [0:Pulled, 1:Normal]",System.Int32,,TRUE,TRUE
system.switches.CB_HA14_COM_HF1,"COM HF1 [0:Pulled, 1:Normal]",System.Int32,,TRUE,TRUE
system.switches.CB_HA2_PASS_OXY_CTL_1,"Passenger oxygen Ctl & Warn 1 [0:Pulled, 1:Normal]",System.Int32,,TRUE,TRUE
system.switches.CB_HA3_PASS_OXY_CTL_2,"Passenger oxygen Ctl & Warn 2 [0:Pulled, 1:Normal]",System.Int32,,TRUE,TRUE
system.switches.CB_HA4_PASS_OXY_CTL_3,"Passenger oxygen Ctl & Warn 3 [0:Pulled, 1:Normal]",System.Int32,,TRUE,TRUE
system.switches.CB_HA5_PASS_OXY_ACT_1,"Passenger oxygen actuation 1 [0:Pulled, 1:Normal]",System.Int32,,TRUE,TRUE
system.switches.CB_HA6_PASS_OXY_ACT_2,"Passenger oxygen actuation 2 [0:Pulled, 1:Normal]",System.Int32,,TRUE,TRUE
system.switches.CB_HA7_PASS_OXY_ACT_3,"Passenger oxygen actuation 3 [0:Pulled, 1:Normal]",System.Int32,,TRUE,TRUE
system.switches.CB_HA8_PASS_OXY_ACT_4,"Passenger oxygen actuation 4 [0:Pulled, 1:Normal]",System.Int32,,TRUE,TRUE
system.switches.CB_J18_CFDIU,"CFDIU Sply [0:Pulled, 1:Normal]",System.Int32,,TRUE,TRUE
system.switches.CB_K02_NAV_ADF2,"NAV ADF2 [0:Pulled, 1:Normal]",System.Int32,,TRUE,TRUE
system.switches.CB_K06_NAV_DME2,"NAV DME2 [0:Pulled, 1:Normal]",System.Int32,,TRUE,TRUE
system.switches.CB_K07_NAV_ATC2,"NAV ATC2 [0:Pulled, 1:Normal]",System.Int32,,TRUE,TRUE
system.switches.CB_K08_NAV_VOR2,"NAV VOR2 [0:Pulled, 1:Normal]",System.Int32,,TRUE,TRUE
system.switches.CB_K09_NAV_ILS2,"NAV ILS2 [0:Pulled, 1:Normal]",System.Int32,,TRUE,TRUE
system.switches.CB_K11_RADIO_ALT_1,"Radio alt 1 [0:Pulled, 1:Normal]",System.Int32,,TRUE,TRUE
system.switches.CB_K12_RADIO_ALT_2,"Radio alt 2 [0:Pulled, 1:Normal]",System.Int32,,TRUE,TRUE
system.switches.CB_K39_APU_FUEL_BLOWOFF_CTL,"APU Fuel blowoff Ctl [0:Pulled, 1:Normal]",System.Int32,,TRUE,TRUE
system.switches.CB_L02_COM_RMP2,"COM RMP2 [0:Pulled, 1:Normal]",System.Int32,,TRUE,TRUE
system.switches.CB_L03_COM_RMP3,"COM RMP3 [0:Pulled, 1:Normal]",System.Int32,,TRUE,TRUE
system.switches.CB_L04_COM_VHF2,"COM VHF2 [0:Pulled, 1:Normal]",System.Int32,,TRUE,TRUE
system.switches.CB_L05_COM_VHF3,"COM VHF3 [0:Pulled, 1:Normal]",System.Int32,,TRUE,TRUE
system.switches.CB_L13_COM_HF2,"COM HF2 [0:Pulled, 1:Normal]",System.Int32,,TRUE,TRUE
system.switches.CB_L15_ATSU,"ATSU 1 SWTG [0:Pulled, 1:Normal]",System.Int32,,TRUE,TRUE
system.switches.CB_L16_ATSU,"ATSU 1 [0:Pulled, 1:Normal]",System.Int32,,TRUE,TRUE
system.switches.CB_L17_DCDU1,"DCDU 1 [0:Pulled, 1:Normal]",System.Int32,,TRUE,TRUE
system.switches.CB_L18_DCDU2,"DCDU 2 [0:Pulled, 1:Normal]",System.Int32,,TRUE,TRUE
system.switches.CB_L32_BRK_FAN12,"Brk fan wheels 1&2 [0:Pulled, 1:Normal]",System.Int32,,TRUE,TRUE
system.switches.CB_L35_BRK_FAN34,"Brk fan wheels 3&4 [0:Pulled, 1:Normal]",System.Int32,,TRUE,TRUE
system.switches.CB_L38_FIRE_EXTNG_APU_A,"Fire extng APU Squib A [0:Pulled, 1:Normal]",System.Int32,,TRUE,TRUE
system.switches.CB_L39_FIRE_EXTNG_APU_B,"Fire extng APU Squib B [0:Pulled, 1:Normal]",System.Int32,,TRUE,TRUE
system.switches.CB_L40_APU_AUTO_EXT_GND_TEST,"APU Auto Ext Gnd Test [0:Pulled, 1:Normal]",System.Int32,,TRUE,TRUE
system.switches.CB_L41_ECP_SUPPLY,"ECB Supply [0:Pulled, 1:Normal]",System.Int32,,TRUE,TRUE
system.switches.CB_L42_APU_CTL,"APU Ctl [0:Pulled, 1:Normal]",System.Int32,,TRUE,TRUE
system.switches.CB_L43_FIRE_DET_APU_LOOP_A,"Fire det APU loop A [0:Pulled, 1:Normal]",System.Int32,,TRUE,TRUE
system.switches.CB_L44_FIRE_DET_APU_LOOP_B,"Fire det APU loop B [0:Pulled, 1:Normal]",System.Int32,,TRUE,TRUE
system.switches.CB_M02_ACP_3D,"ACP 3D [0:Pulled, 1:Normal]",System.Int32,,TRUE,TRUE
system.switches.CB_M17_FMGC2,"FMGC 2 [0:Pulled, 1:Normal]",System.Int32,,TRUE,TRUE
system.switches.CB_M18_FAC_2_NORM,"FAC 2 Norm sply [0:Pulled, 1:Normal]",System.Int32,,TRUE,TRUE
system.switches.CB_M19_FAC_2_STBY,"FAC 2 Stby sply [0:Pulled, 1:Normal]",System.Int32,,TRUE,TRUE
system.switches.CB_M20_RUDDER_TRIM_IND,"Rudder trim ind [0:Pulled, 1:Normal]",System.Int32,,TRUE,TRUE
system.switches.CB_M21_FCU2,"FCU 2 [0:Pulled, 1:Normal]",System.Int32,,TRUE,TRUE
system.switches.CB_M22_XFR_VALVE_2_L,"XFR VALVE2 L [0:Pulled, 1:Normal]",System.Int32,,TRUE,TRUE
system.switches.CB_M23_XFR_VALVE_2_R,"XFR VALVE2 R [0:Pulled, 1:Normal]",System.Int32,,TRUE,TRUE
system.switches.CB_M24_XFEED_VALVE_MOT2,"Xfeed valve mot 2 [0:Pulled, 1:Normal]",System.Int32,,TRUE,TRUE
system.switches.CB_M25_LP_VALVE_MOT2_ENG1,"LP Valve MOT2 ENG1 [0:Pulled, 1:Normal]",System.Int32,,TRUE,TRUE
system.switches.CB_M26_LP_VALVE_MOT2_ENG2,"LP Valve MOT2 ENG2 [0:Pulled, 1:Normal]",System.Int32,,TRUE,TRUE
system.switches.CB_M27_FQI_CHAN_2,"FQI Chan 2 [0:Pulled, 1:Normal]",System.Int32,,TRUE,TRUE
system.switches.CB_M31_TIRE_PRESS,"Tire press [0:Pulled, 1:Normal]",System.Int32,,TRUE,TRUE
system.switches.CB_M32_BRK_FAN_CTL,"Brk fan ctl [0:Pulled, 1:Normal]",System.Int32,,TRUE,TRUE
system.switches.CB_M33_BSCU_1_SPLY,"Braking & Steering sys 1 sply [0:Pulled, 1:Normal]",System.Int32,,TRUE,TRUE
system.switches.CB_M34_BSCU_1_CTL,"Braking & Steering sys 1 ctl [0:Pulled, 1:Normal]",System.Int32,,TRUE,TRUE
system.switches.CB_M35_BSCU_2_SPLY,"Braking & Steering sys 2 sply [0:Pulled, 1:Normal]",System.Int32,,TRUE,TRUE
system.switches.CB_M36_BSCU_2_CTL,"Braking & Steering sys 2 ctl [0:Pulled, 1:Normal]",System.Int32,,TRUE,TRUE
system.switches.CB_M37_BRAKE_TEMP_DET,"Brk temp det unit [0:Pulled, 1:Normal]",System.Int32,,TRUE,TRUE
system.switches.CB_M38_APU_FUEL_PUMP_CTL,"APU Fuel pump Ctl [0:Pulled, 1:Normal]",System.Int32,,TRUE,TRUE
system.switches.CB_M39_APU_LP_VALVE_SPLY,"APU LP Valve Sply [0:Pulled, 1:Normal]",System.Int32,,TRUE,TRUE
system.switches.CB_M40_APU_LP_VALVE_CTL,"APU LP Valve Ctl [0:Pulled, 1:Normal]",System.Int32,,TRUE,TRUE
system.switches.CB_M41_APU_FIRE_STBY,"APU Fire Stby [0:Pulled, 1:Normal]",System.Int32,,TRUE,TRUE
system.switches.CB_M42_APU_FIRE_NORM,"APU Fire Norm [0:Pulled, 1:Normal]",System.Int32,,TRUE,TRUE
system.switches.CB_N03_CLOCK_STBY_SPLY,"Clock stby sply [0:Pulled, 1:Normal]",System.Int32,,TRUE,TRUE
system.switches.CB_N04_ADIRS_3_28,"Adirs 3 28VDC [0:Pulled, 1:Normal]",System.Int32,,TRUE,TRUE
system.switches.CB_N05_ADIRS_2_28,"Adirs 2 28VDC [0:Pulled, 1:Normal]",System.Int32,,TRUE,TRUE
system.switches.CB_N06_ADIRU_3_115,"Adiru 3 115VAC [0:Pulled, 1:Normal]",System.Int32,,TRUE,TRUE
system.switches.CB_N07_ADIRU_2_115,"Adiru 2 115VAC [0:Pulled, 1:Normal]",System.Int32,,TRUE,TRUE
system.switches.CB_N10_ADIRS_3_SWTG,"Adiru 3 bat Swtg supply [0:Pulled, 1:Normal]",System.Int32,,TRUE,TRUE
system.switches.CB_N11_ADIRU_2_PWR_SHED,"Adiru 2 Pwr Shed [0:Pulled, 1:Normal]",System.Int32,,TRUE,TRUE
system.switches.CB_N16_STICK_LOCK,"Stick lock [0:Pulled, 1:Normal]",System.Int32,,TRUE,TRUE
system.switches.CB_N20_MCDU_2,"MCDU 2 [0:Pulled, 1:Normal]",System.Int32,,TRUE,TRUE
system.switches.CB_N23_L_PUMP1_SPLY,"L wing tank pump 1 sply [0:Pulled, 1:Normal]",System.Int32,,TRUE,TRUE
system.switches.CB_N26_L_PUMP2_SPLY,"L wing tank pump 2 sply [0:Pulled, 1:Normal]",System.Int32,,TRUE,TRUE
system.switches.CB_N30_HYD_POWER_Y,"Hyd power Y [0:Pulled, 1:Normal]",System.Int32,,TRUE,TRUE
system.switches.CB_N34_PTU_CTL,"G/Y PTU [0:Pulled, 1:Normal]",System.Int32,,TRUE,TRUE
system.switches.CB_N35_GYB_LEAK_TEST,"G/Y/B leak test [0:Pulled, 1:Normal]",System.Int32,,TRUE,TRUE
system.switches.CB_N36_PARKING_BRAKE_CTL_NORM,"Parking brake ctl norm [0:Pulled, 1:Normal]",System.Int32,,TRUE,TRUE
system.switches.CB_N37_PARKING_BRAKE_CTL_STBY,"Parking brake ctl stby [0:Pulled, 1:Normal]",System.Int32,,TRUE,TRUE
system.switches.CB_N39_ENG2_OIL_CHANA,"ENG2 OIL PRESS CHAN A [0:Pulled, 1:Normal]",System.Int32,,TRUE,TRUE
system.switches.CB_N40_ENG1_OIL_CHANA,"ENG1 OIL PRESS CHAN A [0:Pulled, 1:Normal]",System.Int32,,TRUE,TRUE
system.switches.CB_N41_ENG2_OIL_CHANB,"ENG2 OIL PRESS CHAN B [0:Pulled, 1:Normal]",System.Int32,,TRUE,TRUE
system.switches.CB_N42_ENG1_OIL_CHANB,"ENG1 OIL PRESS CHAN B [0:Pulled, 1:Normal]",System.Int32,,TRUE,TRUE
system.switches.CB_N44_ENG1_REV_LOCK,"ENG 1 Rev Lock [0:Pulled, 1:Normal]",System.Int32,,TRUE,TRUE
system.switches.CB_N45_ENG2_REV_LOCK,"ENG 2 Rev Lock [0:Pulled, 1:Normal]",System.Int32,,TRUE,TRUE
system.switches.CB_P06_GPWS_28,"GPWS 28V DC [0:Pulled, 1:Normal]",System.Int32,,TRUE,TRUE
system.switches.CB_P07_GPWS_115,"GPWS 115V AC [0:Pulled, 1:Normal]",System.Int32,,TRUE,TRUE
system.switches.CB_P09_HORN_SUPPLY,"Horn supply [0:Pulled, 1:Normal]",System.Int32,,TRUE,TRUE
system.switches.CB_P16_SLT_FLP_2_POS_IND,"SLT FLP 2 Pos Ind [0:Pulled, 1:Normal]",System.Int32,,TRUE,TRUE
system.switches.CB_P19_WTB_SLT_2,"WTB Slat Sys 2 [0:Pulled, 1:Normal]",System.Int32,,TRUE,TRUE
system.switches.CB_P20_WTB_FLP_2,"WTB Flap Sys 2 [0:Pulled, 1:Normal]",System.Int32,,TRUE,TRUE
system.switches.CB_P23_CTR_PUMP1_SPLY,"Ctr tank pump 1 sply [0:Pulled, 1:Normal]",System.Int32,,TRUE,TRUE
system.switches.CB_P26_CTR_PUMP2_SPLY,"Ctr tank pump 2 sply [0:Pulled, 1:Normal]",System.Int32,,TRUE,TRUE
system.switches.CB_P30_ABCU_HOT_BUS_SPLY,"ABCU Hot bus Sply [0:Pulled, 1:Normal]",System.Int32,,TRUE,TRUE
system.switches.CB_P32_RAT_CTL,"RAT Ctl [0:Pulled, 1:Normal]",System.Int32,,TRUE,TRUE
system.switches.CB_P33_RAT_SPLY_EXTN_SOL1,"RAT Sply Extn sol1 [0:Pulled, 1:Normal]",System.Int32,,TRUE,TRUE
system.switches.CB_P39_IGN_ENG1_SYSA,"Ign Eng 1 Sys A [0:Pulled, 1:Normal]",System.Int32,,TRUE,TRUE
system.switches.CB_P40_IGN_ENG2_SYSA,"Ign Eng 2 Sys A [0:Pulled, 1:Normal]",System.Int32,,TRUE,TRUE
system.switches.CB_P41_IGN_ENG1_SYSB,"Ign Eng 1 Sys B [0:Pulled, 1:Normal]",System.Int32,,TRUE,TRUE
system.switches.CB_P42_IGN_ENG2_SYSB,"Ign Eng 2 Sys B [0:Pulled, 1:Normal]",System.Int32,,TRUE,TRUE
system.switches.CB_Q02_SDAC2_AC_REF_2,"SDAC 2 AC bus 2 ref sync [0:Pulled, 1:Normal]",System.Int32,,TRUE,TRUE
system.switches.CB_Q03_SDAC1_AC_REF_2,"SDAC 1 AC bus 2 ref sync [0:Pulled, 1:Normal]",System.Int32,,TRUE,TRUE
system.switches.CB_Q04_SDAC1_AC_REF_1,"SDAC 1 AC bus 1 ref sync [0:Pulled, 1:Normal]",System.Int32,,TRUE,TRUE
system.switches.CB_Q05_SDAC2_AC_REF_1,"SDAC 2 AC bus 1 ref sync [0:Pulled, 1:Normal]",System.Int32,,TRUE,TRUE
system.switches.CB_Q06_SDAC_2_SUPPLY,"SDAC 2 Supply [0:Pulled, 1:Normal]",System.Int32,,TRUE,TRUE
system.switches.CB_Q07_FWC_2_SUPPLY,"FWC 2 Supply [0:Pulled, 1:Normal]",System.Int32,,TRUE,TRUE
system.switches.CB_Q08_DMC2_SPLY,"DMC2/SPLY [0:Pulled, 1:Normal]",System.Int32,,TRUE,TRUE
system.switches.CB_Q09_DMC3_SPLY,"DMC3/SPLY [0:Pulled, 1:Normal]",System.Int32,,TRUE,TRUE
system.switches.CB_Q16_FC_THS_MOT1,"THS ACTR MOT1 [0:Pulled, 1:Normal]",System.Int32,,TRUE,TRUE
system.switches.CB_Q17_FC_THS_MOT3,"THS ACTR MOT3 [0:Pulled, 1:Normal]",System.Int32,,TRUE,TRUE
system.switches.CB_Q18_SEC_2,"SEC 2 sply [0:Pulled, 1:Normal]",System.Int32,,TRUE,TRUE
system.switches.CB_Q19_SEC_3,"SEC 3 sply [0:Pulled, 1:Normal]",System.Int32,,TRUE,TRUE
system.switches.CB_Q20_FCTL_FCDC1_SPLY,"FCDC2 SPLY [0:Pulled, 1:Normal]",System.Int32,,TRUE,TRUE
system.switches.CB_Q21_FLAP_CTL_MON_SYS_2,"Flap ctl & mon sys 2 [0:Pulled, 1:Normal]",System.Int32,,TRUE,TRUE
system.switches.CB_Q23_R_PUMP1_SPLY,"R wing tank pump 1 sply [0:Pulled, 1:Normal]",System.Int32,,TRUE,TRUE
system.switches.CB_Q26_R_PUMP2_SPLY,"R wing tank pump 2 sply [0:Pulled, 1:Normal]",System.Int32,,TRUE,TRUE
system.switches.CB_Q34_LGCIU_1_GND,"LGCIU SYS 1 GND Supply [0:Pulled, 1:Normal]",System.Int32,,TRUE,TRUE
system.switches.CB_Q35_LGCIU_2,"LGCIU SYS 2 [0:Pulled, 1:Normal]",System.Int32,,TRUE,TRUE
system.switches.CB_Q38_ENG1_DET_LOOP_B,"Eng 1 Det Loop B [0:Pulled, 1:Normal]",System.Int32,,TRUE,TRUE
system.switches.CB_Q39_ENG2_DET_LOOP_A,"Eng 2 Det Loop A [0:Pulled, 1:Normal]",System.Int32,,TRUE,TRUE
system.switches.CB_Q40_ENG2_FADEC_B_EIU_2,"Eng 2 FADEC B EIU 2 [0:Pulled, 1:Normal]",System.Int32,,TRUE,TRUE
system.switches.CB_Q41_FIRE_EXTNG_2A,"Fire extng bottle 2 Squib A [0:Pulled, 1:Normal]",System.Int32,,TRUE,TRUE
system.switches.CB_Q42_FIRE_EXTNG_2B,"Fire extng bottle 2 Squib B [0:Pulled, 1:Normal]",System.Int32,,TRUE,TRUE
system.switches.CB_Q43_FIRE_EXTNG_1A,"Fire extng bottle 1 Squib A [0:Pulled, 1:Normal]",System.Int32,,TRUE,TRUE
system.switches.CB_Q44_FIRE_EXTNG_1B,"Fire extng bottle 1 Squib B [0:Pulled, 1:Normal]",System.Int32,,TRUE,TRUE
system.switches.CB_R03_FO_PFD,"F/O PFD SPLY [0:Pulled, 1:Normal]",System.Int32,,TRUE,TRUE
system.switches.CB_R04_FO_ND,"F/O ND SPLY [0:Pulled, 1:Normal]",System.Int32,,TRUE,TRUE
system.switches.CB_R05_DU_PFD_FO_SWTG,"DU F/O PFD Swtg [0:Pulled, 1:Normal]",System.Int32,,TRUE,TRUE
system.switches.CB_R06_DU_ND_FO_SWTG,"DU F/O ND Swtg [0:Pulled, 1:Normal]",System.Int32,,TRUE,TRUE
system.switches.CB_R08_DMC2_SWTG,"DMC2/SWTG [0:Pulled, 1:Normal]",System.Int32,,TRUE,TRUE
system.switches.CB_R10_DU_ECAM_LOWER_SWTG,"DU ECAM Lower Swtg [0:Pulled, 1:Normal]",System.Int32,,TRUE,TRUE
system.switches.CB_R11_LOWER_ECAM,"Lower ECAM SPLY [0:Pulled, 1:Normal]",System.Int32,,TRUE,TRUE
system.switches.CB_R20_ELAC_2_NORM,"ELAC 2 Norm sply [0:Pulled, 1:Normal]",System.Int32,,TRUE,TRUE
system.switches.CB_R21_SLAT_CTL_MON_SYS_2,"Slat ctl & mon sys 2 [0:Pulled, 1:Normal]",System.Int32,,TRUE,TRUE
system.switches.CB_R23_L_PUMP1_CTL,"L wing tank pump 1 ctl [0:Pulled, 1:Normal]",System.Int32,,TRUE,TRUE
system.switches.CB_R24_L_PUMP2_CTL,"L wing tank pump 2 ctl [0:Pulled, 1:Normal]",System.Int32,,TRUE,TRUE
system.switches.CB_R25_CTR_PUMP1_CTL,"Ctr tank pump 1 ctl [0:Pulled, 1:Normal]",System.Int32,,TRUE,TRUE
system.switches.CB_R26_CTR_PUMP2_CTL,"Ctr tank pump 2 ctl [0:Pulled, 1:Normal]",System.Int32,,TRUE,TRUE
system.switches.CB_R27_CTR_AUTO_CTL,"CTR TK Auto Ctrl [0:Pulled, 1:Normal]",System.Int32,,TRUE,TRUE
system.switches.CB_R28_R_PUMP1_CTL,"R wing tank pump 1 ctl [0:Pulled, 1:Normal]",System.Int32,,TRUE,TRUE
system.switches.CB_R29_L_PUMP2_CTL,"R wing tank pump 2 ctl [0:Pulled, 1:Normal]",System.Int32,,TRUE,TRUE
system.switches.CB_R41_ENG1_FADEC_B_EIU_1,"Eng 1 FADEC B EIU 1 [0:Pulled, 1:Normal]",System.Int32,,TRUE,TRUE
system.switches.CB_S06_WTB_SLT_1,"WTB Slat Sys 1 [0:Pulled, 1:Normal]",System.Int32,,TRUE,TRUE
system.switches.CB_S07_WTB_FLP_1,"WTB Flap Sys 1 [0:Pulled, 1:Normal]",System.Int32,,TRUE,TRUE
system.switches.CB_S22_AFT_CARGO_VENT_FAN,"Aft cargo vent/fan [0:Pulled, 1:Normal]",System.Int32,,TRUE,TRUE
system.switches.CB_T02_NAV_LOGO_2,"Nav ligths 2 [0:Pulled, 1:Normal]",System.Int32,,TRUE,TRUE
system.switches.CB_T03_NAV_LOGO_1,"Nav ligths 1 [0:Pulled, 1:Normal]",System.Int32,,TRUE,TRUE
system.switches.CB_T04_LANDING_LIGHT_SPLY_L,"Landing light Sply L [0:Pulled, 1:Normal]",System.Int32,,TRUE,TRUE
system.switches.CB_T05_LANDING_LIGHT_CTL_L,"Landing light Ctl L [0:Pulled, 1:Normal]",System.Int32,,TRUE,TRUE
system.switches.CB_T06_LANDING_LIGHT_SPLY_R,"Landing light Sply R [0:Pulled, 1:Normal]",System.Int32,,TRUE,TRUE
system.switches.CB_T07_LANDING_LIGHT_CTL_R,"Landing light Ctl R [0:Pulled, 1:Normal]",System.Int32,,TRUE,TRUE
system.switches.CB_T13_CPKT_LOCK,"Ckpt lock [0:Pulled, 1:Normal]",System.Int32,,TRUE,TRUE
system.switches.CB_U03_BEACON_LOWER,"Beacon lower [0:Pulled, 1:Normal]",System.Int32,,TRUE,TRUE
system.switches.CB_U06_BEACON_UPPER,"Beacon upper [0:Pulled, 1:Normal]",System.Int32,,TRUE,TRUE
system.switches.CB_U19_LAV_GALLEY_FAN_SPLY,"LAV/Galley fan sply [0:Pulled, 1:Normal]",System.Int32,,TRUE,TRUE
system.switches.CB_U21_LAV_GALLEY_FAN_CTL,"LAV/Galley fan ctl [0:Pulled, 1:Normal]",System.Int32,,TRUE,TRUE
system.switches.CB_V02_LOGO_LIGHT_RIGHT,"Logo light right [0:Pulled, 1:Normal]",System.Int32,,TRUE,TRUE
system.switches.CB_V03_LOGO_LIGHT_LEFT,"Logo light left [0:Pulled, 1:Normal]",System.Int32,,TRUE,TRUE
system.switches.CB_V05_WING_STROBE_LIGHT,"Wing strobe light [0:Pulled, 1:Normal]",System.Int32,,TRUE,TRUE
system.switches.CB_V12_ICE_DET_L,"Ice Det L [0:Pulled, 1:Normal]",System.Int32,,TRUE,TRUE
system.switches.CB_V13_ICE_DET_R,"Ice Det R [0:Pulled, 1:Normal]",System.Int32,,TRUE,TRUE
system.switches.CB_V17_ZONE_TEMP_115_SYS_1,"Zone temp 115VAC Sys 1 [0:Pulled, 1:Normal]",System.Int32,,TRUE,TRUE
system.switches.CB_V18_ZONE_TEMP_115_SYS_2,"Zone temp 115VAC Sys 2 [0:Pulled, 1:Normal]",System.Int32,,TRUE,TRUE
system.switches.CB_V19_ZONE_TEMP_28_SYS_1,"Zone temp 28VDC Sys 1 [0:Pulled, 1:Normal]",System.Int32,,TRUE,TRUE
system.switches.CB_V20_ZONE_TEMP_28_SYS_2,"Zone temp 28VDC Sys 2 [0:Pulled, 1:Normal]",System.Int32,,TRUE,TRUE
system.switches.CB_W02_WING_LIGHT_LEFT,"Wing light left [0:Pulled, 1:Normal]",System.Int32,,TRUE,TRUE
system.switches.CB_W03_WING_LIGHT_RIGHT,"Wing light right [0:Pulled, 1:Normal]",System.Int32,,TRUE,TRUE
system.switches.CB_W05_RWY_TURNOFF_R,"Rwy turn off R [0:Pulled, 1:Normal]",System.Int32,,TRUE,TRUE
system.switches.CB_W06_RWY_TURNOFF_L,"Rwy turn off L [0:Pulled, 1:Normal]",System.Int32,,TRUE,TRUE
system.switches.CB_W07_NOSE_LIGHT_TAKEOFF,"Nose light takeoff [0:Pulled, 1:Normal]",System.Int32,,TRUE,TRUE
system.switches.CB_W08_NOSE_LIGHT_TAXI,"Nose light taxi [0:Pulled, 1:Normal]",System.Int32,,TRUE,TRUE
system.switches.CB_W09_NOSE_LIGHT_CTL,"Nose light Ctl [0:Pulled, 1:Normal]",System.Int32,,TRUE,TRUE
system.switches.CB_W10_ENG_ANTI_ICE_2,"Engine anti ice 2 [0:Pulled, 1:Normal]",System.Int32,,TRUE,TRUE
system.switches.CB_W12_WIPER_FO,"Wiper F/O [0:Pulled, 1:Normal]",System.Int32,,TRUE,TRUE
system.switches.CB_W13_WHC_2,"WHC 2 [0:Pulled, 1:Normal]",System.Int32,,TRUE,TRUE
system.switches.CB_W18_RECIRC_R_SPLY,"Recirc fan R sply [0:Pulled, 1:Normal]",System.Int32,,TRUE,TRUE
system.switches.CB_W20_RECIRC_R_CTL,"Recirc fan R ctl [0:Pulled, 1:Normal]",System.Int32,,TRUE,TRUE
system.switches.CB_W25_DC_BUS_TIE,"CNTOR DC Bus tie [0:Pulled, 1:Normal]",System.Int32,,TRUE,TRUE
system.switches.CB_W26_ESS_DC_BUS_TIE,"CNTOR Ess DC Bus tie [0:Pulled, 1:Normal]",System.Int32,,TRUE,TRUE
system.switches.CB_X05_ANN_LT_BUS2,"Ann lt sply bus 2 [0:Pulled, 1:Normal]",System.Int32,,TRUE,TRUE
system.switches.CB_X06_TEST_BOARD_SPLY,"Tst board supply [0:Pulled, 1:Normal]",System.Int32,,TRUE,TRUE
system.switches.CB_X10_ENG_ANTI_ICE_1,"Engine anti ice 1 [0:Pulled, 1:Normal]",System.Int32,,TRUE,TRUE
system.switches.CB_X12_WIPER_CAPT,"Wiper capt [0:Pulled, 1:Normal]",System.Int32,,TRUE,TRUE
system.switches.CB_X13_WHC_1,"WHC 1 [0:Pulled, 1:Normal]",System.Int32,,TRUE,TRUE
system.switches.CB_X18_RECIRC_L_SPLY,"Recirc fan L sply [0:Pulled, 1:Normal]",System.Int32,,TRUE,TRUE
system.switches.CB_X20_RECIRC_L_CTL,"Recirc fan L ctl [0:Pulled, 1:Normal]",System.Int32,,TRUE,TRUE
system.switches.CB_Y03_OVHD_PANEL,"Inst light ovhd panel [0:Pulled, 1:Normal]",System.Int32,,TRUE,TRUE
system.switches.CB_Y04_INST_LIGHT_PED,"Inst light ped [0:Pulled, 1:Normal]",System.Int32,,TRUE,TRUE
system.switches.CB_Y05_GLARE_SHIELD,"Inst light glare shld [0:Pulled, 1:Normal]",System.Int32,,TRUE,TRUE
system.switches.CB_Y06_CKPT_DOME,"CKPT Dome [0:Pulled, 1:Normal]",System.Int32,,TRUE,TRUE
system.switches.CB_Y11_PROBES_2_STATIC,"Probes 2 static [0:Pulled, 1:Normal]",System.Int32,,TRUE,TRUE
system.switches.CB_Y12_PROBES_2_PHC_SUPPLY,"Probes 2 PHC Supply [0:Pulled, 1:Normal]",System.Int32,,TRUE,TRUE
system.switches.CB_Y13_PROBES_2_AOA,"Probes 2 AOA [0:Pulled, 1:Normal]",System.Int32,,TRUE,TRUE
system.switches.CB_Y14_PROBES_2_PITOT,"Probes 2 Pitot [0:Pulled, 1:Normal]",System.Int32,,TRUE,TRUE
system.switches.CB_Y15_PROBES_2_TAT,"Probes 2 TAT [0:Pulled, 1:Normal]",System.Int32,,TRUE,TRUE
system.switches.CB_Y16_PROBES_3_PHC_SUPPLY,"Probes 3 PHC Supply [0:Pulled, 1:Normal]",System.Int32,,TRUE,TRUE
system.switches.CB_Y17_AVNCS_VENT_MONG,"AVNCS Vent Mong [0:Pulled, 1:Normal]",System.Int32,,TRUE,TRUE
system.switches.CB_Y22_CAB_PRESS_CTL_2,"Cab Press CTL 2 [0:Pulled, 1:Normal]",System.Int32,,TRUE,TRUE
system.switches.CB_Y23_CAB_MAN_PRESS,"Cab Press man [0:Pulled, 1:Normal]",System.Int32,,TRUE,TRUE
system.switches.CB_Z04_LIGHTING_FLOOD_CTR,"Lighting Flood Ctr Inst [0:Pulled, 1:Normal]",System.Int32,,TRUE,TRUE
system.switches.CB_Z05_LIGHTING_FLOOD_CAPT,"Lighting Flood Capt [0:Pulled, 1:Normal]",System.Int32,,TRUE,TRUE
system.switches.CB_Z06_LIGHTING_FLOOD_FO,"Lighting Flood F/O [0:Pulled, 1:Normal]",System.Int32,,TRUE,TRUE
system.switches.CB_Z07_LIGHTING_AVNCS_CPT,"Lighting Avncs compt Dome [0:Pulled, 1:Normal]",System.Int32,,TRUE,TRUE
system.switches.CB_Z08_AVNCS_CPT_DC,"Lighting Avncs compt DC [0:Pulled, 1:Normal]",System.Int32,,TRUE,TRUE
system.switches.CB_Z09_AVNCS_CPT_AC,"Lighting Avncs compt AC [0:Pulled, 1:Normal]",System.Int32,,TRUE,TRUE
system.switches.CB_Z12_PROBES_1_TAT,"Probes 1 TAT [0:Pulled, 1:Normal]",System.Int32,,TRUE,TRUE
system.switches.CB_Z13_PROBES_1_STATIC,"Probes 1 static [0:Pulled, 1:Normal]",System.Int32,,TRUE,TRUE
system.switches.CB_Z14_PROBES_3_STATIC,"Probes 3 static [0:Pulled, 1:Normal]",System.Int32,,TRUE,TRUE
system.switches.CB_Z15_PROBES_3_AOA,"Probes 3 AOA [0:Pulled, 1:Normal]",System.Int32,,TRUE,TRUE
system.switches.CB_Z16_PROBES_3_PITOT,"Probes 3 Pitot [0:Pulled, 1:Normal]",System.Int32,,TRUE,TRUE
system.switches.CB_Z20_X_FEED_VALVE_NORM,"X Feed valve norm [0:Pulled, 1:Normal]",System.Int32,,TRUE,TRUE
system.switches.CB_Z22_AIRBLEED_ENG2_MONG,"Airbleed eng 2 mong [0:Pulled, 1:Normal]",System.Int32,,TRUE,TRUE
system.switches.CB_Z23_AIRBLEED_ENG2_CTL,"Airbleed eng 2 ctl [0:Pulled, 1:Normal]",System.Int32,,TRUE,TRUE
system.switches.S_ADF1_TFC,"Radio TFR ADF1 [0:Normal, 1:Pushed]",System.Int32,,TRUE,TRUE
system.switches.S_ADF2_TFC,"Radio TFR ADF2 [0:Normal, 1:Pushed]",System.Int32,,TRUE,TRUE
system.switches.S_ASP_ADF_1_REC,"ASP ADF 1 [0:Off, 1:Pushed]",System.Int32,,TRUE,TRUE
system.switches.S_ASP_ADF_1_REC_LATCH,"ASP ADF 1 latch [0:Off, 1:On]",System.Int32,,TRUE,TRUE
system.switches.S_ASP_ADF_2_REC,"ASP ADF 2 [0:Off, 1:Pushed]",System.Int32,,TRUE,TRUE
system.switches.S_ASP_ADF_2_REC_LATCH,"ASP ADF 2 latch [0:Off, 1:On]",System.Int32,,TRUE,TRUE
system.switches.S_ASP_CAB_REC,"ASP CAB [0:Off, 1:Pushed]",System.Int32,,TRUE,TRUE
system.switches.S_ASP_CAB_REC_LATCH,"ASP CAB latch [0:Off, 1:On]",System.Int32,,TRUE,TRUE
system.switches.S_ASP_CAB_SEND,"ASP CAB send [0:Normal, 1:Pushed]",System.Int32,,TRUE,TRUE
system.switches.S_ASP_HF_1_REC,"ASP HF 1 [0:Off, 1:Pushed]",System.Int32,,TRUE,TRUE
system.switches.S_ASP_HF_1_REC_LATCH,"ASP HF 1 latch [0:Off, 1:On]",System.Int32,,TRUE,TRUE
system.switches.S_ASP_HF_1_SEND,"ASP HF 1 send [0:Normal, 1:Pushed]",System.Int32,,TRUE,TRUE
system.switches.S_ASP_HF_2_REC,"ASP HF 2 [0:Off, 1:Pushed]",System.Int32,,TRUE,TRUE
system.switches.S_ASP_HF_2_REC_LATCH,"ASP HF 2 latch [0:Off, 1:On]",System.Int32,,TRUE,TRUE
system.switches.S_ASP_HF_2_SEND,"ASP HF 2 send [0:Normal, 1:Pushed]",System.Int32,,TRUE,TRUE
system.switches.S_ASP_ILS_REC,"ASP ILS [0:Off, 1:Pushed]",System.Int32,,TRUE,TRUE
system.switches.S_ASP_ILS_REC_LATCH,"ASP ILS latch [0:Off, 1:On]",System.Int32,,TRUE,TRUE
system.switches.S_ASP_INT,"ASP IC Selected [0:Off, 1:On]",System.Int32,,TRUE,TRUE
system.switches.S_ASP_INT_REC,"ASP INT [0:Off, 1:Pushed]",System.Int32,,TRUE,TRUE
system.switches.S_ASP_INT_REC_LATCH,"ASP INT latch [0:Off, 1:On]",System.Int32,,TRUE,TRUE
system.switches.S_ASP_INT_SEND,"ASP INT send [0:Normal, 1:Pushed]",System.Int32,,TRUE,TRUE
system.switches.S_ASP_INTRAD,"ASP INT/RAD Switch [0:INT, 1:Off, 2:RAD]",System.Int32,,TRUE,TRUE
system.switches.S_ASP_MARKER_REC,"ASP Marker [0:Off, 1:Pushed]",System.Int32,,TRUE,TRUE
system.switches.S_ASP_MARKER_REC_LATCH,"ASP Marker latch [0:Off, 1:On]",System.Int32,,TRUE,TRUE
system.switches.S_ASP_MASK,"ASP Mask Selected [0:Off, 1:On]",System.Int32,,TRUE,TRUE
system.switches.S_ASP_MLS_REC,"ASP MLS [0:Off, 1:Pushed]",System.Int32,,TRUE,TRUE
system.switches.S_ASP_MLS_REC_LATCH,"ASP MLS latch [0:Off, 1:On]",System.Int32,,TRUE,TRUE
system.switches.S_ASP_PA_REC,"ASP PA [0:Off, 1:Pushed]",System.Int32,,TRUE,TRUE
system.switches.S_ASP_PA_REC_LATCH,"ASP PA latch [0:Off, 1:On]",System.Int32,,TRUE,TRUE
system.switches.S_ASP_PA_SEND,"ASP PA send [0:Normal, 1:Pushed]",System.Int32,,TRUE,TRUE
system.switches.S_ASP_RAD,"ASP RT Selected [0:Off, 1:On]",System.Int32,,TRUE,TRUE
system.switches.S_ASP_RESET,"ASP Reset [0:Normal, 1:Pushed]",System.Int32,,TRUE,TRUE
system.switches.S_ASP_SEND_CHANNEL,"ASP  Channel Selection [0:None, 1:VHF 1, 2:VHF 2, 3:VHF 3, 4:HF 1, 5:HF 2, 6:INT, 7:CAB, 8:PA]",System.Int32,,TRUE,TRUE
system.switches.S_ASP_VHF_1_REC,"ASP VHF 1 [0:Off, 1:Pushed]",System.Int32,,TRUE,TRUE
system.switches.S_ASP_VHF_1_REC_LATCH,"ASP VHF 1 latch [0:Off, 1:On]",System.Int32,,TRUE,TRUE
system.switches.S_ASP_VHF_1_SEND,"ASP VHF 1 send [0:Normal, 1:Pushed]",System.Int32,,TRUE,TRUE
system.switches.S_ASP_VHF_2_REC,"ASP VHF 2 [0:Off, 1:Pushed]",System.Int32,,TRUE,TRUE
system.switches.S_ASP_VHF_2_REC_LATCH,"ASP VHF 2 latch [0:Off, 1:On]",System.Int32,,TRUE,TRUE
system.switches.S_ASP_VHF_2_SEND,"ASP VHF 2 send [0:Normal, 1:Pushed]",System.Int32,,TRUE,TRUE
system.switches.S_ASP_VHF_3_REC,"ASP VHF 3 [0:Off, 1:Pushed]",System.Int32,,TRUE,TRUE
system.switches.S_ASP_VHF_3_REC_LATCH,"ASP VHF 3 latch [0:Off, 1:On]",System.Int32,,TRUE,TRUE
system.switches.S_ASP_VHF_3_SEND,"ASP VHF 3 send [0:Normal, 1:Pushed]",System.Int32,,TRUE,TRUE
system.switches.S_ASP_VOICE,"ASP Voice [0:Off, 1:Pushed]",System.Int32,,TRUE,TRUE
system.switches.S_ASP_VOICE_LATCH,"ASP Voice latch [0:Off, 1:On]",System.Int32,,TRUE,TRUE
system.switches.S_ASP_VOR_1_REC,"ASP NAV 1 [0:Off, 1:Pushed]",System.Int32,,TRUE,TRUE
system.switches.S_ASP_VOR_1_REC_LATCH,"ASP NAV 1 latch [0:Off, 1:On]",System.Int32,,TRUE,TRUE
system.switches.S_ASP_VOR_2_REC,"ASP NAV 2 [0:Off, 1:Pushed]",System.Int32,,TRUE,TRUE
system.switches.S_ASP_VOR_2_REC_LATCH,"ASP NAV 2 latch [0:Off, 1:On]",System.Int32,,TRUE,TRUE
system.switches.S_ASP2_ADF_1_REC,"ASP FO ADF 1 [0:Off, 1:Pushed]",System.Int32,,TRUE,TRUE
system.switches.S_ASP2_ADF_1_REC_LATCH,"ASP FO ADF 1 latch [0:Off, 1:On]",System.Int32,,TRUE,TRUE
system.switches.S_ASP2_ADF_2_REC,"ASP FO ADF 2 [0:Off, 1:Pushed]",System.Int32,,TRUE,TRUE
system.switches.S_ASP2_ADF_2_REC_LATCH,"ASP FO ADF 2 latch [0:Off, 1:On]",System.Int32,,TRUE,TRUE
system.switches.S_ASP2_CAB_REC,"ASP FO CAB [0:Off, 1:Pushed]",System.Int32,,TRUE,TRUE
system.switches.S_ASP2_CAB_REC_LATCH,"ASP FO CAB latch [0:Off, 1:On]",System.Int32,,TRUE,TRUE
system.switches.S_ASP2_CAB_SEND,"ASP FO CAB send [0:Normal, 1:Pushed]",System.Int32,,TRUE,TRUE
system.switches.S_ASP2_HF_1_REC,"ASP FO HF 1 [0:Off, 1:Pushed]",System.Int32,,TRUE,TRUE
system.switches.S_ASP2_HF_1_REC_LATCH,"ASP FO HF 1 latch [0:Off, 1:On]",System.Int32,,TRUE,TRUE
system.switches.S_ASP2_HF_1_SEND,"ASP FO HF 1 send [0:Normal, 1:Pushed]",System.Int32,,TRUE,TRUE
system.switches.S_ASP2_HF_2_REC,"ASP FO HF 2 [0:Off, 1:Pushed]",System.Int32,,TRUE,TRUE
system.switches.S_ASP2_HF_2_REC_LATCH,"ASP FO HF 2 latch [0:Off, 1:On]",System.Int32,,TRUE,TRUE
system.switches.S_ASP2_HF_2_SEND,"ASP FO HF 2 send [0:Normal, 1:Pushed]",System.Int32,,TRUE,TRUE
system.switches.S_ASP2_ILS_REC,"ASP FO ILS [0:Off, 1:Pushed]",System.Int32,,TRUE,TRUE
system.switches.S_ASP2_ILS_REC_LATCH,"ASP FO ILS latch [0:Off, 1:On]",System.Int32,,TRUE,TRUE
system.switches.S_ASP2_INT,"ASP2 IC Selected [0:Off, 1:On]",System.Int32,,TRUE,TRUE
system.switches.S_ASP2_INT_REC,"ASP FO INT [0:Off, 1:Pushed]",System.Int32,,TRUE,TRUE
system.switches.S_ASP2_INT_REC_LATCH,"ASP FO INT latch [0:Off, 1:On]",System.Int32,,TRUE,TRUE
system.switches.S_ASP2_INT_SEND,"ASP FO INT send [0:Normal, 1:Pushed]",System.Int32,,TRUE,TRUE
system.switches.S_ASP2_INTRAD,"ASP FO INT/RAD Switch [0:INT, 1:Off, 2:RAD]",System.Int32,,TRUE,TRUE
system.switches.S_ASP2_MARKER_REC,"ASP FO Marker [0:Off, 1:Pushed]",System.Int32,,TRUE,TRUE
system.switches.S_ASP2_MARKER_REC_LATCH,"ASP FO Marker latch [0:Off, 1:On]",System.Int32,,TRUE,TRUE
system.switches.S_ASP2_MASK,"ASP2 Mask Selected [0:Off, 1:On]",System.Int32,,TRUE,TRUE
system.switches.S_ASP2_MLS_REC,"ASP FO MLS [0:Off, 1:Pushed]",System.Int32,,TRUE,TRUE
system.switches.S_ASP2_MLS_REC_LATCH,"ASP FO MLS latch [0:Off, 1:On]",System.Int32,,TRUE,TRUE
system.switches.S_ASP2_PA_REC,"ASP FO PA [0:Off, 1:Pushed]",System.Int32,,TRUE,TRUE
system.switches.S_ASP2_PA_REC_LATCH,"ASP FO PA latch [0:Off, 1:On]",System.Int32,,TRUE,TRUE
system.switches.S_ASP2_PA_SEND,"ASP FO PA send [0:Normal, 1:Pushed]",System.Int32,,TRUE,TRUE
system.switches.S_ASP2_RAD,"ASP2 RT Selected [0:Off, 1:On]",System.Int32,,TRUE,TRUE
system.switches.S_ASP2_RESET,"ASP FO Reset [0:Normal, 1:Pushed]",System.Int32,,TRUE,TRUE
system.switches.S_ASP2_SEND_CHANNEL,"ASP FO  Channel Selection [0:None, 1:VHF 1, 2:VHF 2, 3:VHF 3, 4:HF 1, 5:HF 2, 6:INT, 7:CAB, 8:PA]",System.Int32,,TRUE,TRUE
system.switches.S_ASP2_VHF_1_REC,"ASP FO VHF 1 [0:Off, 1:Pushed]",System.Int32,,TRUE,TRUE
system.switches.S_ASP2_VHF_1_REC_LATCH,"ASP FO VHF 1 latch [0:Off, 1:On]",System.Int32,,TRUE,TRUE
system.switches.S_ASP2_VHF_1_SEND,"ASP FO VHF 1 send [0:Normal, 1:Pushed]",System.Int32,,TRUE,TRUE
system.switches.S_ASP2_VHF_2_REC,"ASP FO VHF 2 [0:Off, 1:Pushed]",System.Int32,,TRUE,TRUE
system.switches.S_ASP2_VHF_2_REC_LATCH,"ASP FO VHF 2 latch [0:Off, 1:On]",System.Int32,,TRUE,TRUE
system.switches.S_ASP2_VHF_2_SEND,"ASP FO VHF 2 send [0:Normal, 1:Pushed]",System.Int32,,TRUE,TRUE
system.switches.S_ASP2_VHF_3_REC,"ASP FO VHF 3 [0:Off, 1:Pushed]",System.Int32,,TRUE,TRUE
system.switches.S_ASP2_VHF_3_REC_LATCH,"ASP FO VHF 3 latch [0:Off, 1:On]",System.Int32,,TRUE,TRUE
system.switches.S_ASP2_VHF_3_SEND,"ASP FO VHF 3 send [0:Normal, 1:Pushed]",System.Int32,,TRUE,TRUE
system.switches.S_ASP2_VOICE,"ASP FO Voice [0:Off, 1:Pushed]",System.Int32,,TRUE,TRUE
system.switches.S_ASP2_VOICE_LATCH,"ASP FO Voice latch [0:Off, 1:On]",System.Int32,,TRUE,TRUE
system.switches.S_ASP2_VOR_1_REC,"ASP FO NAV 1 [0:Off, 1:Pushed]",System.Int32,,TRUE,TRUE
system.switches.S_ASP2_VOR_1_REC_LATCH,"ASP FO NAV 1 latch [0:Off, 1:On]",System.Int32,,TRUE,TRUE
system.switches.S_ASP2_VOR_2_REC,"ASP FO NAV 2 [0:Off, 1:Pushed]",System.Int32,,TRUE,TRUE
system.switches.S_ASP2_VOR_2_REC_LATCH,"ASP FO NAV 2 latch [0:Off, 1:On]",System.Int32,,TRUE,TRUE
system.switches.S_ASP3_ADF_1_REC,"ASP OBS ADF 1 [0:Off, 1:Pushed]",System.Int32,,TRUE,TRUE
system.switches.S_ASP3_ADF_1_REC_LATCH,"ASP OBS ADF 1 latch [0:Off, 1:On]",System.Int32,,TRUE,TRUE
system.switches.S_ASP3_ADF_2_REC,"ASP OBS ADF 2 [0:Off, 1:Pushed]",System.Int32,,TRUE,TRUE
system.switches.S_ASP3_ADF_2_REC_LATCH,"ASP OBS ADF 2 latch [0:Off, 1:On]",System.Int32,,TRUE,TRUE
system.switches.S_ASP3_CAB_REC,"ASP OBS CAB [0:Off, 1:Pushed]",System.Int32,,TRUE,TRUE
system.switches.S_ASP3_CAB_REC_LATCH,"ASP OBS CAB latch [0:Off, 1:On]",System.Int32,,TRUE,TRUE
system.switches.S_ASP3_CAB_SEND,"ASP OBS CAB send [0:Normal, 1:Pushed]",System.Int32,,TRUE,TRUE
system.switches.S_ASP3_HF_1_REC,"ASP OBS HF 1 [0:Off, 1:Pushed]",System.Int32,,TRUE,TRUE
system.switches.S_ASP3_HF_1_REC_LATCH,"ASP OBS HF 1 latch [0:Off, 1:On]",System.Int32,,TRUE,TRUE
system.switches.S_ASP3_HF_1_SEND,"ASP OBS HF 1 send [0:Normal, 1:Pushed]",System.Int32,,TRUE,TRUE
system.switches.S_ASP3_HF_2_REC,"ASP OBS HF 2 [0:Off, 1:Pushed]",System.Int32,,TRUE,TRUE
system.switches.S_ASP3_HF_2_REC_LATCH,"ASP OBS HF 2 latch [0:Off, 1:On]",System.Int32,,TRUE,TRUE
system.switches.S_ASP3_HF_2_SEND,"ASP OBS HF 2 send [0:Normal, 1:Pushed]",System.Int32,,TRUE,TRUE
system.switches.S_ASP3_ILS_REC,"ASP OBS ILS [0:Off, 1:Pushed]",System.Int32,,TRUE,TRUE
system.switches.S_ASP3_ILS_REC_LATCH,"ASP OBS ILS latch [0:Off, 1:On]",System.Int32,,TRUE,TRUE
system.switches.S_ASP3_INT,"ASP3 IC Selected [0:Off, 1:On]",System.Int32,,TRUE,TRUE
system.switches.S_ASP3_INT_REC,"ASP OBS INT [0:Off, 1:Pushed]",System.Int32,,TRUE,TRUE
system.switches.S_ASP3_INT_REC_LATCH,"ASP OBS INT latch [0:Off, 1:On]",System.Int32,,TRUE,TRUE
system.switches.S_ASP3_INT_SEND,"ASP OBS INT send [0:Normal, 1:Pushed]",System.Int32,,TRUE,TRUE
system.switches.S_ASP3_INTRAD,"ASP OBS INT/RAD Switch [0:INT, 1:Off, 2:RAD]",System.Int32,,TRUE,TRUE
system.switches.S_ASP3_MARKER_REC,"ASP OBS Marker [0:Off, 1:Pushed]",System.Int32,,TRUE,TRUE
system.switches.S_ASP3_MARKER_REC_LATCH,"ASP OBS Marker latch [0:Off, 1:On]",System.Int32,,TRUE,TRUE
system.switches.S_ASP3_MASK,"ASP3 Mask Selected [0:Off, 1:On]",System.Int32,,TRUE,TRUE
system.switches.S_ASP3_MLS_REC,"ASP OBS MLS [0:Off, 1:Pushed]",System.Int32,,TRUE,TRUE
system.switches.S_ASP3_MLS_REC_LATCH,"ASP OBS MLS latch [0:Off, 1:On]",System.Int32,,TRUE,TRUE
system.switches.S_ASP3_PA_REC,"ASP OBS PA [0:Off, 1:Pushed]",System.Int32,,TRUE,TRUE
system.switches.S_ASP3_PA_REC_LATCH,"ASP OBS PA latch [0:Off, 1:On]",System.Int32,,TRUE,TRUE
system.switches.S_ASP3_PA_SEND,"ASP OBS PA send [0:Normal, 1:Pushed]",System.Int32,,TRUE,TRUE
system.switches.S_ASP3_RAD,"ASP3 RT Selected [0:Off, 1:On]",System.Int32,,TRUE,TRUE
system.switches.S_ASP3_RESET,"ASP OBS Reset [0:Normal, 1:Pushed]",System.Int32,,TRUE,TRUE
system.switches.S_ASP3_SEND_CHANNEL,"ASP OBS  Channel Selection [0:None, 1:VHF 1, 2:VHF 2, 3:VHF 3, 4:HF 1, 5:HF 2, 6:INT, 7:CAB, 8:PA]",System.Int32,,TRUE,TRUE
system.switches.S_ASP3_VHF_1_REC,"ASP OBS VHF 1 [0:Off, 1:Pushed]",System.Int32,,TRUE,TRUE
system.switches.S_ASP3_VHF_1_REC_LATCH,"ASP OBS VHF 1 latch [0:Off, 1:On]",System.Int32,,TRUE,TRUE
system.switches.S_ASP3_VHF_1_SEND,"ASP OBS VHF 1 send [0:Normal, 1:Pushed]",System.Int32,,TRUE,TRUE
system.switches.S_ASP3_VHF_2_REC,"ASP OBS VHF 2 [0:Off, 1:Pushed]",System.Int32,,TRUE,TRUE
system.switches.S_ASP3_VHF_2_REC_LATCH,"ASP OBS VHF 2 latch [0:Off, 1:On]",System.Int32,,TRUE,TRUE
system.switches.S_ASP3_VHF_2_SEND,"ASP OBS VHF 2 send [0:Normal, 1:Pushed]",System.Int32,,TRUE,TRUE
system.switches.S_ASP3_VHF_3_REC,"ASP OBS VHF 3 [0:Off, 1:Pushed]",System.Int32,,TRUE,TRUE
system.switches.S_ASP3_VHF_3_REC_LATCH,"ASP OBS VHF 3 latch [0:Off, 1:On]",System.Int32,,TRUE,TRUE
system.switches.S_ASP3_VHF_3_SEND,"ASP OBS VHF 3 send [0:Normal, 1:Pushed]",System.Int32,,TRUE,TRUE
system.switches.S_ASP3_VOICE,"ASP OBS Voice [0:Off, 1:Pushed]",System.Int32,,TRUE,TRUE
system.switches.S_ASP3_VOICE_LATCH,"ASP OBS Voice latch [0:Off, 1:On]",System.Int32,,TRUE,TRUE
system.switches.S_ASP3_VOR_1_REC,"ASP OBS NAV 1 [0:Off, 1:Pushed]",System.Int32,,TRUE,TRUE
system.switches.S_ASP3_VOR_1_REC_LATCH,"ASP OBS NAV 1 latch [0:Off, 1:On]",System.Int32,,TRUE,TRUE
system.switches.S_ASP3_VOR_2_REC,"ASP OBS NAV 2 [0:Off, 1:Pushed]",System.Int32,,TRUE,TRUE
system.switches.S_ASP3_VOR_2_REC_LATCH,"ASP OBS NAV 2 latch [0:Off, 1:On]",System.Int32,,TRUE,TRUE
system.switches.S_AUDIO_SWITCHING,"Audio Switching [0:CAPT, 1:Norm, 2:F/O]",System.Int32,,TRUE,TRUE
system.switches.S_CDU1_BRIGHTNESS_DOWN,"CDU 1 BRIGHTNESS_DOWN [0:Normal, 1:Pushed]",System.Int32,,TRUE,TRUE
system.switches.S_CDU1_BRIGHTNESS_UP,"CDU 1 BRIGHTNESS_UP [0:Normal, 1:Pushed]",System.Int32,,TRUE,TRUE
system.switches.S_CDU1_KEY_0,"CDU 1 KEY_0 [0:Normal, 1:Pushed]",System.Int32,,TRUE,TRUE
system.switches.S_CDU1_KEY_1,"CDU 1 KEY_1 [0:Normal, 1:Pushed]",System.Int32,,TRUE,TRUE
system.switches.S_CDU1_KEY_2,"CDU 1 KEY_2 [0:Normal, 1:Pushed]",System.Int32,,TRUE,TRUE
system.switches.S_CDU1_KEY_3,"CDU 1 KEY_3 [0:Normal, 1:Pushed]",System.Int32,,TRUE,TRUE
system.switches.S_CDU1_KEY_4,"CDU 1 KEY_4 [0:Normal, 1:Pushed]",System.Int32,,TRUE,TRUE
system.switches.S_CDU1_KEY_5,"CDU 1 KEY_5 [0:Normal, 1:Pushed]",System.Int32,,TRUE,TRUE
system.switches.S_CDU1_KEY_6,"CDU 1 KEY_6 [0:Normal, 1:Pushed]",System.Int32,,TRUE,TRUE
system.switches.S_CDU1_KEY_7,"CDU 1 KEY_7 [0:Normal, 1:Pushed]",System.Int32,,TRUE,TRUE
system.switches.S_CDU1_KEY_8,"CDU 1 KEY_8 [0:Normal, 1:Pushed]",System.Int32,,TRUE,TRUE
system.switches.S_CDU1_KEY_9,"CDU 1 KEY_9 [0:Normal, 1:Pushed]",System.Int32,,TRUE,TRUE
system.switches.S_CDU1_KEY_A,"CDU 1 KEY_A [0:Normal, 1:Pushed]",System.Int32,,TRUE,TRUE
system.switches.S_CDU1_KEY_AIRPORT,"CDU 1 KEY_AIRPORT [0:Normal, 1:Pushed]",System.Int32,,TRUE,TRUE
system.switches.S_CDU1_KEY_ARROW_DOWN,"CDU 1 KEY_ARROW_DOWN [0:Normal, 1:Pushed]",System.Int32,,TRUE,TRUE
system.switches.S_CDU1_KEY_ARROW_LEFT,"CDU 1 KEY_ARROW_LEFT [0:Normal, 1:Pushed]",System.Int32,,TRUE,TRUE
system.switches.S_CDU1_KEY_ARROW_RIGHT,"CDU 1 KEY_ARROW_RIGHT [0:Normal, 1:Pushed]",System.Int32,,TRUE,TRUE
system.switches.S_CDU1_KEY_ARROW_UP,"CDU 1 KEY_ARROW_UP [0:Normal, 1:Pushed]",System.Int32,,TRUE,TRUE
system.switches.S_CDU1_KEY_ATC_COM,"CDU 1 KEY_ATC_COM [0:Normal, 1:Pushed]",System.Int32,,TRUE,TRUE
system.switches.S_CDU1_KEY_B,"CDU 1 KEY_B [0:Normal, 1:Pushed]",System.Int32,,TRUE,TRUE
system.switches.S_CDU1_KEY_C,"CDU 1 KEY_C [0:Normal, 1:Pushed]",System.Int32,,TRUE,TRUE
system.switches.S_CDU1_KEY_CLEAR,"CDU 1 KEY_CLEAR [0:Normal, 1:Pushed]",System.Int32,,TRUE,TRUE
system.switches.S_CDU1_KEY_CLEAR_LINE,"CDU 1 KEY_CLEAR_LINE [0:Normal, 1:Pushed]",System.Int32,,TRUE,TRUE
system.switches.S_CDU1_KEY_D,"CDU 1 KEY_D [0:Normal, 1:Pushed]",System.Int32,,TRUE,TRUE
system.switches.S_CDU1_KEY_DATA,"CDU 1 KEY_DATA [0:Normal, 1:Pushed]",System.Int32,,TRUE,TRUE
system.switches.S_CDU1_KEY_DIR,"CDU 1 KEY_DIR [0:Normal, 1:Pushed]",System.Int32,,TRUE,TRUE
system.switches.S_CDU1_KEY_DOT,"CDU 1 KEY_DOT [0:Normal, 1:Pushed]",System.Int32,,TRUE,TRUE
system.switches.S_CDU1_KEY_E,"CDU 1 KEY_E [0:Normal, 1:Pushed]",System.Int32,,TRUE,TRUE
system.switches.S_CDU1_KEY_F,"CDU 1 KEY_F [0:Normal, 1:Pushed]",System.Int32,,TRUE,TRUE
system.switches.S_CDU1_KEY_FPLN,"CDU 1 KEY_FPLN [0:Normal, 1:Pushed]",System.Int32,,TRUE,TRUE
system.switches.S_CDU1_KEY_FUEL_PRED,"CDU 1 KEY_FUEL_PRED [0:Normal, 1:Pushed]",System.Int32,,TRUE,TRUE
system.switches.S_CDU1_KEY_G,"CDU 1 KEY_G [0:Normal, 1:Pushed]",System.Int32,,TRUE,TRUE
system.switches.S_CDU1_KEY_H,"CDU 1 KEY_H [0:Normal, 1:Pushed]",System.Int32,,TRUE,TRUE
system.switches.S_CDU1_KEY_I,"CDU 1 KEY_I [0:Normal, 1:Pushed]",System.Int32,,TRUE,TRUE
system.switches.S_CDU1_KEY_INIT,"CDU 1 KEY_INIT [0:Normal, 1:Pushed]",System.Int32,,TRUE,TRUE
system.switches.S_CDU1_KEY_J,"CDU 1 KEY_J [0:Normal, 1:Pushed]",System.Int32,,TRUE,TRUE
system.switches.S_CDU1_KEY_K,"CDU 1 KEY_K [0:Normal, 1:Pushed]",System.Int32,,TRUE,TRUE
system.switches.S_CDU1_KEY_L,"CDU 1 KEY_L [0:Normal, 1:Pushed]",System.Int32,,TRUE,TRUE
system.switches.S_CDU1_KEY_LSK1L,"CDU 1 KEY_LSK1L [0:Normal, 1:Pushed]",System.Int32,,TRUE,TRUE
system.switches.S_CDU1_KEY_LSK1R,"CDU 1 KEY_LSK1R [0:Normal, 1:Pushed]",System.Int32,,TRUE,TRUE
system.switches.S_CDU1_KEY_LSK2L,"CDU 1 KEY_LSK2L [0:Normal, 1:Pushed]",System.Int32,,TRUE,TRUE
system.switches.S_CDU1_KEY_LSK2R,"CDU 1 KEY_LSK2R [0:Normal, 1:Pushed]",System.Int32,,TRUE,TRUE
system.switches.S_CDU1_KEY_LSK3L,"CDU 1 KEY_LSK3L [0:Normal, 1:Pushed]",System.Int32,,TRUE,TRUE
system.switches.S_CDU1_KEY_LSK3R,"CDU 1 KEY_LSK3R [0:Normal, 1:Pushed]",System.Int32,,TRUE,TRUE
system.switches.S_CDU1_KEY_LSK4L,"CDU 1 KEY_LSK4L [0:Normal, 1:Pushed]",System.Int32,,TRUE,TRUE
system.switches.S_CDU1_KEY_LSK4R,"CDU 1 KEY_LSK4R [0:Normal, 1:Pushed]",System.Int32,,TRUE,TRUE
system.switches.S_CDU1_KEY_LSK5L,"CDU 1 KEY_LSK5L [0:Normal, 1:Pushed]",System.Int32,,TRUE,TRUE
system.switches.S_CDU1_KEY_LSK5R,"CDU 1 KEY_LSK5R [0:Normal, 1:Pushed]",System.Int32,,TRUE,TRUE
system.switches.S_CDU1_KEY_LSK6L,"CDU 1 KEY_LSK6L [0:Normal, 1:Pushed]",System.Int32,,TRUE,TRUE
system.switches.S_CDU1_KEY_LSK6R,"CDU 1 KEY_LSK6R [0:Normal, 1:Pushed]",System.Int32,,TRUE,TRUE
system.switches.S_CDU1_KEY_M,"CDU 1 KEY_M [0:Normal, 1:Pushed]",System.Int32,,TRUE,TRUE
system.switches.S_CDU1_KEY_MENU,"CDU 1 KEY_MENU [0:Normal, 1:Pushed]",System.Int32,,TRUE,TRUE
system.switches.S_CDU1_KEY_MINUS,"CDU 1 KEY_MINUS [0:Normal, 1:Pushed]",System.Int32,,TRUE,TRUE
system.switches.S_CDU1_KEY_N,"CDU 1 KEY_N [0:Normal, 1:Pushed]",System.Int32,,TRUE,TRUE
system.switches.S_CDU1_KEY_O,"CDU 1 KEY_O [0:Normal, 1:Pushed]",System.Int32,,TRUE,TRUE
system.switches.S_CDU1_KEY_OVFLY,"CDU 1 KEY_OVFLY [0:Normal, 1:Pushed]",System.Int32,,TRUE,TRUE
system.switches.S_CDU1_KEY_P,"CDU 1 KEY_P [0:Normal, 1:Pushed]",System.Int32,,TRUE,TRUE
system.switches.S_CDU1_KEY_PERF,"CDU 1 KEY_PERF [0:Normal, 1:Pushed]",System.Int32,,TRUE,TRUE
system.switches.S_CDU1_KEY_PROG,"CDU 1 KEY_PROG [0:Normal, 1:Pushed]",System.Int32,,TRUE,TRUE
system.switches.S_CDU1_KEY_Q,"CDU 1 KEY_Q [0:Normal, 1:Pushed]",System.Int32,,TRUE,TRUE
system.switches.S_CDU1_KEY_R,"CDU 1 KEY_R [0:Normal, 1:Pushed]",System.Int32,,TRUE,TRUE
system.switches.S_CDU1_KEY_RAD_NAV,"CDU 1 KEY_RAD_NAV [0:Normal, 1:Pushed]",System.Int32,,TRUE,TRUE
system.switches.S_CDU1_KEY_S,"CDU 1 KEY_S [0:Normal, 1:Pushed]",System.Int32,,TRUE,TRUE
system.switches.S_CDU1_KEY_SEC_FPLN,"CDU 1 KEY_SEC_FPLN [0:Normal, 1:Pushed]",System.Int32,,TRUE,TRUE
system.switches.S_CDU1_KEY_SLASH,"CDU 1 KEY_SLASH [0:Normal, 1:Pushed]",System.Int32,,TRUE,TRUE
system.switches.S_CDU1_KEY_SPACE,"CDU 1 KEY_SPACE [0:Normal, 1:Pushed]",System.Int32,,TRUE,TRUE
system.switches.S_CDU1_KEY_T,"CDU 1 KEY_T [0:Normal, 1:Pushed]",System.Int32,,TRUE,TRUE
system.switches.S_CDU1_KEY_U,"CDU 1 KEY_U [0:Normal, 1:Pushed]",System.Int32,,TRUE,TRUE
system.switches.S_CDU1_KEY_V,"CDU 1 KEY_V [0:Normal, 1:Pushed]",System.Int32,,TRUE,TRUE
system.switches.S_CDU1_KEY_W,"CDU 1 KEY_W [0:Normal, 1:Pushed]",System.Int32,,TRUE,TRUE
system.switches.S_CDU1_KEY_X,"CDU 1 KEY_X [0:Normal, 1:Pushed]",System.Int32,,TRUE,TRUE
system.switches.S_CDU1_KEY_Y,"CDU 1 KEY_Y [0:Normal, 1:Pushed]",System.Int32,,TRUE,TRUE
system.switches.S_CDU1_KEY_Z,"CDU 1 KEY_Z [0:Normal, 1:Pushed]",System.Int32,,TRUE,TRUE
system.switches.S_CDU2_BRIGHTNESS_DOWN,"CDU 2 BRIGHTNESS_DOWN [0:Normal, 1:Pushed]",System.Int32,,TRUE,TRUE
system.switches.S_CDU2_BRIGHTNESS_UP,"CDU 2 BRIGHTNESS_UP [0:Normal, 1:Pushed]",System.Int32,,TRUE,TRUE
system.switches.S_CDU2_KEY_0,"CDU 2 KEY_0 [0:Normal, 1:Pushed]",System.Int32,,TRUE,TRUE
system.switches.S_CDU2_KEY_1,"CDU 2 KEY_1 [0:Normal, 1:Pushed]",System.Int32,,TRUE,TRUE
system.switches.S_CDU2_KEY_2,"CDU 2 KEY_2 [0:Normal, 1:Pushed]",System.Int32,,TRUE,TRUE
system.switches.S_CDU2_KEY_3,"CDU 2 KEY_3 [0:Normal, 1:Pushed]",System.Int32,,TRUE,TRUE
system.switches.S_CDU2_KEY_4,"CDU 2 KEY_4 [0:Normal, 1:Pushed]",System.Int32,,TRUE,TRUE
system.switches.S_CDU2_KEY_5,"CDU 2 KEY_5 [0:Normal, 1:Pushed]",System.Int32,,TRUE,TRUE
system.switches.S_CDU2_KEY_6,"CDU 2 KEY_6 [0:Normal, 1:Pushed]",System.Int32,,TRUE,TRUE
system.switches.S_CDU2_KEY_7,"CDU 2 KEY_7 [0:Normal, 1:Pushed]",System.Int32,,TRUE,TRUE
system.switches.S_CDU2_KEY_8,"CDU 2 KEY_8 [0:Normal, 1:Pushed]",System.Int32,,TRUE,TRUE
system.switches.S_CDU2_KEY_9,"CDU 2 KEY_9 [0:Normal, 1:Pushed]",System.Int32,,TRUE,TRUE
system.switches.S_CDU2_KEY_A,"CDU 2 KEY_A [0:Normal, 1:Pushed]",System.Int32,,TRUE,TRUE
system.switches.S_CDU2_KEY_AIRPORT,"CDU 2 KEY_AIRPORT [0:Normal, 1:Pushed]",System.Int32,,TRUE,TRUE
system.switches.S_CDU2_KEY_ARROW_DOWN,"CDU 2 KEY_ARROW_DOWN [0:Normal, 1:Pushed]",System.Int32,,TRUE,TRUE
system.switches.S_CDU2_KEY_ARROW_LEFT,"CDU 2 KEY_ARROW_LEFT [0:Normal, 1:Pushed]",System.Int32,,TRUE,TRUE
system.switches.S_CDU2_KEY_ARROW_RIGHT,"CDU 2 KEY_ARROW_RIGHT [0:Normal, 1:Pushed]",System.Int32,,TRUE,TRUE
system.switches.S_CDU2_KEY_ARROW_UP,"CDU 2 KEY_ARROW_UP [0:Normal, 1:Pushed]",System.Int32,,TRUE,TRUE
system.switches.S_CDU2_KEY_ATC_COM,"CDU 2 KEY_ATC_COM [0:Normal, 1:Pushed]",System.Int32,,TRUE,TRUE
system.switches.S_CDU2_KEY_B,"CDU 2 KEY_B [0:Normal, 1:Pushed]",System.Int32,,TRUE,TRUE
system.switches.S_CDU2_KEY_C,"CDU 2 KEY_C [0:Normal, 1:Pushed]",System.Int32,,TRUE,TRUE
system.switches.S_CDU2_KEY_CLB,"CDU 2 KEY_CLB [0:Normal, 1:Pushed]",System.Int32,,TRUE,TRUE
system.switches.S_CDU2_KEY_CLEAR,"CDU 2 KEY_CLEAR [0:Normal, 1:Pushed]",System.Int32,,TRUE,TRUE
system.switches.S_CDU2_KEY_CLEAR_LINE,"CDU 2 KEY_CLEAR_LINE [0:Normal, 1:Pushed]",System.Int32,,TRUE,TRUE
system.switches.S_CDU2_KEY_D,"CDU 2 KEY_D [0:Normal, 1:Pushed]",System.Int32,,TRUE,TRUE
system.switches.S_CDU2_KEY_DATA,"CDU 2 KEY_DATA [0:Normal, 1:Pushed]",System.Int32,,TRUE,TRUE
system.switches.S_CDU2_KEY_DIR,"CDU 2 KEY_DIR [0:Normal, 1:Pushed]",System.Int32,,TRUE,TRUE
system.switches.S_CDU2_KEY_DOT,"CDU 2 KEY_DOT [0:Normal, 1:Pushed]",System.Int32,,TRUE,TRUE
system.switches.S_CDU2_KEY_E,"CDU 2 KEY_E [0:Normal, 1:Pushed]",System.Int32,,TRUE,TRUE
system.switches.S_CDU2_KEY_F,"CDU 2 KEY_F [0:Normal, 1:Pushed]",System.Int32,,TRUE,TRUE
system.switches.S_CDU2_KEY_FPLN,"CDU 2 KEY_FPLN [0:Normal, 1:Pushed]",System.Int32,,TRUE,TRUE
system.switches.S_CDU2_KEY_FUEL_PRED,"CDU 2 KEY_FUEL_PRED [0:Normal, 1:Pushed]",System.Int32,,TRUE,TRUE
system.switches.S_CDU2_KEY_G,"CDU 2 KEY_G [0:Normal, 1:Pushed]",System.Int32,,TRUE,TRUE
system.switches.S_CDU2_KEY_H,"CDU 2 KEY_H [0:Normal, 1:Pushed]",System.Int32,,TRUE,TRUE
system.switches.S_CDU2_KEY_I,"CDU 2 KEY_I [0:Normal, 1:Pushed]",System.Int32,,TRUE,TRUE
system.switches.S_CDU2_KEY_INIT,"CDU 2 KEY_INIT [0:Normal, 1:Pushed]",System.Int32,,TRUE,TRUE
system.switches.S_CDU2_KEY_J,"CDU 2 KEY_J [0:Normal, 1:Pushed]",System.Int32,,TRUE,TRUE
system.switches.S_CDU2_KEY_K,"CDU 2 KEY_K [0:Normal, 1:Pushed]",System.Int32,,TRUE,TRUE
system.switches.S_CDU2_KEY_L,"CDU 2 KEY_L [0:Normal, 1:Pushed]",System.Int32,,TRUE,TRUE
system.switches.S_CDU2_KEY_LSK1L,"CDU 2 KEY_LSK1L [0:Normal, 1:Pushed]",System.Int32,,TRUE,TRUE
system.switches.S_CDU2_KEY_LSK1R,"CDU 2 KEY_LSK1R [0:Normal, 1:Pushed]",System.Int32,,TRUE,TRUE
system.switches.S_CDU2_KEY_LSK2L,"CDU 2 KEY_LSK2L [0:Normal, 1:Pushed]",System.Int32,,TRUE,TRUE
system.switches.S_CDU2_KEY_LSK2R,"CDU 2 KEY_LSK2R [0:Normal, 1:Pushed]",System.Int32,,TRUE,TRUE
system.switches.S_CDU2_KEY_LSK3L,"CDU 2 KEY_LSK3L [0:Normal, 1:Pushed]",System.Int32,,TRUE,TRUE
system.switches.S_CDU2_KEY_LSK3R,"CDU 2 KEY_LSK3R [0:Normal, 1:Pushed]",System.Int32,,TRUE,TRUE
system.switches.S_CDU2_KEY_LSK4L,"CDU 2 KEY_LSK4L [0:Normal, 1:Pushed]",System.Int32,,TRUE,TRUE
system.switches.S_CDU2_KEY_LSK4R,"CDU 2 KEY_LSK4R [0:Normal, 1:Pushed]",System.Int32,,TRUE,TRUE
system.switches.S_CDU2_KEY_LSK5L,"CDU 2 KEY_LSK5L [0:Normal, 1:Pushed]",System.Int32,,TRUE,TRUE
system.switches.S_CDU2_KEY_LSK5R,"CDU 2 KEY_LSK5R [0:Normal, 1:Pushed]",System.Int32,,TRUE,TRUE
system.switches.S_CDU2_KEY_LSK6L,"CDU 2 KEY_LSK6L [0:Normal, 1:Pushed]",System.Int32,,TRUE,TRUE
system.switches.S_CDU2_KEY_LSK6R,"CDU 2 KEY_LSK6R [0:Normal, 1:Pushed]",System.Int32,,TRUE,TRUE
system.switches.S_CDU2_KEY_M,"CDU 2 KEY_M [0:Normal, 1:Pushed]",System.Int32,,TRUE,TRUE
system.switches.S_CDU2_KEY_MENU,"CDU 2 KEY_MENU [0:Normal, 1:Pushed]",System.Int32,,TRUE,TRUE
system.switches.S_CDU2_KEY_MINUS,"CDU 2 KEY_MINUS [0:Normal, 1:Pushed]",System.Int32,,TRUE,TRUE
system.switches.S_CDU2_KEY_N,"CDU 2 KEY_N [0:Normal, 1:Pushed]",System.Int32,,TRUE,TRUE
system.switches.S_CDU2_KEY_O,"CDU 2 KEY_O [0:Normal, 1:Pushed]",System.Int32,,TRUE,TRUE
system.switches.S_CDU2_KEY_OVFLY,"CDU 2 KEY_OVFLY [0:Normal, 1:Pushed]",System.Int32,,TRUE,TRUE
system.switches.S_CDU2_KEY_P,"CDU 2 KEY_P [0:Normal, 1:Pushed]",System.Int32,,TRUE,TRUE
system.switches.S_CDU2_KEY_PERF,"CDU 2 KEY_PERF [0:Normal, 1:Pushed]",System.Int32,,TRUE,TRUE
system.switches.S_CDU2_KEY_PROG,"CDU 2 KEY_PROG [0:Normal, 1:Pushed]",System.Int32,,TRUE,TRUE
system.switches.S_CDU2_KEY_Q,"CDU 2 KEY_Q [0:Normal, 1:Pushed]",System.Int32,,TRUE,TRUE
system.switches.S_CDU2_KEY_R,"CDU 2 KEY_R [0:Normal, 1:Pushed]",System.Int32,,TRUE,TRUE
system.switches.S_CDU2_KEY_RAD_NAV,"CDU 2 KEY_RAD_NAV [0:Normal, 1:Pushed]",System.Int32,,TRUE,TRUE
system.switches.S_CDU2_KEY_S,"CDU 2 KEY_S [0:Normal, 1:Pushed]",System.Int32,,TRUE,TRUE
system.switches.S_CDU2_KEY_SEC_FPLN,"CDU 2 KEY_SEC_FPLN [0:Normal, 1:Pushed]",System.Int32,,TRUE,TRUE
system.switches.S_CDU2_KEY_SLASH,"CDU 2 KEY_SLASH [0:Normal, 1:Pushed]",System.Int32,,TRUE,TRUE
system.switches.S_CDU2_KEY_SPACE,"CDU 2 KEY_SPACE [0:Normal, 1:Pushed]",System.Int32,,TRUE,TRUE
system.switches.S_CDU2_KEY_T,"CDU 2 KEY_T [0:Normal, 1:Pushed]",System.Int32,,TRUE,TRUE
system.switches.S_CDU2_KEY_U,"CDU 2 KEY_U [0:Normal, 1:Pushed]",System.Int32,,TRUE,TRUE
system.switches.S_CDU2_KEY_V,"CDU 2 KEY_V [0:Normal, 1:Pushed]",System.Int32,,TRUE,TRUE
system.switches.S_CDU2_KEY_W,"CDU 2 KEY_W [0:Normal, 1:Pushed]",System.Int32,,TRUE,TRUE
system.switches.S_CDU2_KEY_X,"CDU 2 KEY_X [0:Normal, 1:Pushed]",System.Int32,,TRUE,TRUE
system.switches.S_CDU2_KEY_Y,"CDU 2 KEY_Y [0:Normal, 1:Pushed]",System.Int32,,TRUE,TRUE
system.switches.S_CDU2_KEY_Z,"CDU 2 KEY_Z [0:Normal, 1:Pushed]",System.Int32,,TRUE,TRUE
system.switches.S_CHART_LIGHT_TEMP_CAPT,"Chart lt captain [0:Off, 1:On]",System.Int32,,TRUE,TRUE
system.switches.S_CHART_LIGHT_TEMP_FO,"Chart lt F/O [0:Off, 1:On]",System.Int32,,TRUE,TRUE
system.switches.S_COM1_TFC,"Radio TFR COM1 [0:Normal, 1:Pushed]",System.Int32,,TRUE,TRUE
system.switches.S_COM2_TFC,"Radio TFR COM2 [0:Normal, 1:Pushed]",System.Int32,,TRUE,TRUE
system.switches.S_COM3_TFC,"Radio TFR COM3 [0:Normal, 1:Pushed]",System.Int32,,TRUE,TRUE
system.switches.S_DCDU1_BRT,"DCDU captain BRT [0:Normal, 1:Pushed]",System.Int32,,TRUE,TRUE
system.switches.S_DCDU1_DIM,"DCDU captain DIM [0:Normal, 1:Pushed]",System.Int32,,TRUE,TRUE
system.switches.S_DCDU1_DIM_BRT,"DCDU captain DIM/BRT [0:Normal, 1:Dim, 2:Brt]",System.Int32,,TRUE,TRUE
system.switches.S_DCDU1_LSK1L,"DCDU captain LSK1L [0:Normal, 1:Pushed]",System.Int32,,TRUE,TRUE
system.switches.S_DCDU1_LSK1R,"DCDU captain LSK1R [0:Normal, 1:Pushed]",System.Int32,,TRUE,TRUE
system.switches.S_DCDU1_LSK2L,"DCDU captain LSK2L [0:Normal, 1:Pushed]",System.Int32,,TRUE,TRUE
system.switches.S_DCDU1_LSK2R,"DCDU captain LSK2R [0:Normal, 1:Pushed]",System.Int32,,TRUE,TRUE
system.switches.S_DCDU1_MSGDWN,"DCDU captain MSG+ [0:Normal, 1:Pushed]",System.Int32,,TRUE,TRUE
system.switches.S_DCDU1_MSGUP,"DCDU captain MSG- [0:Normal, 1:Pushed]",System.Int32,,TRUE,TRUE
system.switches.S_DCDU1_PGDN,"DCDU captain PGE+ [0:Normal, 1:Pushed]",System.Int32,,TRUE,TRUE
system.switches.S_DCDU1_PGUP,"DCDU captain PGE- [0:Normal, 1:Pushed]",System.Int32,,TRUE,TRUE
system.switches.S_DCDU1_PRINT,"DCDU captain PRINT [0:Normal, 1:Pushed]",System.Int32,,TRUE,TRUE
system.switches.S_DCDU2_BRT,"DCDU F/O BRT [0:Normal, 1:Pushed]",System.Int32,,TRUE,TRUE
system.switches.S_DCDU2_DIM,"DCDU F/O DIM [0:Normal, 1:Pushed]",System.Int32,,TRUE,TRUE
system.switches.S_DCDU2_DIM_BRT,"DCDU F/O DIM/BRT [0:Normal, 1:Dim, 2:Brt]",System.Int32,,TRUE,TRUE
system.switches.S_DCDU2_LSK1L,"DCDU F/O LSK1L [0:Normal, 1:Pushed]",System.Int32,,TRUE,TRUE
system.switches.S_DCDU2_LSK1R,"DCDU F/O LSK1R [0:Normal, 1:Pushed]",System.Int32,,TRUE,TRUE
system.switches.S_DCDU2_LSK2L,"DCDU F/O LSK2L [0:Normal, 1:Pushed]",System.Int32,,TRUE,TRUE
system.switches.S_DCDU2_LSK2R,"DCDU F/O LSK2R [0:Normal, 1:Pushed]",System.Int32,,TRUE,TRUE
system.switches.S_DCDU2_MSGDWN,"DCDU F/O MSG+ [0:Normal, 1:Pushed]",System.Int32,,TRUE,TRUE
system.switches.S_DCDU2_MSGUP,"DCDU F/O MSG- [0:Normal, 1:Pushed]",System.Int32,,TRUE,TRUE
system.switches.S_DCDU2_PGDN,"DCDU F/O PGE+ [0:Normal, 1:Pushed]",System.Int32,,TRUE,TRUE
system.switches.S_DCDU2_PGUP,"DCDU F/O PGE- [0:Normal, 1:Pushed]",System.Int32,,TRUE,TRUE
system.switches.S_DCDU2_PRINT,"DCDU F/O PRINT [0:Normal, 1:Pushed]",System.Int32,,TRUE,TRUE
system.switches.S_DISPLAY_AIR_DATA,"Switching Air data [0:Capt 3, 1:Norm, 2:F/O 3]",System.Int32,,TRUE,TRUE
system.switches.S_DISPLAY_ATT_HDG,"Switching ATT HDG [0:Capt 3, 1:Norm, 2:F/O 3]",System.Int32,,TRUE,TRUE
system.switches.S_DISPLAY_ECAM_ND_XFR,"Switching ECAM/ND XFR [0:Capt, 1:Norm, 2:F/O]",System.Int32,,TRUE,TRUE
system.switches.S_DISPLAY_EIS_BUSS_CAPT,"BUSS Capt [0:Normal, 1:Pushed]",System.Int32,,TRUE,TRUE
system.switches.S_DISPLAY_EIS_BUSS_FO,"BUSS F/O [0:Normal, 1:Pushed]",System.Int32,,TRUE,TRUE
system.switches.S_DISPLAY_EIS_DMC,"Switching EIS DMC [0:Capt 3, 1:Norm, 2:F/O 3]",System.Int32,,TRUE,TRUE
system.switches.S_DISPLAY_PFDND_XFER_CAPT,"PFD/ND Xfer capt [0:Normal, 1:Pushed]",System.Int32,,TRUE,TRUE
system.switches.S_DISPLAY_PFDND_XFER_FO,"PFD/ND Xfer f/o [0:Normal, 1:Pushed]",System.Int32,,TRUE,TRUE
system.switches.S_DISPLAY_POWER_CI,"Power capt inboard [0:On, 1:Off]",System.Int32,,TRUE,TRUE
system.switches.S_DISPLAY_POWER_CO,"Power capt outboard [0:On, 1:Off]",System.Int32,,TRUE,TRUE
system.switches.S_DISPLAY_POWER_ECAM_L,"Power lower ecam [0:On, 1:Off]",System.Int32,,TRUE,TRUE
system.switches.S_DISPLAY_POWER_ECAM_U,"Power upper ecam [0:On, 1:Off]",System.Int32,,TRUE,TRUE
system.switches.S_DISPLAY_POWER_FI,"Power f/o inboard [0:On, 1:Off]",System.Int32,,TRUE,TRUE
system.switches.S_DISPLAY_POWER_FO,"Power f/o outboard [0:On, 1:Off]",System.Int32,,TRUE,TRUE
system.switches.S_DOORS_COCKPIT,"Cockpit door state [0:Closed, 1:Open]",System.Int32,,TRUE,TRUE
system.switches.S_ECAM_ALL,"ECAM All [0:Normal, 1:Pushed]",System.Int32,,TRUE,TRUE
system.switches.S_ECAM_APU,"ECAM APU [0:Normal, 1:Pushed]",System.Int32,,TRUE,TRUE
system.switches.S_ECAM_BLEED,"ECAM Bleed [0:Normal, 1:Pushed]",System.Int32,,TRUE,TRUE
system.switches.S_ECAM_CAB_PRESS,"ECAM Cab_Press [0:Normal, 1:Pushed]",System.Int32,,TRUE,TRUE
system.switches.S_ECAM_CLR_LEFT,"ECAM CLR left [0:Normal, 1:Pushed]",System.Int32,,TRUE,TRUE
system.switches.S_ECAM_CLR_RIGHT,"ECAM CLR right [0:Normal, 1:Pushed]",System.Int32,,TRUE,TRUE
system.switches.S_ECAM_COND,"ECAM Cond [0:Normal, 1:Pushed]",System.Int32,,TRUE,TRUE
system.switches.S_ECAM_DOOR,"ECAM Door [0:Normal, 1:Pushed]",System.Int32,,TRUE,TRUE
system.switches.S_ECAM_ELEC,"ECAM Elec [0:Normal, 1:Pushed]",System.Int32,,TRUE,TRUE
system.switches.S_ECAM_EMER_CANCEL,"ECAM EMER CANC  [0:Normal, 1:Pushed]",System.Int32,,TRUE,TRUE
system.switches.S_ECAM_ENGINE,"ECAM Engine [0:Normal, 1:Pushed]",System.Int32,,TRUE,TRUE
system.switches.S_ECAM_FCTL,"ECAM F_CTL [0:Normal, 1:Pushed]",System.Int32,,TRUE,TRUE
system.switches.S_ECAM_FUEL,"ECAM Fuel [0:Normal, 1:Pushed]",System.Int32,,TRUE,TRUE
system.switches.S_ECAM_HYD,"ECAM Hyd [0:Normal, 1:Pushed]",System.Int32,,TRUE,TRUE
system.switches.S_ECAM_RCL,"ECAM RCL  [0:Normal, 1:Pushed]",System.Int32,,TRUE,TRUE
system.switches.S_ECAM_STATUS,"ECAM Status [0:Normal, 1:Pushed]",System.Int32,,TRUE,TRUE
system.switches.S_ECAM_TO,"ECAM TO [0:Normal, 1:Pushed]",System.Int32,,TRUE,TRUE
system.switches.S_ECAM_WHEEL,"ECAM Wheel [0:Normal, 1:Pushed]",System.Int32,,TRUE,TRUE
system.switches.S_ENG_MASTER_1,"ENG Master 1 [0:Off, 1:On]",System.Int32,,TRUE,TRUE
system.switches.S_ENG_MASTER_2,"ENG Master 2 [0:Off, 1:On]",System.Int32,,TRUE,TRUE
system.switches.S_ENG_MODE,"ENG Mode [0:Crank, 1:Norm, 2:Start]",System.Int32,,TRUE,TRUE
system.switches.S_ENG_N1_MODE_1,"Eng 1 N1 mode [0:Normal, 1:Pushed]",System.Int32,,TRUE,TRUE
system.switches.S_ENG_N1_MODE_2,"Eng 2 N1 mode [0:Normal, 1:Pushed]",System.Int32,,TRUE,TRUE
system.switches.S_FC_CAPT_INST_DISCONNECT,"Sidestick captain priority takeover [0:Normal, 1:Pushed]",System.Int32,,TRUE,TRUE
system.switches.S_FC_CAPT_TILLER_PEDAL_DISCONNECT,"Tiller captain pedals disconnect [0:Normal, 1:Pushed]",System.Int32,,TRUE,TRUE
system.switches.S_FC_ELEVATOR_TRIM_DOWN,"Elevator trim down [0:Normal, 1:Pushed]",System.Int32,,TRUE,TRUE
system.switches.S_FC_ELEVATOR_TRIM_UP,"Elevator trim up [0:Normal, 1:Pushed]",System.Int32,,TRUE,TRUE
system.switches.S_FC_FLAPS,"Flap handle [0:0, 1:1, 2:2, 3:3, 4:Full]",System.Int32,,TRUE,TRUE
system.switches.S_FC_FO_INST_DISCONNECT,"Sidestick f/o priority takeover [0:Normal, 1:Pushed]",System.Int32,,TRUE,TRUE
system.switches.S_FC_FO_TILLER_PEDAL_DISCONNECT,"Tiller F/O pedals disconnect [0:Normal, 1:Pushed]",System.Int32,,TRUE,TRUE
system.switches.S_FC_MIP_ANTI_SKID,"Anti skid & Nosewheel steering [0:Off, 1:On]",System.Int32,,TRUE,TRUE
system.switches.S_FC_RUDDER_TRIM,"Rudder trim [0:Center, 1:Left, 2:Right]",System.Int32,,TRUE,TRUE
system.switches.S_FC_RUDDER_TRIM_RESET,"Rudder trim reset [0:Normal, 1:Pushed]",System.Int32,,TRUE,TRUE
system.switches.S_FC_SPEEDBRAKE_ARMED,"Speedbrake armed [0:Off, 1:Armed]",System.Int32,,TRUE,TRUE
system.switches.S_FC_THR_INST_DISCONNECT1,"Throttle instinctive disconnect 1 [0:Normal, 1:Pushed]",System.Int32,,TRUE,TRUE
system.switches.S_FC_THR_INST_DISCONNECT2,"Throttle instinctive disconnect 2 [0:Normal, 1:Pushed]",System.Int32,,TRUE,TRUE
system.switches.S_FC_THROTTLE_LEFT_MAX_REVERSE,"Throttle left max reverse [0:Normal, 1:Max reverse]",System.Int32,,TRUE,TRUE
system.switches.S_FC_THROTTLE_RIGHT_MAX_REVERSE,"Throttle right max reverse [0:Normal, 1:Max reverse]",System.Int32,,TRUE,TRUE
system.switches.S_FCU_ALTITUDE,"Altitude [0:Normal, 1:Pushed, 2:Pulled]",System.Int32,,TRUE,TRUE
system.switches.S_FCU_ALTITUDE_SCALE,"Altitude scale [0:100, 1:1000]",System.Int32,,TRUE,TRUE
system.switches.S_FCU_AP1,"AP1 [0:Normal, 1:Pushed]",System.Int32,,TRUE,TRUE
system.switches.S_FCU_AP2,"AP2 [0:Normal, 1:Pushed]",System.Int32,,TRUE,TRUE
system.switches.S_FCU_APPR,"APPR [0:Normal, 1:Pushed]",System.Int32,,TRUE,TRUE
system.switches.S_FCU_ATHR,"A/THR [0:Normal, 1:Pushed]",System.Int32,,TRUE,TRUE
system.switches.S_FCU_EFIS1_ARPT,"EFIS Capt ARPT [0:Normal, 1:Pushed]",System.Int32,,TRUE,TRUE
system.switches.S_FCU_EFIS1_BARO_MODE,"EFIS Capt baro mode [0:inHg, 1:hPa]",System.Int32,,TRUE,TRUE
system.switches.S_FCU_EFIS1_BARO_STD,"EFIS Capt baro STD [0:Normal, 1:Pushed, 2:Pulled]",System.Int32,,TRUE,TRUE
system.switches.S_FCU_EFIS1_CSTR,"EFIS Capt CSTR [0:Normal, 1:Pushed]",System.Int32,,TRUE,TRUE
system.switches.S_FCU_EFIS1_FD,"EFIS Capt FD [0:Normal, 1:Pushed]",System.Int32,,TRUE,TRUE
system.switches.S_FCU_EFIS1_LS,"EFIS Capt LD [0:Normal, 1:Pushed]",System.Int32,,TRUE,TRUE
system.switches.S_FCU_EFIS1_NAV1,"EFIS Capt NAV 1 [0:OFF, 1:ADF, 2:VOR]",System.Int32,,TRUE,TRUE
system.switches.S_FCU_EFIS1_NAV2,"EFIS Capt NAV 2 [0:OFF, 1:ADF, 2:VOR]",System.Int32,,TRUE,TRUE
system.switches.S_FCU_EFIS1_ND_MODE,"EFIS Capt ND Mode [0:ILS, 1:VOR, 2:NAV, 3:ARC, 4:PLAN]",System.Int32,,TRUE,TRUE
system.switches.S_FCU_EFIS1_ND_ZOOM,"EFIS Capt ND Zoom [0:10, 1:20, 2:40, 3:80, 4:160, 5:320]",System.Int32,,TRUE,TRUE
system.switches.S_FCU_EFIS1_NDB,"EFIS Capt NDB [0:Normal, 1:Pushed]",System.Int32,,TRUE,TRUE
system.switches.S_FCU_EFIS1_VORD,"EFIS Capt VOR.D [0:Normal, 1:Pushed]",System.Int32,,TRUE,TRUE
system.switches.S_FCU_EFIS1_WPT,"EFIS Capt WPT [0:Normal, 1:Pushed]",System.Int32,,TRUE,TRUE
system.switches.S_FCU_EFIS2_ARPT,"EFIS F/O ARPT [0:Normal, 1:Pushed]",System.Int32,,TRUE,TRUE
system.switches.S_FCU_EFIS2_BARO_MODE,"EFIS F/O baro mode [0:inHg, 1:hPa]",System.Int32,,TRUE,TRUE
system.switches.S_FCU_EFIS2_BARO_STD,"EFIS F/O baro STD [0:Normal, 1:Pushed, 2:Pulled]",System.Int32,,TRUE,TRUE
system.switches.S_FCU_EFIS2_CSTR,"EFIS F/O CSTR [0:Normal, 1:Pushed]",System.Int32,,TRUE,TRUE
system.switches.S_FCU_EFIS2_FD,"EFIS F/O FD [0:Normal, 1:Pushed]",System.Int32,,TRUE,TRUE
system.switches.S_FCU_EFIS2_LS,"EFIS F/O LD [0:Normal, 1:Pushed]",System.Int32,,TRUE,TRUE
system.switches.S_FCU_EFIS2_NAV1,"EFIS F/O NAV 1 [0:OFF, 1:ADF, 2:VOR]",System.Int32,,TRUE,TRUE
system.switches.S_FCU_EFIS2_NAV2,"EFIS F/O NAV 2 [0:OFF, 1:ADF, 2:VOR]",System.Int32,,TRUE,TRUE
system.switches.S_FCU_EFIS2_ND_MODE,"EFIS F/O ND Mode [0:ILS, 1:VOR, 2:NAV, 3:ARC, 4:PLAN]",System.Int32,,TRUE,TRUE
system.switches.S_FCU_EFIS2_ND_ZOOM,"EFIS F/O ND Zoom [0:10, 1:20, 2:40, 3:80, 4:160, 5:320]",System.Int32,,TRUE,TRUE
system.switches.S_FCU_EFIS2_NDB,"EFIS F/O NDB [0:Normal, 1:Pushed]",System.Int32,,TRUE,TRUE
system.switches.S_FCU_EFIS2_VORD,"EFIS F/O VOR.D [0:Normal, 1:Pushed]",System.Int32,,TRUE,TRUE
system.switches.S_FCU_EFIS2_WPT,"EFIS F/O WPT [0:Normal, 1:Pushed]",System.Int32,,TRUE,TRUE
system.switches.S_FCU_EXPED,"EXPED [0:Normal, 1:Pushed]",System.Int32,,TRUE,TRUE
system.switches.S_FCU_HDGVS_TRKFPA,"HDG VS/TRK FPA [0:Normal, 1:Pushed]",System.Int32,,TRUE,TRUE
system.switches.S_FCU_HEADING,"Heading [0:Normal, 1:Pushed, 2:Pulled]",System.Int32,,TRUE,TRUE
system.switches.S_FCU_LOC,"LOC [0:Normal, 1:Pushed]",System.Int32,,TRUE,TRUE
system.switches.S_FCU_METRIC_ALT,"Metric [0:Normal, 1:Pushed]",System.Int32,,TRUE,TRUE
system.switches.S_FCU_SPD_MACH,"SPD MACH [0:Normal, 1:Pushed]",System.Int32,,TRUE,TRUE
system.switches.S_FCU_SPEED,"Speed [0:Normal, 1:Pushed, 2:Pulled]",System.Int32,,TRUE,TRUE
system.switches.S_FCU_VERTICAL_SPEED,"Vertical speed [0:Normal, 1:Pushed, 2:Pulled]",System.Int32,,TRUE,TRUE
system.switches.S_HAND_MIC_PTT_CAPT,"Hand Mic PTT captain [0:Normal, 1:Pushed]",System.Int32,,TRUE,TRUE
system.switches.S_HAND_MIC_PTT_FO,"Hand Mic PTT F/O [0:Normal, 1:Pushed]",System.Int32,,TRUE,TRUE
system.switches.S_HAND_MIC_PTT_OBS,"Hand Mic PTT observer [0:Normal, 1:Pushed]",System.Int32,,TRUE,TRUE
system.switches.S_HYD_GRAVITY_GEAR_EXTEND,"Gravity gear extend switch [0:Normal, 1:Extend]",System.Int32,,TRUE,TRUE
system.switches.S_ILS1_TFC,"Radio TFR ILS1 [0:Normal, 1:Pushed]",System.Int32,,TRUE,TRUE
system.switches.S_ILS2_TFC,"Radio TFR ILS2 [0:Normal, 1:Pushed]",System.Int32,,TRUE,TRUE
system.switches.S_IOS_DOOR_CONTROL,"Door control [0:Close, 1:Open]",System.Int32,,TRUE,TRUE
system.switches.S_IOS_ELEC_EXTERN_POWER,"External power control [0:Off, 1:On]",System.Int32,,TRUE,TRUE
system.switches.S_MIP_ATC_MSG_CAPT,"ATC MSG capt [0:Normal, 1:Pushed]",System.Int32,,TRUE,TRUE
system.switches.S_MIP_ATC_MSG_FO,"ATC MSG FO [0:Normal, 1:Pushed]",System.Int32,,TRUE,TRUE
system.switches.S_MIP_AUTOBRAKE_LO,"Auto/brk LO [0:Normal, 1:Pushed]",System.Int32,,TRUE,TRUE
system.switches.S_MIP_AUTOBRAKE_MAX,"Auto/brk MAX [0:Normal, 1:Pushed]",System.Int32,,TRUE,TRUE
system.switches.S_MIP_AUTOBRAKE_MED,"Auto/brk MED [0:Normal, 1:Pushed]",System.Int32,,TRUE,TRUE
system.switches.S_MIP_AUTOLAND_CAPT,"Autoland capt [0:Normal, 1:Pushed]",System.Int32,,TRUE,TRUE
system.switches.S_MIP_AUTOLAND_FO,"Autoland f/o [0:Normal, 1:Pushed]",System.Int32,,TRUE,TRUE
system.switches.S_MIP_BRAKE_FAN,"BRK Fan [0:Normal, 1:Pushed]",System.Int32,,TRUE,TRUE
system.switches.S_MIP_CHRONO_CAPT,"Chrono captain [0:Normal, 1:Pushed]",System.Int32,,TRUE,TRUE
system.switches.S_MIP_CHRONO_FO,"Chrono F/O [0:Normal, 1:Pushed]",System.Int32,,TRUE,TRUE
system.switches.S_MIP_CLOCK_CHR,"Clock CHR [0:Normal, 1:Pushed]",System.Int32,,TRUE,TRUE
system.switches.S_MIP_CLOCK_ET,"Clock ET selector [0:RUN, 1:STP, 2:RST]",System.Int32,,TRUE,TRUE
system.switches.S_MIP_CLOCK_RST,"Clock RST [0:Normal, 1:Pushed]",System.Int32,,TRUE,TRUE
system.switches.S_MIP_CLOCK_SET,"Clock SET [0:Normal, 1:Pushed]",System.Int32,,TRUE,TRUE
system.switches.S_MIP_CLOCK_UTC,"Clock UTC selector [0:GPS, 1:INT, 2:SET]",System.Int32,,TRUE,TRUE
system.switches.S_MIP_DFDR_EVENT,"DFDR Event [0:Normal, 1:Pushed]",System.Int32,,TRUE,TRUE
system.switches.S_MIP_GEAR,"Gear [0:Down, 1:Up]",System.Int32,,TRUE,TRUE
system.switches.S_MIP_GPWS_TERRAIN_ON_ND_CAPT,"Terrain on ND capt [0:Normal, 1:Pushed]",System.Int32,,TRUE,TRUE
system.switches.S_MIP_GPWS_TERRAIN_ON_ND_FO,"Terrain on ND f/o [0:Normal, 1:Pushed]",System.Int32,,TRUE,TRUE
system.switches.S_MIP_GPWS_VISUAL_ALERT_CAPT,"GPWS visual alert capt [0:Normal, 1:Pushed]",System.Int32,,TRUE,TRUE
system.switches.S_MIP_GPWS_VISUAL_ALERT_FO,"GPWS visual alert f/o [0:Normal, 1:Pushed]",System.Int32,,TRUE,TRUE
system.switches.S_MIP_ISFD_BARO_BUTTON,"ISFD baro button [0:Normal, 1:Pushed]",System.Int32,,TRUE,TRUE
system.switches.S_MIP_ISFD_BUGS,"ISFD BUGS [0:Normal, 1:Pushed]",System.Int32,,TRUE,TRUE
system.switches.S_MIP_ISFD_LS,"ISFD LS [0:Normal, 1:Pushed]",System.Int32,,TRUE,TRUE
system.switches.S_MIP_ISFD_MINUS,"ISFD - [0:Normal, 1:Pushed]",System.Int32,,TRUE,TRUE
system.switches.S_MIP_ISFD_PLUS,"ISFD + [0:Normal, 1:Pushed]",System.Int32,,TRUE,TRUE
system.switches.S_MIP_ISFD_RST,"ISFD RST [0:Normal, 1:Pushed]",System.Int32,,TRUE,TRUE
system.switches.S_MIP_LIGHT_CONSOLEFLOOR_CAPT,"Console/floor captain [0:Off, 1:Bright, 2:Dim]",System.Int32,,TRUE,TRUE
system.switches.S_MIP_LIGHT_CONSOLEFLOOR_FO,"Console/floor F/O [0:Off, 1:Bright, 2:Dim]",System.Int32,,TRUE,TRUE
system.switches.S_MIP_MASTER_CAUTION_CAPT,"Master caution capt switch [0:Normal, 1:Pushed]",System.Int32,,TRUE,TRUE
system.switches.S_MIP_MASTER_CAUTION_FO,"Master caution F/O switch [0:Normal, 1:Pushed]",System.Int32,,TRUE,TRUE
system.switches.S_MIP_MASTER_WARNING_CAPT,"Master warning capt switch [0:Normal, 1:Pushed]",System.Int32,,TRUE,TRUE
system.switches.S_MIP_MASTER_WARNING_FO,"Master warning F/O switch [0:Normal, 1:Pushed]",System.Int32,,TRUE,TRUE
system.switches.S_MIP_NORTH_REF,"North ref [0:Normal, 1:Pushed]",System.Int32,,TRUE,TRUE
system.switches.S_MIP_PARKING_BRAKE,"Parking brake [0:Off, 1:On]",System.Int32,,TRUE,TRUE
system.switches.S_MIP_RDME_NEEDLE_1,"RDME needle 1 [0:VOR, 1:ADF]",System.Int32,,TRUE,TRUE
system.switches.S_MIP_RDME_NEEDLE_2,"RDME needle 2 [0:VOR, 1:ADF]",System.Int32,,TRUE,TRUE
system.switches.S_MIP_TRAFFIC_CAPT,"Traffic Capt switch [0:Normal, 1:Pushed, 2:Pulled]",System.Int32,,TRUE,TRUE
system.switches.S_MIP_TRAFFIC_FO,"Traffic F/O switch [0:Normal, 1:Pushed, 2:Pulled]",System.Int32,,TRUE,TRUE
system.switches.S_MISC_FLIGHT_FREEZE,"Flight freeze [0:Off, 1:On]",System.Int32,,TRUE,TRUE
system.switches.S_MISC_FLIGHT_FREEZE_TOGGLE,"Flight freeze toggle [0:Normal, 1:Pushed]",System.Int32,,TRUE,TRUE
system.switches.S_MISC_PAUSE,"Pause [0:Off, 1:On]",System.Int32,,TRUE,TRUE
system.switches.S_MISC_PAUSE_TOGGLE,"Pause toggle [0:Normal, 1:Pushed]",System.Int32,,TRUE,TRUE
system.switches.S_MISC_RAIN_REPELLENT_CAPT,"Rain repellent captain [0:Normal, 1:Pushed]",System.Int32,,TRUE,TRUE
system.switches.S_MISC_RAIN_REPELLENT_FO,"Rain repellent F/O [0:Normal, 1:Pushed]",System.Int32,,TRUE,TRUE
system.switches.S_MISC_WIPER_CAPT,"Wiper captain [0:Off, 1:Slow, 2:Fast]",System.Int32,,TRUE,TRUE
system.switches.S_MISC_WIPER_FO,"Wiper F/O [0:Off, 1:Slow, 2:Fast]",System.Int32,,TRUE,TRUE
system.switches.S_NAV1_TFC,"Radio TFR NAV1 [0:Normal, 1:Pushed]",System.Int32,,TRUE,TRUE
system.switches.S_NAV2_TFC,"Radio TFR NAV2 [0:Normal, 1:Pushed]",System.Int32,,TRUE,TRUE
system.switches.S_OH_ADIRS_KEY_0,"Adirs keypad 0 [0:Normal, 1:Pushed]",System.Int32,,TRUE,TRUE
system.switches.S_OH_ADIRS_KEY_1,"Adirs keypad 1 [0:Normal, 1:Pushed]",System.Int32,,TRUE,TRUE
system.switches.S_OH_ADIRS_KEY_2,"Adirs keypad 2 [0:Normal, 1:Pushed]",System.Int32,,TRUE,TRUE
system.switches.S_OH_ADIRS_KEY_3,"Adirs keypad 3 [0:Normal, 1:Pushed]",System.Int32,,TRUE,TRUE
system.switches.S_OH_ADIRS_KEY_4,"Adirs keypad 4 [0:Normal, 1:Pushed]",System.Int32,,TRUE,TRUE
system.switches.S_OH_ADIRS_KEY_5,"Adirs keypad 5 [0:Normal, 1:Pushed]",System.Int32,,TRUE,TRUE
system.switches.S_OH_ADIRS_KEY_6,"Adirs keypad 6 [0:Normal, 1:Pushed]",System.Int32,,TRUE,TRUE
system.switches.S_OH_ADIRS_KEY_7,"Adirs keypad 7 [0:Normal, 1:Pushed]",System.Int32,,TRUE,TRUE
system.switches.S_OH_ADIRS_KEY_8,"Adirs keypad 8 [0:Normal, 1:Pushed]",System.Int32,,TRUE,TRUE
system.switches.S_OH_ADIRS_KEY_9,"Adirs keypad 9 [0:Normal, 1:Pushed]",System.Int32,,TRUE,TRUE
system.switches.S_OH_ADIRS_KEY_CLR,"Adirs keypad CLR [0:Normal, 1:Pushed]",System.Int32,,TRUE,TRUE
system.switches.S_OH_ADIRS_KEY_ENT,"Adirs keypad ENT [0:Normal, 1:Pushed]",System.Int32,,TRUE,TRUE
system.switches.S_OH_AFT_FADEC_GND_1,"Fadec gnd power 1 [0:Normal, 1:Pushed]",System.Int32,,TRUE,TRUE
system.switches.S_OH_AFT_FADEC_GND_2,"Fadec gnd power 2 [0:Normal, 1:Pushed]",System.Int32,,TRUE,TRUE
system.switches.S_OH_APU_AUTOEXTING_RESET,"APU Auto Exting Reset [0:Normal, 1:Pushed]",System.Int32,,TRUE,TRUE
system.switches.S_OH_APU_AUTOEXTING_TEST,"APU Auto Exting Test [0:Normal, 1:Pushed]",System.Int32,,TRUE,TRUE
system.switches.S_OH_CALLS_AFT,"Calls aft [0:Normal, 1:Pushed]",System.Int32,,TRUE,TRUE
system.switches.S_OH_CALLS_EMER,"Calls emer [0:Normal, 1:Pushed]",System.Int32,,TRUE,TRUE
system.switches.S_OH_CALLS_FWD,"Calls fwd [0:Normal, 1:Pushed]",System.Int32,,TRUE,TRUE
system.switches.S_OH_CALLS_MECH,"Calls mech [0:Normal, 1:Pushed]",System.Int32,,TRUE,TRUE
system.switches.S_OH_CARGO_DISC_1_OLD_LAYOUT,"Cargo discharge old layout Fwd [0:Center, 1:1, 2:2]",System.Int32,,TRUE,TRUE
system.switches.S_OH_CARGO_DISC_2_OLD_LAYOUT,"Cargo discharge old layout Aft [0:Center, 1:1, 2:2]",System.Int32,,TRUE,TRUE
system.switches.S_OH_CARGO_SMOKE_AFT,"Cargo smoke Aft [0:Normal, 1:Pushed]",System.Int32,,TRUE,TRUE
system.switches.S_OH_CARGO_SMOKE_FWD,"Cargo smoke Fwd [0:Normal, 1:Pushed]",System.Int32,,TRUE,TRUE
system.switches.S_OH_CARGO_SMOKE_TEST,"Cargo smoke test [0:Normal, 1:Pushed]",System.Int32,,TRUE,TRUE
system.switches.S_OH_ELEC_AC_ESS_FEED,"AC Ess Feed [0:Normal, 1:Pushed]",System.Int32,,TRUE,TRUE
system.switches.S_OH_ELEC_APU_GENERATOR,"APU Generator [0:Normal, 1:Pushed]",System.Int32,,TRUE,TRUE
system.switches.S_OH_ELEC_APU_MASTER,"APU Master [0:Normal, 1:Pushed]",System.Int32,,TRUE,TRUE
system.switches.S_OH_ELEC_APU_START,"APU Start [0:Normal, 1:Pushed]",System.Int32,,TRUE,TRUE
system.switches.S_OH_ELEC_BAT1,"Battery 1 [0:Normal, 1:Pushed]",System.Int32,,TRUE,TRUE
system.switches.S_OH_ELEC_BAT2,"Battery 2 [0:Normal, 1:Pushed]",System.Int32,,TRUE,TRUE
system.switches.S_OH_ELEC_BUSTIE,"Bus Tie [0:Normal, 1:Pushed]",System.Int32,,TRUE,TRUE
system.switches.S_OH_ELEC_COMMERCIAL,"Commercial [0:Normal, 1:Pushed]",System.Int32,,TRUE,TRUE
system.switches.S_OH_ELEC_EMER_GEN_MAN_ON,"Emerg elec pwr man on [0:Normal, 1:Pushed]",System.Int32,,TRUE,TRUE
system.switches.S_OH_ELEC_EMER_GEN_TEST,"Emer gen test [0:Normal, 1:Pushed]",System.Int32,,TRUE,TRUE
system.switches.S_OH_ELEC_EXT_PWR,"Ext Pwr [0:Normal, 1:Pushed]",System.Int32,,TRUE,TRUE
system.switches.S_OH_ELEC_GALY,"Galy & Cab [0:Normal, 1:Pushed]",System.Int32,,TRUE,TRUE
system.switches.S_OH_ELEC_GEN1,"Gen 1 [0:Normal, 1:Pushed]",System.Int32,,TRUE,TRUE
system.switches.S_OH_ELEC_GEN1_LINE,"Gen 1 line [0:Normal, 1:Pushed]",System.Int32,,TRUE,TRUE
system.switches.S_OH_ELEC_GEN2,"Gen 2 [0:Normal, 1:Pushed]",System.Int32,,TRUE,TRUE
system.switches.S_OH_ELEC_IDG1,"IDG 1 [0:Normal, 1:Pushed]",System.Int32,,TRUE,TRUE
system.switches.S_OH_ELEC_IDG2,"IDG 2 [0:Normal, 1:Pushed]",System.Int32,,TRUE,TRUE
system.switches.S_OH_ENG_MANSTART_1,"Eng man start 1 [0:Normal, 1:Pushed]",System.Int32,,TRUE,TRUE
system.switches.S_OH_ENG_MANSTART_2,"Eng man start 2 [0:Normal, 1:Pushed]",System.Int32,,TRUE,TRUE
system.switches.S_OH_EVAC_CAPT_PURSER,"EVAC Capt/Purser [0:Capt & Purser, 1:Capt]",System.Int32,,TRUE,TRUE
system.switches.S_OH_EVAC_COMMAND,"EVAC command [0:Normal, 1:Pushed]",System.Int32,,TRUE,TRUE
system.switches.S_OH_EVAC_HORN_SHUTOFF,"EVAC horn shutoff [0:Normal, 1:Pushed]",System.Int32,,TRUE,TRUE
system.switches.S_OH_EXT_LT_BEACON,"Beacon lights [0:Off, 1:On]",System.Int32,,TRUE,TRUE
system.switches.S_OH_EXT_LT_LANDING_L,"Landing lights L [0:Off, 1:On, 2:Retract]",System.Int32,,TRUE,TRUE
system.switches.S_OH_EXT_LT_LANDING_R,"Landing lights R [0:Off, 1:On, 2:Retract]",System.Int32,,TRUE,TRUE
system.switches.S_OH_EXT_LT_NAV_LOGO,"Nav and Logo lights [0:Off, 1:1, 2:2]",System.Int32,,TRUE,TRUE
system.switches.S_OH_EXT_LT_NOSE,"Nose lights [0:Off, 1:Taxi, 2:TO]",System.Int32,,TRUE,TRUE
system.switches.S_OH_EXT_LT_RWY_TURNOFF,"Runway turnoff lights [0:Off, 1:On]",System.Int32,,TRUE,TRUE
system.switches.S_OH_EXT_LT_STROBE,"Strobe lights [0:Auto, 1:On, 2:Off]",System.Int32,,TRUE,TRUE
system.switches.S_OH_EXT_LT_WING,"Wing lights [0:Off, 1:On]",System.Int32,,TRUE,TRUE
system.switches.S_OH_FIRE_APU_AGENT,"Fire APU agent [0:Normal, 1:Pushed]",System.Int32,,TRUE,TRUE
system.switches.S_OH_FIRE_APU_BUTTON,"Fire APU button [0:Closed, 1:Open]",System.Int32,,TRUE,TRUE
system.switches.S_OH_FIRE_APU_TEST,"Fire APU test [0:Normal, 1:Pushed]",System.Int32,,TRUE,TRUE
system.switches.S_OH_FIRE_ENG1_AGENT1,"Fire Eng 1 agent 1 [0:Normal, 1:Pushed]",System.Int32,,TRUE,TRUE
system.switches.S_OH_FIRE_ENG1_AGENT2,"Fire Eng 1 agent 2 [0:Normal, 1:Pushed]",System.Int32,,TRUE,TRUE
system.switches.S_OH_FIRE_ENG1_BUTTON,"Fire Eng 1 button [0:Closed, 1:Open]",System.Int32,,TRUE,TRUE
system.switches.S_OH_FIRE_ENG1_TEST,"Fire Eng 1 test [0:Normal, 1:Pushed]",System.Int32,,TRUE,TRUE
system.switches.S_OH_FIRE_ENG2_AGENT1,"Fire Eng 2 agent 1 [0:Normal, 1:Pushed]",System.Int32,,TRUE,TRUE
system.switches.S_OH_FIRE_ENG2_AGENT2,"Fire Eng 2 agent 2 [0:Normal, 1:Pushed]",System.Int32,,TRUE,TRUE
system.switches.S_OH_FIRE_ENG2_BUTTON,"Fire Eng 2 button [0:Closed, 1:Open]",System.Int32,,TRUE,TRUE
system.switches.S_OH_FIRE_ENG2_TEST,"Fire Eng 2 test [0:Normal, 1:Pushed]",System.Int32,,TRUE,TRUE
system.switches.S_OH_FLT_CTL_ELAC_1,"ELAC 1 [0:Normal, 1:Pushed]",System.Int32,,TRUE,TRUE
system.switches.S_OH_FLT_CTL_ELAC_2,"ELAC 2 [0:Normal, 1:Pushed]",System.Int32,,TRUE,TRUE
system.switches.S_OH_FLT_CTL_FAC_1,"FAC 1 [0:Normal, 1:Pushed]",System.Int32,,TRUE,TRUE
system.switches.S_OH_FLT_CTL_FAC_2,"FAC 2 [0:Normal, 1:Pushed]",System.Int32,,TRUE,TRUE
system.switches.S_OH_FLT_CTL_SEC_1,"SEC 1 [0:Normal, 1:Pushed]",System.Int32,,TRUE,TRUE
system.switches.S_OH_FLT_CTL_SEC_2,"SEC 2 [0:Normal, 1:Pushed]",System.Int32,,TRUE,TRUE
system.switches.S_OH_FLT_CTL_SEC_3,"SEC 3 [0:Normal, 1:Pushed]",System.Int32,,TRUE,TRUE
system.switches.S_OH_FUEL_ACT,"ACT [0:Normal, 1:Pushed]",System.Int32,,TRUE,TRUE
system.switches.S_OH_FUEL_CENTER_1,"Fuel pump center 1 [0:Normal, 1:Pushed]",System.Int32,,TRUE,TRUE
system.switches.S_OH_FUEL_CENTER_2,"Fuel pump center 2 [0:Normal, 1:Pushed]",System.Int32,,TRUE,TRUE
system.switches.S_OH_FUEL_LEFT_1,"Fuel pump left 1 [0:Normal, 1:Pushed]",System.Int32,,TRUE,TRUE
system.switches.S_OH_FUEL_LEFT_2,"Fuel pump left 2 [0:Normal, 1:Pushed]",System.Int32,,TRUE,TRUE
system.switches.S_OH_FUEL_MODE_SEL,"Fuel mode sel [0:Normal, 1:Pushed]",System.Int32,,TRUE,TRUE
system.switches.S_OH_FUEL_RIGHT_1,"Fuel pump right 1 [0:Normal, 1:Pushed]",System.Int32,,TRUE,TRUE
system.switches.S_OH_FUEL_RIGHT_2,"Fuel pump right 2 [0:Normal, 1:Pushed]",System.Int32,,TRUE,TRUE
system.switches.S_OH_FUEL_XFEED,"Fuel X Feed [0:Normal, 1:Pushed]",System.Int32,,TRUE,TRUE
system.switches.S_OH_GPWS_FLAP_MODE,"GPWS Flap Mode [0:Normal, 1:Pushed]",System.Int32,,TRUE,TRUE
system.switches.S_OH_GPWS_GS_MODE,"GPWS G/S Mode [0:Normal, 1:Pushed]",System.Int32,,TRUE,TRUE
system.switches.S_OH_GPWS_LDG_FLAP3,"GPWS FLAP 3 [0:Normal, 1:Pushed]",System.Int32,,TRUE,TRUE
system.switches.S_OH_GPWS_SYS,"GPWS SYS [0:Normal, 1:Pushed]",System.Int32,,TRUE,TRUE
system.switches.S_OH_GPWS_TERR,"GPWS TERR [0:Normal, 1:Pushed]",System.Int32,,TRUE,TRUE
system.switches.S_OH_HYD_BLUE_ELEC_PUMP,"Elec hyd pump Blue [0:Normal, 1:Pushed]",System.Int32,,TRUE,TRUE
system.switches.S_OH_HYD_BLUE_PUMP_OVERRIDE,"Blue pump override [0:Normal, 1:Pushed]",System.Int32,,TRUE,TRUE
system.switches.S_OH_HYD_ENG_1_PUMP,"Eng 1 pump [0:Normal, 1:Pushed]",System.Int32,,TRUE,TRUE
system.switches.S_OH_HYD_ENG_2_PUMP,"Eng 2 pump [0:Normal, 1:Pushed]",System.Int32,,TRUE,TRUE
system.switches.S_OH_HYD_LMV_BLUE,"Leak measurement valve blue [0:Normal, 1:Pushed]",System.Int32,,TRUE,TRUE
system.switches.S_OH_HYD_LMV_GREEN,"Leak measurement valve green [0:Normal, 1:Pushed]",System.Int32,,TRUE,TRUE
system.switches.S_OH_HYD_LMV_YELLOW,"Leak measurement valve yellow [0:Normal, 1:Pushed]",System.Int32,,TRUE,TRUE
system.switches.S_OH_HYD_PTU,"PTU [0:Normal, 1:Pushed]",System.Int32,,TRUE,TRUE
system.switches.S_OH_HYD_RAT_MAN_ON,"Hydraulic rat man on [0:Normal, 1:Pushed]",System.Int32,,TRUE,TRUE
system.switches.S_OH_HYD_YELLOW_ELEC_PUMP,"Elec hyd pump Yellow [0:Normal, 1:Pushed]",System.Int32,,TRUE,TRUE
system.switches.S_OH_IN_LT_ANN_LT,"Ann lt [0:Bright, 1:Test, 2:Dim]",System.Int32,,TRUE,TRUE
system.switches.S_OH_IN_LT_ICE,"Ice ind & Stby Compass [0:Off, 1:On]",System.Int32,,TRUE,TRUE
system.switches.S_OH_INT_LT_DOME,"Dome lt [0:Brt, 1:Dim, 2:Off]",System.Int32,,TRUE,TRUE
system.switches.S_OH_INT_LT_EMER,"Emer exit lt [0:On, 1:Arm, 2:Off]",System.Int32,,TRUE,TRUE
system.switches.S_OH_LIGHTING_AVIONICS_COMPT,"Avionics compartment light [0:Normal, 1:Pushed]",System.Int32,,TRUE,TRUE
system.switches.S_OH_NAV_ADR1,"ADR1 [0:Normal, 1:Pushed]",System.Int32,,TRUE,TRUE
system.switches.S_OH_NAV_ADR2,"ADR2 [0:Normal, 1:Pushed]",System.Int32,,TRUE,TRUE
system.switches.S_OH_NAV_ADR3,"ADR3 [0:Normal, 1:Pushed]",System.Int32,,TRUE,TRUE
system.switches.S_OH_NAV_DATA_DISP,"IRS DATA DSPL [0:TEST, 1:TK/GS, 2:PPOS, 3:WIND, 4:HDG, 5:STS]",System.Int32,,TRUE,TRUE
system.switches.S_OH_NAV_IR1_MODE,"IR 1 mode [0:Off, 1:Nav, 2:Att]",System.Int32,,TRUE,TRUE
system.switches.S_OH_NAV_IR1_SWITCH,"IR1 [0:Normal, 1:Pushed]",System.Int32,,TRUE,TRUE
system.switches.S_OH_NAV_IR2_MODE,"IR 2 mode [0:Off, 1:Nav, 2:Att]",System.Int32,,TRUE,TRUE
system.switches.S_OH_NAV_IR2_SWITCH,"IR2 [0:Normal, 1:Pushed]",System.Int32,,TRUE,TRUE
system.switches.S_OH_NAV_IR3_MODE,"IR 3 mode [0:Off, 1:Nav, 2:Att]",System.Int32,,TRUE,TRUE
system.switches.S_OH_NAV_IR3_SWITCH,"IR3 [0:Normal, 1:Pushed]",System.Int32,,TRUE,TRUE
system.switches.S_OH_NAV_SYS_DISP,"IRS SYS DSPL [0:Off, 1:1, 2:2, 3:3]",System.Int32,,TRUE,TRUE
system.switches.S_OH_OXYGEN_CREW_OXYGEN,"Crew oxygen [0:Normal, 1:Pushed]",System.Int32,,TRUE,TRUE
system.switches.S_OH_OXYGEN_MASK_MAN_ON,"Oxygen mask man on [0:Normal, 1:Pushed]",System.Int32,,TRUE,TRUE
system.switches.S_OH_OXYGEN_TMR_RESET,"Oxygen TMR Reset [0:Normal, 1:Pushed]",System.Int32,,TRUE,TRUE
system.switches.S_OH_PNEUMATIC_APU_BLEED,"APU bleed [0:Normal, 1:Pushed]",System.Int32,,TRUE,TRUE
system.switches.S_OH_PNEUMATIC_BLOWER,"Ventilation blower [0:Normal, 1:Pushed]",System.Int32,,TRUE,TRUE
system.switches.S_OH_PNEUMATIC_CAB_FANS,"Cab fans [0:Normal, 1:Pushed]",System.Int32,,TRUE,TRUE
system.switches.S_OH_PNEUMATIC_CARGO_AFT_ISOL_VALVE,"Cargo vent aft isol valve [0:Normal, 1:Pushed]",System.Int32,,TRUE,TRUE
system.switches.S_OH_PNEUMATIC_CARGO_FWD_ISOL_VALVE,"Cargo vent fwd isol valve [0:Normal, 1:Pushed]",System.Int32,,TRUE,TRUE
system.switches.S_OH_PNEUMATIC_DITCHING,"Ditching [0:Normal, 1:Pushed]",System.Int32,,TRUE,TRUE
system.switches.S_OH_PNEUMATIC_ECON_FLOW,"Econ flow [0:Normal, 1:Pushed]",System.Int32,,TRUE,TRUE
system.switches.S_OH_PNEUMATIC_ENG1_ANTI_ICE,"Eng 1 anti ice [0:Normal, 1:Pushed]",System.Int32,,TRUE,TRUE
system.switches.S_OH_PNEUMATIC_ENG1_BLEED,"Eng 1 bleed [0:Normal, 1:Pushed]",System.Int32,,TRUE,TRUE
system.switches.S_OH_PNEUMATIC_ENG2_ANTI_ICE,"Eng 2 anti ice [0:Normal, 1:Pushed]",System.Int32,,TRUE,TRUE
system.switches.S_OH_PNEUMATIC_ENG2_BLEED,"Eng 2 bleed [0:Normal, 1:Pushed]",System.Int32,,TRUE,TRUE
system.switches.S_OH_PNEUMATIC_EXTRACT,"Ventilation extract [0:Normal, 1:Pushed]",System.Int32,,TRUE,TRUE
system.switches.S_OH_PNEUMATIC_HOT_AIR,"Hot air [0:Normal, 1:Pushed]",System.Int32,,TRUE,TRUE
system.switches.S_OH_PNEUMATIC_HOT_AIR_AFT_CARGO,"Hot air aft cargo [0:Normal, 1:Pushed]",System.Int32,,TRUE,TRUE
system.switches.S_OH_PNEUMATIC_PACK_1,"Pack 1 [0:Normal, 1:Pushed]",System.Int32,,TRUE,TRUE
system.switches.S_OH_PNEUMATIC_PACK_2,"Pack 2 [0:Normal, 1:Pushed]",System.Int32,,TRUE,TRUE
system.switches.S_OH_PNEUMATIC_PACK_FLOW,"Pack flow [0:Lo, 1:Norm, 2:Hi]",System.Int32,,TRUE,TRUE
system.switches.S_OH_PNEUMATIC_PRESS_MAN,"Press V/S [0:Center, 1:Up, 2:Down]",System.Int32,,TRUE,TRUE
system.switches.S_OH_PNEUMATIC_PRESS_MODE,"Press mode sel [0:Normal, 1:Pushed]",System.Int32,,TRUE,TRUE
system.switches.S_OH_PNEUMATIC_RAM_AIR,"Ram air [0:Normal, 1:Pushed]",System.Int32,,TRUE,TRUE
system.switches.S_OH_PNEUMATIC_WING_ANTI_ICE,"Wing anti ice [0:Normal, 1:Pushed]",System.Int32,,TRUE,TRUE
system.switches.S_OH_PNEUMATIC_XBLEED_SELECTOR,"X Bleed selector [0:Shut, 1:Auto, 2:Open]",System.Int32,,TRUE,TRUE
system.switches.S_OH_PROBE_HEAT,"Probe/Window heat [0:Normal, 1:Pushed]",System.Int32,,TRUE,TRUE
system.switches.S_OH_RCRD_ERASE,"RCRD Erase [0:Normal, 1:Pushed]",System.Int32,,TRUE,TRUE
system.switches.S_OH_RCRD_GND_CTL,"RCRD Ground control [0:Normal, 1:Pushed]",System.Int32,,TRUE,TRUE
system.switches.S_OH_RCRD_TEST,"RCRD Test [0:Normal, 1:Pushed]",System.Int32,,TRUE,TRUE
system.switches.S_OH_SIGNS,"Passenger signs [0:Auto, 1:On, 2:Off]",System.Int32,,TRUE,TRUE
system.switches.S_OH_SIGNS_SMOKING,"No smoking [0:Auto, 1:On, 2:Off]",System.Int32,,TRUE,TRUE
system.switches.S_OH_SVCE_INT_OVRD,"Service interphone override [0:Normal, 1:Pushed]",System.Int32,,TRUE,TRUE
system.switches.S_OXYGEN_MASK_1_TEST_CAPT,"Oxygen mask 1 Captain test [0:Normal, 1:Pushed]",System.Int32,,TRUE,TRUE
system.switches.S_OXYGEN_MASK_1_TEST_FO,"Oxygen mask 1 F/O test [0:Normal, 1:Pushed]",System.Int32,,TRUE,TRUE
system.switches.S_OXYGEN_MASK_2_TEST_CAPT,"Oxygen mask 2 Captain test [0:Normal, 1:Pushed]",System.Int32,,TRUE,TRUE
system.switches.S_OXYGEN_MASK_2_TEST_FO,"Oxygen mask 2 F/O test [0:Normal, 1:Pushed]",System.Int32,,TRUE,TRUE
system.switches.S_PED_ATC_0,"ATC 0 [0:Normal, 1:Pushed]",System.Int32,,TRUE,TRUE
system.switches.S_PED_ATC_1,"ATC 1 [0:Normal, 1:Pushed]",System.Int32,,TRUE,TRUE
system.switches.S_PED_ATC_2,"ATC 2 [0:Normal, 1:Pushed]",System.Int32,,TRUE,TRUE
system.switches.S_PED_ATC_3,"ATC 3 [0:Normal, 1:Pushed]",System.Int32,,TRUE,TRUE
system.switches.S_PED_ATC_4,"ATC 4 [0:Normal, 1:Pushed]",System.Int32,,TRUE,TRUE
system.switches.S_PED_ATC_5,"ATC 5 [0:Normal, 1:Pushed]",System.Int32,,TRUE,TRUE
system.switches.S_PED_ATC_6,"ATC 6 [0:Normal, 1:Pushed]",System.Int32,,TRUE,TRUE
system.switches.S_PED_ATC_7,"ATC 7 [0:Normal, 1:Pushed]",System.Int32,,TRUE,TRUE
system.switches.S_PED_ATC_CLR,"ATC CLR [0:Normal, 1:Pushed]",System.Int32,,TRUE,TRUE
system.switches.S_PED_COCKPIT_DOOR,"Cockpit door [0:Normal, 1:Unlock, 2:Lock]",System.Int32,,TRUE,TRUE
system.switches.S_PED_DRAIMS1_0,"DRAIMS Capt 0 [0:Normal, 1:Pushed]",System.Int32,,TRUE,TRUE
system.switches.S_PED_DRAIMS1_1,"DRAIMS Capt 1 [0:Normal, 1:Pushed]",System.Int32,,TRUE,TRUE
system.switches.S_PED_DRAIMS1_2,"DRAIMS Capt 2 [0:Normal, 1:Pushed]",System.Int32,,TRUE,TRUE
system.switches.S_PED_DRAIMS1_3,"DRAIMS Capt 3 [0:Normal, 1:Pushed]",System.Int32,,TRUE,TRUE
system.switches.S_PED_DRAIMS1_4,"DRAIMS Capt 4 [0:Normal, 1:Pushed]",System.Int32,,TRUE,TRUE
system.switches.S_PED_DRAIMS1_5,"DRAIMS Capt 5 [0:Normal, 1:Pushed]",System.Int32,,TRUE,TRUE
system.switches.S_PED_DRAIMS1_6,"DRAIMS Capt 6 [0:Normal, 1:Pushed]",System.Int32,,TRUE,TRUE
system.switches.S_PED_DRAIMS1_7,"DRAIMS Capt 7 [0:Normal, 1:Pushed]",System.Int32,,TRUE,TRUE
system.switches.S_PED_DRAIMS1_8,"DRAIMS Capt 8 [0:Normal, 1:Pushed]",System.Int32,,TRUE,TRUE
system.switches.S_PED_DRAIMS1_9,"DRAIMS Capt 9 [0:Normal, 1:Pushed]",System.Int32,,TRUE,TRUE
system.switches.S_PED_DRAIMS1_ARROW_DOWN,"DRAIMS Capt Arrow down [0:Normal, 1:Pushed]",System.Int32,,TRUE,TRUE
system.switches.S_PED_DRAIMS1_ARROW_UP,"DRAIMS Capt Arrow up [0:Normal, 1:Pushed]",System.Int32,,TRUE,TRUE
system.switches.S_PED_DRAIMS1_ATC,"DRAIMS Capt ATC [0:Normal, 1:Pushed]",System.Int32,,TRUE,TRUE
system.switches.S_PED_DRAIMS1_CLR,"DRAIMS Capt CLR [0:Normal, 1:Pushed]",System.Int32,,TRUE,TRUE
system.switches.S_PED_DRAIMS1_DOT,"DRAIMS Capt . [0:Normal, 1:Pushed]",System.Int32,,TRUE,TRUE
system.switches.S_PED_DRAIMS1_HF,"DRAIMS Capt HF [0:Normal, 1:Pushed]",System.Int32,,TRUE,TRUE
system.switches.S_PED_DRAIMS1_LSK1B,"DRAIMS Capt LSK1B [0:Normal, 1:Pushed]",System.Int32,,TRUE,TRUE
system.switches.S_PED_DRAIMS1_LSK1L,"DRAIMS Capt LSK1L [0:Normal, 1:Pushed]",System.Int32,,TRUE,TRUE
system.switches.S_PED_DRAIMS1_LSK1R,"DRAIMS Capt LSK1R [0:Normal, 1:Pushed]",System.Int32,,TRUE,TRUE
system.switches.S_PED_DRAIMS1_LSK2B,"DRAIMS Capt LSK2B [0:Normal, 1:Pushed]",System.Int32,,TRUE,TRUE
system.switches.S_PED_DRAIMS1_LSK2L,"DRAIMS Capt LSK2L [0:Normal, 1:Pushed]",System.Int32,,TRUE,TRUE
system.switches.S_PED_DRAIMS1_LSK2R,"DRAIMS Capt LSK2R [0:Normal, 1:Pushed]",System.Int32,,TRUE,TRUE
system.switches.S_PED_DRAIMS1_LSK3L,"DRAIMS Capt LSK3L [0:Normal, 1:Pushed]",System.Int32,,TRUE,TRUE
system.switches.S_PED_DRAIMS1_LSK3R,"DRAIMS Capt LSK3R [0:Normal, 1:Pushed]",System.Int32,,TRUE,TRUE
system.switches.S_PED_DRAIMS1_LSK4L,"DRAIMS Capt LSK4L [0:Normal, 1:Pushed]",System.Int32,,TRUE,TRUE
system.switches.S_PED_DRAIMS1_LSK4R,"DRAIMS Capt LSK4R [0:Normal, 1:Pushed]",System.Int32,,TRUE,TRUE
system.switches.S_PED_DRAIMS1_MENU,"DRAIMS Capt MENU [0:Normal, 1:Pushed]",System.Int32,,TRUE,TRUE
system.switches.S_PED_DRAIMS1_NAV,"DRAIMS Capt NAV [0:Normal, 1:Pushed]",System.Int32,,TRUE,TRUE
system.switches.S_PED_DRAIMS1_NAV_REC,"DRAIMS Capt NAV receive [0:Off, 1:Pushed]",System.Int32,,TRUE,TRUE
system.switches.S_PED_DRAIMS1_NAV_REC_LATCHED,"DRAIMS Capt NAV receive latch [0:Off, 1:On]",System.Int32,,TRUE,TRUE
system.switches.S_PED_DRAIMS1_VHF,"DRAIMS Capt VHF [0:Normal, 1:Pushed]",System.Int32,,TRUE,TRUE
system.switches.S_PED_DRAIMS2_0,"DRAIMS FO 0 [0:Normal, 1:Pushed]",System.Int32,,TRUE,TRUE
system.switches.S_PED_DRAIMS2_1,"DRAIMS FO 1 [0:Normal, 1:Pushed]",System.Int32,,TRUE,TRUE
system.switches.S_PED_DRAIMS2_2,"DRAIMS FO 2 [0:Normal, 1:Pushed]",System.Int32,,TRUE,TRUE
system.switches.S_PED_DRAIMS2_3,"DRAIMS FO 3 [0:Normal, 1:Pushed]",System.Int32,,TRUE,TRUE
system.switches.S_PED_DRAIMS2_4,"DRAIMS FO 4 [0:Normal, 1:Pushed]",System.Int32,,TRUE,TRUE
system.switches.S_PED_DRAIMS2_5,"DRAIMS FO 5 [0:Normal, 1:Pushed]",System.Int32,,TRUE,TRUE
system.switches.S_PED_DRAIMS2_6,"DRAIMS FO 6 [0:Normal, 1:Pushed]",System.Int32,,TRUE,TRUE
system.switches.S_PED_DRAIMS2_7,"DRAIMS FO 7 [0:Normal, 1:Pushed]",System.Int32,,TRUE,TRUE
system.switches.S_PED_DRAIMS2_8,"DRAIMS FO 8 [0:Normal, 1:Pushed]",System.Int32,,TRUE,TRUE
system.switches.S_PED_DRAIMS2_9,"DRAIMS FO 9 [0:Normal, 1:Pushed]",System.Int32,,TRUE,TRUE
system.switches.S_PED_DRAIMS2_ARROW_DOWN,"DRAIMS FO Arrow down [0:Normal, 1:Pushed]",System.Int32,,TRUE,TRUE
system.switches.S_PED_DRAIMS2_ARROW_UP,"DRAIMS FO Arrow up [0:Normal, 1:Pushed]",System.Int32,,TRUE,TRUE
system.switches.S_PED_DRAIMS2_ATC,"DRAIMS FO ATC [0:Normal, 1:Pushed]",System.Int32,,TRUE,TRUE
system.switches.S_PED_DRAIMS2_CLR,"DRAIMS FO CLR [0:Normal, 1:Pushed]",System.Int32,,TRUE,TRUE
system.switches.S_PED_DRAIMS2_DOT,"DRAIMS FO . [0:Normal, 1:Pushed]",System.Int32,,TRUE,TRUE
system.switches.S_PED_DRAIMS2_HF,"DRAIMS FO HF [0:Normal, 1:Pushed]",System.Int32,,TRUE,TRUE
system.switches.S_PED_DRAIMS2_LSK1B,"DRAIMS FO LSK1B [0:Normal, 1:Pushed]",System.Int32,,TRUE,TRUE
system.switches.S_PED_DRAIMS2_LSK1L,"DRAIMS FO LSK1L [0:Normal, 1:Pushed]",System.Int32,,TRUE,TRUE
system.switches.S_PED_DRAIMS2_LSK1R,"DRAIMS FO LSK1R [0:Normal, 1:Pushed]",System.Int32,,TRUE,TRUE
system.switches.S_PED_DRAIMS2_LSK2B,"DRAIMS FO LSK2B [0:Normal, 1:Pushed]",System.Int32,,TRUE,TRUE
system.switches.S_PED_DRAIMS2_LSK2L,"DRAIMS FO LSK2L [0:Normal, 1:Pushed]",System.Int32,,TRUE,TRUE
system.switches.S_PED_DRAIMS2_LSK2R,"DRAIMS FO LSK2R [0:Normal, 1:Pushed]",System.Int32,,TRUE,TRUE
system.switches.S_PED_DRAIMS2_LSK3L,"DRAIMS FO LSK3L [0:Normal, 1:Pushed]",System.Int32,,TRUE,TRUE
system.switches.S_PED_DRAIMS2_LSK3R,"DRAIMS FO LSK3R [0:Normal, 1:Pushed]",System.Int32,,TRUE,TRUE
system.switches.S_PED_DRAIMS2_LSK4L,"DRAIMS FO LSK4L [0:Normal, 1:Pushed]",System.Int32,,TRUE,TRUE
system.switches.S_PED_DRAIMS2_LSK4R,"DRAIMS FO LSK4R [0:Normal, 1:Pushed]",System.Int32,,TRUE,TRUE
system.switches.S_PED_DRAIMS2_MENU,"DRAIMS FO MENU [0:Normal, 1:Pushed]",System.Int32,,TRUE,TRUE
system.switches.S_PED_DRAIMS2_NAV,"DRAIMS FO NAV [0:Normal, 1:Pushed]",System.Int32,,TRUE,TRUE
system.switches.S_PED_DRAIMS2_NAV_REC,"DRAIMS FO NAV receive [0:Off, 1:Pushed]",System.Int32,,TRUE,TRUE
system.switches.S_PED_DRAIMS2_NAV_REC_LATCHED,"DRAIMS FO NAV receive latch [0:Off, 1:On]",System.Int32,,TRUE,TRUE
system.switches.S_PED_DRAIMS2_VHF,"DRAIMS FO VHF [0:Normal, 1:Pushed]",System.Int32,,TRUE,TRUE
system.switches.S_PED_RMP1_ADF,"RMP capt ADF [0:Normal, 1:Pushed]",System.Int32,,TRUE,TRUE
system.switches.S_PED_RMP1_AM,"RMP capt AM [0:Normal, 1:Pushed]",System.Int32,,TRUE,TRUE
system.switches.S_PED_RMP1_BFO,"RMP capt BFO [0:Normal, 1:Pushed]",System.Int32,,TRUE,TRUE
system.switches.S_PED_RMP1_HF1,"RMP capt HF1 [0:Normal, 1:Pushed]",System.Int32,,TRUE,TRUE
system.switches.S_PED_RMP1_HF2,"RMP capt HF2 [0:Normal, 1:Pushed]",System.Int32,,TRUE,TRUE
system.switches.S_PED_RMP1_ILS,"RMP capt ILS [0:Normal, 1:Pushed]",System.Int32,,TRUE,TRUE
system.switches.S_PED_RMP1_MLS,"RMP capt MLS [0:Normal, 1:Pushed]",System.Int32,,TRUE,TRUE
system.switches.S_PED_RMP1_NAV,"RMP capt NAV [0:Normal, 1:Pushed]",System.Int32,,TRUE,TRUE
system.switches.S_PED_RMP1_POWER,"RMP capt power [0:Off, 1:On]",System.Int32,,TRUE,TRUE
system.switches.S_PED_RMP1_VHF1,"RMP capt VHF1 [0:Normal, 1:Pushed]",System.Int32,,TRUE,TRUE
system.switches.S_PED_RMP1_VHF2,"RMP capt VHF2 [0:Normal, 1:Pushed]",System.Int32,,TRUE,TRUE
system.switches.S_PED_RMP1_VHF3,"RMP capt VHF3 [0:Normal, 1:Pushed]",System.Int32,,TRUE,TRUE
system.switches.S_PED_RMP1_VOR,"RMP capt VOR [0:Normal, 1:Pushed]",System.Int32,,TRUE,TRUE
system.switches.S_PED_RMP1_XFER,"RMP capt transfer [0:Normal, 1:Pushed]",System.Int32,,TRUE,TRUE
system.switches.S_PED_RMP2_ADF,"RMP F/O ADF [0:Normal, 1:Pushed]",System.Int32,,TRUE,TRUE
system.switches.S_PED_RMP2_AM,"RMP F/O AM [0:Normal, 1:Pushed]",System.Int32,,TRUE,TRUE
system.switches.S_PED_RMP2_BFO,"RMP F/O BFO [0:Normal, 1:Pushed]",System.Int32,,TRUE,TRUE
system.switches.S_PED_RMP2_HF1,"RMP F/O HF1 [0:Normal, 1:Pushed]",System.Int32,,TRUE,TRUE
system.switches.S_PED_RMP2_HF2,"RMP F/O HF2 [0:Normal, 1:Pushed]",System.Int32,,TRUE,TRUE
system.switches.S_PED_RMP2_ILS,"RMP F/O ILS [0:Normal, 1:Pushed]",System.Int32,,TRUE,TRUE
system.switches.S_PED_RMP2_MLS,"RMP F/O MLS [0:Normal, 1:Pushed]",System.Int32,,TRUE,TRUE
system.switches.S_PED_RMP2_NAV,"RMP F/O NAV [0:Normal, 1:Pushed]",System.Int32,,TRUE,TRUE
system.switches.S_PED_RMP2_POWER,"RMP F/O power [0:Off, 1:On]",System.Int32,,TRUE,TRUE
system.switches.S_PED_RMP2_VHF1,"RMP F/O VHF1 [0:Normal, 1:Pushed]",System.Int32,,TRUE,TRUE
system.switches.S_PED_RMP2_VHF2,"RMP F/O VHF2 [0:Normal, 1:Pushed]",System.Int32,,TRUE,TRUE
system.switches.S_PED_RMP2_VHF3,"RMP F/O VHF3 [0:Normal, 1:Pushed]",System.Int32,,TRUE,TRUE
system.switches.S_PED_RMP2_VOR,"RMP F/O VOR [0:Normal, 1:Pushed]",System.Int32,,TRUE,TRUE
system.switches.S_PED_RMP2_XFER,"RMP F/O transfer [0:Normal, 1:Pushed]",System.Int32,,TRUE,TRUE
system.switches.S_PED_RMP3_ADF,"RMP OBS ADF [0:Normal, 1:Pushed]",System.Int32,,TRUE,TRUE
system.switches.S_PED_RMP3_AM,"RMP OBS AM [0:Normal, 1:Pushed]",System.Int32,,TRUE,TRUE
system.switches.S_PED_RMP3_BFO,"RMP OBS BFO [0:Normal, 1:Pushed]",System.Int32,,TRUE,TRUE
system.switches.S_PED_RMP3_HF1,"RMP OBS HF1 [0:Normal, 1:Pushed]",System.Int32,,TRUE,TRUE
system.switches.S_PED_RMP3_HF2,"RMP OBS HF2 [0:Normal, 1:Pushed]",System.Int32,,TRUE,TRUE
system.switches.S_PED_RMP3_ILS,"RMP OBS ILS [0:Normal, 1:Pushed]",System.Int32,,TRUE,TRUE
system.switches.S_PED_RMP3_MLS,"RMP OBS MLS [0:Normal, 1:Pushed]",System.Int32,,TRUE,TRUE
system.switches.S_PED_RMP3_NAV,"RMP OBS NAV [0:Normal, 1:Pushed]",System.Int32,,TRUE,TRUE
system.switches.S_PED_RMP3_POWER,"RMP OBS power [0:Off, 1:On]",System.Int32,,TRUE,TRUE
system.switches.S_PED_RMP3_VHF1,"RMP OBS VHF1 [0:Normal, 1:Pushed]",System.Int32,,TRUE,TRUE
system.switches.S_PED_RMP3_VHF2,"RMP OBS VHF2 [0:Normal, 1:Pushed]",System.Int32,,TRUE,TRUE
system.switches.S_PED_RMP3_VHF3,"RMP OBS VHF3 [0:Normal, 1:Pushed]",System.Int32,,TRUE,TRUE
system.switches.S_PED_RMP3_VOR,"RMP OBS VOR [0:Normal, 1:Pushed]",System.Int32,,TRUE,TRUE
system.switches.S_PED_RMP3_XFER,"RMP OBS transfer [0:Normal, 1:Pushed]",System.Int32,,TRUE,TRUE
system.switches.S_PED_VIDEO,"Video [0:Normal, 1:Pushed]",System.Int32,,TRUE,TRUE
system.switches.S_PURSER_EVAC_COMMAND,"EVAC purser command [0:Normal, 1:Pushed]",System.Int32,,TRUE,TRUE
system.switches.S_PURSER_EVAC_RESET,"EVAC purser reset [0:Normal, 1:Pushed]",System.Int32,,TRUE,TRUE
system.switches.S_REFUEL_DECINC,"Refuel dec/inc [0:Center, 1:Dec, 2:Inc]",System.Int32,,TRUE,TRUE
system.switches.S_REFUEL_POWER,"Refuel power [0:Normal, 1:Pushed]",System.Int32,,TRUE,TRUE
system.switches.S_REFUEL_REFUEL,"Refuel refuel [0:Normal, 1:Pushed]",System.Int32,,TRUE,TRUE
system.switches.S_SIDESTICK_PTT_CAPT,"Sidestick PTT captain [0:Normal, 1:Pushed]",System.Int32,,TRUE,TRUE
system.switches.S_SIDESTICK_PTT_FO,"Sidestick PTT F/O [0:Normal, 1:Pushed]",System.Int32,,TRUE,TRUE
system.switches.S_STANDBY_ATTITUDE_CAGE,"Standby horizon cage [0:Normal, 1:Pull]",System.Int32,,TRUE,TRUE
system.switches.S_TCAS_HORIZONTAL_RANGE,"TCAS horizontal range [0:5, 1:10, 2:20, 3:40]",System.Int32,,TRUE,TRUE
system.switches.S_TCAS_RANGE,"TCAS vertical range [0:Normal, 1:Above, 2:Below, 3:Thrt]",System.Int32,,TRUE,TRUE
system.switches.S_USER_1,"User 1 in [0:Off, 1:On]",System.Int32,,TRUE,TRUE
system.switches.S_USER_10,"User 10 in [0:Off, 1:On]",System.Int32,,TRUE,TRUE
system.switches.S_USER_11,"User 11 in [0:Off, 1:On]",System.Int32,,TRUE,TRUE
system.switches.S_USER_12,"User 12 in [0:Off, 1:On]",System.Int32,,TRUE,TRUE
system.switches.S_USER_13,"User 13 in [0:Off, 1:On]",System.Int32,,TRUE,TRUE
system.switches.S_USER_14,"User 14 in [0:Off, 1:On]",System.Int32,,TRUE,TRUE
system.switches.S_USER_15,"User 15 in [0:Off, 1:On]",System.Int32,,TRUE,TRUE
system.switches.S_USER_16,"User 16 in [0:Off, 1:On]",System.Int32,,TRUE,TRUE
system.switches.S_USER_17,"User 17 in [0:Off, 1:On]",System.Int32,,TRUE,TRUE
system.switches.S_USER_18,"User 18 in [0:Off, 1:On]",System.Int32,,TRUE,TRUE
system.switches.S_USER_19,"User 19 in [0:Off, 1:On]",System.Int32,,TRUE,TRUE
system.switches.S_USER_2,"User 2 in [0:Off, 1:On]",System.Int32,,TRUE,TRUE
system.switches.S_USER_20,"User 20 in [0:Off, 1:On]",System.Int32,,TRUE,TRUE
system.switches.S_USER_3,"User 3 in [0:Off, 1:On]",System.Int32,,TRUE,TRUE
system.switches.S_USER_4,"User 4 in [0:Off, 1:On]",System.Int32,,TRUE,TRUE
system.switches.S_USER_5,"User 5 in [0:Off, 1:On]",System.Int32,,TRUE,TRUE
system.switches.S_USER_6,"User 6 in [0:Off, 1:On]",System.Int32,,TRUE,TRUE
system.switches.S_USER_7,"User 7 in [0:Off, 1:On]",System.Int32,,TRUE,TRUE
system.switches.S_USER_8,"User 8 in [0:Off, 1:On]",System.Int32,,TRUE,TRUE
system.switches.S_USER_9,"User 9 in [0:Off, 1:On]",System.Int32,,TRUE,TRUE
system.switches.S_WR_GAIN,"Weather Radar Gain switch [0:0, 1:1, 2:2, 3:3, 4:4, 5:5, 6:6, 7:7, 8:8, 9:9]",System.Int32,,TRUE,TRUE
system.switches.S_WR_MODE,"Weather Radar Mode [0:WX+T, 1:WX, 2:MAP, 3:TURB]",System.Int32,,TRUE,TRUE
system.switches.S_WR_MULTISCAN,"Weather Radar multiscan [0:Manual, 1:Auto]",System.Int32,,TRUE,TRUE
system.switches.S_WR_PRED_WS,"Weather Radar predictive windshear [0:Auto, 1:Off]",System.Int32,,TRUE,TRUE
system.switches.S_WR_SYS,"Weather Radar Sys [0:Off, 1:1, 2:2]",System.Int32,,TRUE,TRUE
system.switches.S_WR2_CAP_DISPLAY,"Weather Radar P2 Capt Display [0:OFF, 1:ALL WX, 2:PATH WX, 3:ELEV, 4:MAP]",System.Int32,,TRUE,TRUE
system.switches.S_WR2_FO_DISPLAY,"Weather Radar P2 F/O Display [0:OFF, 1:ALL WX, 2:PATH WX, 3:ELEV, 4:MAP]",System.Int32,,TRUE,TRUE
system.switches.S_WR2_HZD,"Weather Radar P2 Hzd [0:Normal, 1:Pushed]",System.Int32,,TRUE,TRUE
system.switches.S_WR2_TURB,"Weather Radar P2 Turb [0:Normal, 1:Pushed]",System.Int32,,TRUE,TRUE
system.switches.S_WR2_WXR_PWS,"Weather Radar P2 WXR/PWS [0:Off, 1:1, 2:2]",System.Int32,,TRUE,TRUE
system.switches.S_XPDR_ALTREPORTING,"ATC Alt reporting [0:On, 1:Off]",System.Int32,,TRUE,TRUE
system.switches.S_XPDR_ATC,"ATC [0:1, 1:2]",System.Int32,,TRUE,TRUE
system.switches.S_XPDR_IDENT,"XPDR Ident [0:Normal, 1:Pushed]",System.Int32,,TRUE,TRUE
system.switches.S_XPDR_MODE,"TCAS [0:Stdby, 1:TA, 2:TA/RA]",System.Int32,,TRUE,TRUE
system.switches.S_XPDR_OPERATION,"XPDR operation [0:Auto, 1:Standby, 2:On]",System.Int32,,TRUE,TRUE
system.timers.drivers.DirectInput,DirectInput,System.Double,ms,TRUE,FALSE
system.timers.drivers.FSUIPC,FSUIPC,System.Double,ms,TRUE,FALSE
system.timers.drivers.gateInput,gateInput,System.Double,ms,TRUE,FALSE
system.timers.drivers.sdk,sdk,System.Double,ms,TRUE,FALSE
system.timers.drivers.Skalarki,Skalarki,System.Double,ms,TRUE,FALSE
system.timers.drivers.system,system,System.Double,ms,TRUE,FALSE
system.timers.internal.aircraftSystems,Average time,System.Double,ms,TRUE,FALSE
system.timers.internal.aircraftSystems.max.10,Maximum time last 10s,System.Double,ms,TRUE,FALSE
system.timers.internal.aircraftSystems.max.300,Maximum time last 300s,System.Double,ms,TRUE,FALSE
system.timers.internal.aircraftSystems.max.60,Maximum time last 60s,System.Double,ms,TRUE,FALSE
system.timers.internal.asyncFast,Average time,System.Double,ms,TRUE,FALSE
system.timers.internal.asyncFast.max.10,Maximum time last 10s,System.Double,ms,TRUE,FALSE
system.timers.internal.asyncFast.max.300,Maximum time last 300s,System.Double,ms,TRUE,FALSE
system.timers.internal.asyncFast.max.60,Maximum time last 60s,System.Double,ms,TRUE,FALSE
system.timers.internal.asyncSlow,Average time,System.Double,ms,TRUE,FALSE
system.timers.internal.asyncSlow.max.10,Maximum time last 10s,System.Double,ms,TRUE,FALSE
system.timers.internal.asyncSlow.max.300,Maximum time last 300s,System.Double,ms,TRUE,FALSE
system.timers.internal.asyncSlow.max.60,Maximum time last 60s,System.Double,ms,TRUE,FALSE
system.timers.internal.conditions,Average time,System.Double,ms,TRUE,FALSE
system.timers.internal.conditions.max.10,Maximum time last 10s,System.Double,ms,TRUE,FALSE
system.timers.internal.conditions.max.300,Maximum time last 300s,System.Double,ms,TRUE,FALSE
system.timers.internal.conditions.max.60,Maximum time last 60s,System.Double,ms,TRUE,FALSE
system.timers.internal.dataCollection,Average time,System.Double,ms,TRUE,FALSE
system.timers.internal.dataCollection.max.10,Maximum time last 10s,System.Double,ms,TRUE,FALSE
system.timers.internal.dataCollection.max.300,Maximum time last 300s,System.Double,ms,TRUE,FALSE
system.timers.internal.dataCollection.max.60,Maximum time last 60s,System.Double,ms,TRUE,FALSE
system.timers.internal.demand,Average time,System.Double,ms,TRUE,FALSE
system.timers.internal.demand.max.10,Maximum time last 10s,System.Double,ms,TRUE,FALSE
system.timers.internal.demand.max.300,Maximum time last 300s,System.Double,ms,TRUE,FALSE
system.timers.internal.demand.max.60,Maximum time last 60s,System.Double,ms,TRUE,FALSE
system.timers.internal.framesTimer,Average time,System.Double,ms,TRUE,FALSE
system.timers.internal.framesTimer.max.10,Maximum time last 10s,System.Double,ms,TRUE,FALSE
system.timers.internal.framesTimer.max.300,Maximum time last 300s,System.Double,ms,TRUE,FALSE
system.timers.internal.framesTimer.max.60,Maximum time last 60s,System.Double,ms,TRUE,FALSE
system.timers.internal.fwc.,Average time,System.Double,ms,TRUE,FALSE
system.timers.internal.fwc..max.10,Maximum time last 10s,System.Double,ms,TRUE,FALSE
system.timers.internal.fwc..max.300,Maximum time last 300s,System.Double,ms,TRUE,FALSE
system.timers.internal.fwc..max.60,Maximum time last 60s,System.Double,ms,TRUE,FALSE
system.timers.internal.hardware,Average time,System.Double,ms,TRUE,FALSE
system.timers.internal.hardware.max.10,Maximum time last 10s,System.Double,ms,TRUE,FALSE
system.timers.internal.hardware.max.300,Maximum time last 300s,System.Double,ms,TRUE,FALSE
system.timers.internal.hardware.max.60,Maximum time last 60s,System.Double,ms,TRUE,FALSE
system.timers.internal.ioElements.in,Average time,System.Double,ms,TRUE,FALSE
system.timers.internal.ioElements.in.max.10,Maximum time last 10s,System.Double,ms,TRUE,FALSE
system.timers.internal.ioElements.in.max.300,Maximum time last 300s,System.Double,ms,TRUE,FALSE
system.timers.internal.ioElements.in.max.60,Maximum time last 60s,System.Double,ms,TRUE,FALSE
system.timers.internal.ioElements.out,Average time,System.Double,ms,TRUE,FALSE
system.timers.internal.ioElements.out.max.10,Maximum time last 10s,System.Double,ms,TRUE,FALSE
system.timers.internal.ioElements.out.max.300,Maximum time last 300s,System.Double,ms,TRUE,FALSE
system.timers.internal.ioElements.out.max.60,Maximum time last 60s,System.Double,ms,TRUE,FALSE
system.timers.internal.messages,Average time,System.Double,ms,TRUE,FALSE
system.timers.internal.messages.max.10,Maximum time last 10s,System.Double,ms,TRUE,FALSE
system.timers.internal.messages.max.300,Maximum time last 300s,System.Double,ms,TRUE,FALSE
system.timers.internal.messages.max.60,Maximum time last 60s,System.Double,ms,TRUE,FALSE
system.timers.internal.network,Average time,System.Double,ms,TRUE,FALSE
system.timers.internal.network.max.10,Maximum time last 10s,System.Double,ms,TRUE,FALSE
system.timers.internal.network.max.300,Maximum time last 300s,System.Double,ms,TRUE,FALSE
system.timers.internal.network.max.60,Maximum time last 60s,System.Double,ms,TRUE,FALSE
system.timers.internal.networkState,Average time,System.Double,ms,TRUE,FALSE
system.timers.internal.networkState.max.10,Maximum time last 10s,System.Double,ms,TRUE,FALSE
system.timers.internal.networkState.max.300,Maximum time last 300s,System.Double,ms,TRUE,FALSE
system.timers.internal.networkState.max.60,Maximum time last 60s,System.Double,ms,TRUE,FALSE
system.timers.internal.processing,Average time,System.Double,ms,TRUE,FALSE
system.timers.internal.processing.max.10,Maximum time last 10s,System.Double,ms,TRUE,FALSE
system.timers.internal.processing.max.300,Maximum time last 300s,System.Double,ms,TRUE,FALSE
system.timers.internal.processing.max.60,Maximum time last 60s,System.Double,ms,TRUE,FALSE
system.timers.internal.reset,Average time,System.Double,ms,TRUE,FALSE
system.timers.internal.reset.max.10,Maximum time last 10s,System.Double,ms,TRUE,FALSE
system.timers.internal.reset.max.300,Maximum time last 300s,System.Double,ms,TRUE,FALSE
system.timers.internal.reset.max.60,Maximum time last 60s,System.Double,ms,TRUE,FALSE
system.timers.internal.sdk,Average time,System.Double,ms,TRUE,FALSE
system.timers.internal.sdk.max.10,Maximum time last 10s,System.Double,ms,TRUE,FALSE
system.timers.internal.sdk.max.300,Maximum time last 300s,System.Double,ms,TRUE,FALSE
system.timers.internal.sdk.max.60,Maximum time last 60s,System.Double,ms,TRUE,FALSE
system.timers.internal.state,Average time,System.Double,ms,TRUE,FALSE
system.timers.internal.state.max.10,Maximum time last 10s,System.Double,ms,TRUE,FALSE
system.timers.internal.state.max.300,Maximum time last 300s,System.Double,ms,TRUE,FALSE
system.timers.internal.state.max.60,Maximum time last 60s,System.Double,ms,TRUE,FALSE
system.timers.internal.supply,Average time,System.Double,ms,TRUE,FALSE
system.timers.internal.supply.max.10,Maximum time last 10s,System.Double,ms,TRUE,FALSE
system.timers.internal.supply.max.300,Maximum time last 300s,System.Double,ms,TRUE,FALSE
system.timers.internal.supply.max.60,Maximum time last 60s,System.Double,ms,TRUE,FALSE
system.timers.internal.total,Average time,System.Double,ms,TRUE,FALSE
system.timers.internal.total.max.10,Maximum time last 10s,System.Double,ms,TRUE,FALSE
system.timers.internal.total.max.300,Maximum time last 300s,System.Double,ms,TRUE,FALSE
system.timers.internal.total.max.60,Maximum time last 60s,System.Double,ms,TRUE,FALSE
system.version,Full version string of the ProSimA322 system instance,System.String,,TRUE,FALSE