Name,Description,Data Type,Data Unit,Can Read,Can Write
aircraft.acceleration,Aircraft forward acceleration KTS/sec,System.Double,,TRUE,FALSE
aircraft.altitude,The true altitude of the aircraft in feet MSL,System.Double,,TRUE,TRUE
aircraft.altitude.aboveGround,Aircraft altitude AGL in feet,System.Double,,TRUE,FALSE
aircraft.altitude.compensation,Altitude compensation due to temperature,System.Double,,TRUE,FALSE
aircraft.altitude.ground,Ground altitude below aircraft in feet,System.Double,,TRUE,FALSE
aircraft.altitude.radio,Aircraft altitude AGL in feet,System.Double,,TRUE,FALSE
aircraft.AOA,Aircraft angle of attack,System.Double,,TRUE,FALSE
aircraft.autoflight.accel.pitchGain,Acceleration pitch gain,System.Double,,TRUE,TRUE
aircraft.autoflight.autopilot.pitch.adaptive,Use adaptive gain in autopilot pitch,System.Boolean,,TRUE,TRUE
aircraft.autoflight.autopilot.pitch.adaptiveCmdDifferential,Enable IAS based CMD differential,System.Boolean,,TRUE,TRUE
aircraft.autoflight.autopilot.pitch.cmdLimit,Max cmd input for pitch,System.Double,,TRUE,TRUE
aircraft.autoflight.autopilot.pitch.differential.high,Autopilot pitch differential gain high,System.Double,,TRUE,TRUE
aircraft.autoflight.autopilot.pitch.differential.low,Autopilot pitch differential gain low,System.Double,,TRUE,TRUE
aircraft.autoflight.autopilot.pitch.highSpeed,Autopilot speed for high gain,System.Double,,TRUE,TRUE
aircraft.autoflight.autopilot.pitch.lowSpeed,Autopilot speed for low gain,System.Double,,TRUE,TRUE
aircraft.autoflight.autopilot.pitch.proportional.goAround,Autopilot pitch proportional gain go around,System.Double,,TRUE,TRUE
aircraft.autoflight.autopilot.pitch.proportional.high,Autopilot pitch proportional gain high,System.Double,,TRUE,TRUE
aircraft.autoflight.autopilot.pitch.proportional.low,Autopilot pitch proportional gain low,System.Double,,TRUE,TRUE
aircraft.autoflight.autopilot.roll.differential,Autopilot roll differential gain,System.Double,,TRUE,TRUE
aircraft.autoflight.autopilot.roll.proportional,Autopilot roll proportional gain,System.Double,,TRUE,TRUE
aircraft.autoflight.autothrottle.accelerationTimeFactor,Autothrottle acceleration filter time factor,System.Double,,TRUE,TRUE
aircraft.autoflight.autothrottle.deltaVlsThreshold,Autothrottle Vls delta under which deceleration is guarded,System.Double,,TRUE,TRUE
aircraft.autoflight.autothrottle.gain,Autothrottle gain,System.Double,,TRUE,TRUE
aircraft.autoflight.autothrottle.gain.climbBuildup,Autothrottle gain during climb buildup,System.Double,,TRUE,TRUE
aircraft.autoflight.autothrottle.gain.machMode,Autothrottle gain in mach mode,System.Double,,TRUE,TRUE
aircraft.autoflight.autothrottle.gain.singleEngine,Gain factor applied during single engine,System.Double,,TRUE,TRUE
aircraft.autoflight.autothrottle.gain.softAlt,Autothrottle gain in softAlt mode,System.Double,,TRUE,TRUE
aircraft.autoflight.autothrottle.maxAcceleration,Autothrottle max commanded acceleration,System.Double,,TRUE,TRUE
aircraft.autoflight.autothrottle.maxAcceleration.se ,Autothrottle max commanded acceleration single engine,System.Double,,TRUE,TRUE
aircraft.autoflight.autothrottle.maxDeceleration,Autothrottle guarded deceleration maximum value at Vls,System.Double,,TRUE,TRUE
aircraft.autoflight.autothrottle.scalar.high,Autothrottle acceleration scalar high Bank,System.Double,,TRUE,TRUE
aircraft.autoflight.autothrottle.scalar.high.se,Autothrottle acceleration scalar high Bank single engine,System.Double,,TRUE,TRUE
aircraft.autoflight.autothrottle.scalar.low,Autothrottle acceleration scalar low bank,System.Double,,TRUE,TRUE
aircraft.autoflight.autothrottle.scalar.low.se,Autothrottle acceleration scalar low bank single engine,System.Double,,TRUE,TRUE
aircraft.autoflight.autothrottle.singleEngineDampener.highspeed,Autothrottle single engine dampened mode high speed cutoff,System.Double,,TRUE,TRUE
aircraft.autoflight.autothrottle.singleEngineDampener.lowspeed,Autothrottle single engine dampened mode low speed cutoff,System.Double,,TRUE,TRUE
aircraft.autoflight.autothrottle.speedTimeFactor,Autothrottle speed filter time factor,System.Double,,TRUE,TRUE
aircraft.autoflight.McpSpeed_TargetPitchFactor,Mcp speed mode target pitch factor,System.Double,,TRUE,TRUE
aircraft.autoflight.pitch.differential,Pitch differential gain,System.Double,,TRUE,TRUE
aircraft.autoflight.pitch.elevatorRateLimit,Elevator rate limit in percent,System.Double,,TRUE,TRUE
aircraft.autoflight.pitch.feedForward,Pitch feed forward gain,System.Double,,TRUE,TRUE
aircraft.autoflight.pitch.integral,Pitch integral gain,System.Double,,TRUE,TRUE
aircraft.autoflight.pitch.maximumRate,Maximum pitch rate for AP roll channel,System.Double,,TRUE,TRUE
aircraft.autoflight.pitch.proportional,Pitch proportional gain,System.Double,,TRUE,TRUE
aircraft.autoflight.pitch.reference.base,Pitch reference base filter time,System.Double,,TRUE,TRUE
aircraft.autoflight.pitch.reference.factor,Pitch reference aoa factor,System.Double,,TRUE,TRUE
aircraft.autoflight.pitch.uniformAxis,Rescale negative pitch range,System.Boolean,,TRUE,TRUE
aircraft.autoflight.roll.lowSpeed,Roll low speed threshold,System.Double,,TRUE,TRUE
aircraft.autoflight.roll.lowSpeedScalar,Roll scalar low speed,System.Double,,TRUE,TRUE
aircraft.autoflight.roll.maximumRate,Maximum roll rate for AP roll channel,System.Double,,TRUE,TRUE
aircraft.autoflight.UseFpaForPitch,Use FPA for pitch,System.Boolean,,TRUE,TRUE
aircraft.autoflight.yaw.dutchRoll.gain,Dutch roll augmentation,System.Double,,TRUE,TRUE
aircraft.autoflight.yawDamper.D,Yaw damper D factor,System.Double,,TRUE,TRUE
aircraft.autoflight.yawDamper.P,Yaw damper P factor,System.Double,,TRUE,TRUE
aircraft.balance.MAC,Aircraft MAC in %,System.Double,,TRUE,FALSE
aircraft.bank,Aircraft bank,System.Double,,TRUE,TRUE
aircraft.cargo.aft.amount,Aft cargo amount,System.Double,kg,TRUE,TRUE
aircraft.cargo.aft.capacity,Aft cargo capacity,System.Double,kg,TRUE,FALSE
aircraft.cargo.forward.amount,Forward cargo amount,System.Double,kg,TRUE,TRUE
aircraft.cargo.forward.capacity,Forward cargo capacity,System.Double,kg,TRUE,FALSE
aircraft.cdu1.display,CDU display 1 XML,System.String,,TRUE,FALSE
  <title></title>,,,,,
  <titlePage></titlePage>,,,,,
  <line></line>,,,,,
  <line></line>,,,,,
  <line></line>,,,,,
  <line></line>,,,,,
  <line></line>,,,,,
  <line></line>,,,,,
  <line></line>,,,,,
  <line></line>,,,,,
  <line></line>,,,,,
  <line></line>,,,,,
  <line></line>,,,,,
  <line></line>,,,,,
  <scratchpad></scratchpad>,,,,,
</root>,,,,,
aircraft.cdu2.display,CDU display 2 XML,System.String,,TRUE,FALSE
  <title></title>,,,,,
  <titlePage></titlePage>,,,,,
  <line></line>,,,,,
  <line></line>,,,,,
  <line></line>,,,,,
  <line></line>,,,,,
  <line></line>,,,,,
  <line></line>,,,,,
  <line></line>,,,,,
  <line></line>,,,,,
  <line></line>,,,,,
  <line></line>,,,,,
  <line></line>,,,,,
  <line></line>,,,,,
  <scratchpad></scratchpad>,,,,,
</root>,,,,,
aircraft.cg,Center of gravity in %MAC,System.Double,,TRUE,TRUE
aircraft.crew.flightAttendants.weight,Weight of the flight attendants,System.Double,kg,TRUE,FALSE
aircraft.crew.pilots.weight,Weight of the pilots,System.Double,kg,TRUE,FALSE
aircraft.datalink.printer.control,SDK printer control. Commands: [Query: returns number of print jobs on hold in queue] [Print: returns the contetn of the first print job available],System.String,,TRUE,TRUE
aircraft.datalink.printer.enabled,"Enables the SDK print queue. Enabling the queue will disable any other printer selected in datalink config, regardless if it is enabled or not. It will also make the PRINT prompt availabe for a printable message",System.Boolean,,TRUE,TRUE
aircraft.datalink.VHF3Data,VHF3 in data mode,System.Boolean,,TRUE,TRUE
aircraft.electrical.generator.1.ampere,Eng1 generator amps,System.Double,,TRUE,FALSE
aircraft.electrical.generator.2.ampere,Eng2 generator amps,System.Double,,TRUE,FALSE
aircraft.electrical.generator.apu.ampere,APU generator amps,System.Double,,TRUE,FALSE
aircraft.engine1.EGT,Engine 1 EGT,System.Double,,TRUE,FALSE
aircraft.engine1.FF,Engine 1 FF,System.Double,,TRUE,FALSE
aircraft.engine1.N1,Engine 1 N1,System.Double,,TRUE,FALSE
aircraft.engine1.N2,Engine 1 N2,System.Double,,TRUE,FALSE
aircraft.engine1.running,True is left engine is running,System.Boolean,,TRUE,FALSE
aircraft.engine2.EGT,Engine 2 EGT,System.Double,,TRUE,FALSE
aircraft.engine2.FF,Engine 2 FF,System.Double,,TRUE,FALSE
aircraft.engine2.N1,Engine 2 N1,System.Double,,TRUE,FALSE
aircraft.engine2.N2,Engine 2 N2,System.Double,,TRUE,FALSE
aircraft.engine2.running,True is right engine is running,System.Boolean,,TRUE,FALSE
aircraft.engines.1.egt,EGT in celcius,System.Double,,TRUE,FALSE
aircraft.engines.1.ff.kg,Fuel flow in kg/hour,System.Double,,TRUE,FALSE
aircraft.engines.1.ff.lbs,Fuel flow in lbs/hour,System.Double,,TRUE,FALSE
aircraft.engines.1.n1,N1 percent,System.Double,,TRUE,FALSE
aircraft.engines.1.n2,N2 percent,System.Double,,TRUE,FALSE
aircraft.engines.1.n2 raw,N2 percent raw,System.Double,,TRUE,FALSE
aircraft.engines.1.oil.pressure,Engine oil pressure,System.Double,,TRUE,FALSE
aircraft.engines.1.oil.quantity,Engine oil quantity,System.Double,,TRUE,FALSE
aircraft.engines.1.oil.temperature,Engine oil temperature,System.Double,,TRUE,FALSE
aircraft.engines.1.reset,Reset engine to cold state,System.Boolean,,FALSE,TRUE
aircraft.engines.1.RPM.n1,N1 rotation speed,System.Double,,TRUE,FALSE
aircraft.engines.1.RPM.n2,N2 rotation speed,System.Double,,TRUE,FALSE
aircraft.engines.1.simvalue,Simulator throttle value,System.Double,,TRUE,FALSE
aircraft.engines.1.thrust,Engine 1 thrust,System.Double,lbs,TRUE,FALSE
aircraft.engines.1.vib,vibration,System.Double,,TRUE,FALSE
aircraft.engines.2.egt,EGT in celcius,System.Double,,TRUE,FALSE
aircraft.engines.2.ff.kg,Fuel flow in kg/hour,System.Double,,TRUE,FALSE
aircraft.engines.2.ff.lbs,Fuel flow in lbs/hour,System.Double,,TRUE,FALSE
aircraft.engines.2.n1,N1 percent,System.Double,,TRUE,FALSE
aircraft.engines.2.n2,N2 percent,System.Double,,TRUE,FALSE
aircraft.engines.2.n2 raw,N2 percent raw,System.Double,,TRUE,FALSE
aircraft.engines.2.oil.pressure,Engine oil pressure,System.Double,,TRUE,FALSE
aircraft.engines.2.oil.quantity,Engine oil quantity,System.Double,,TRUE,FALSE
aircraft.engines.2.oil.temperature,Engine oil temperature,System.Double,,TRUE,FALSE
aircraft.engines.2.reset,Reset engine to cold state,System.Boolean,,FALSE,TRUE
aircraft.engines.2.RPM.n1,N1 rotation speed,System.Double,,TRUE,FALSE
aircraft.engines.2.RPM.n2,N2 rotation speed,System.Double,,TRUE,FALSE
aircraft.engines.2.simvalue,Simulator throttle value,System.Double,,TRUE,FALSE
aircraft.engines.2.thrust,Engine 1 thrust,System.Double,lbs,TRUE,FALSE
aircraft.engines.2.vib,vibration,System.Double,,TRUE,FALSE
aircraft.flap.degrees,Current flap position in degrees,System.Double,,TRUE,FALSE
aircraft.flap.position,Current flap detent position,System.Double,,TRUE,FALSE
aircraft.flap.positionHandle,"Current flap handle position (0:Up, 1:1°, 2:2°, 3:5°, 4:10°, 5:15°, 6:25°, 7:30°, 8:40°)",System.Int32,,TRUE,FALSE
aircraft.flightControls.elevator,Elevator deflection,System.Double,,TRUE,FALSE
aircraft.flightControls.input.pitch,Control column pitch,System.Double,,TRUE,FALSE
aircraft.flightControls.input.roll,Control column roll,System.Double,,TRUE,FALSE
aircraft.flightControls.input.rudder,Rudder input,System.Double,,TRUE,FALSE
aircraft.flightControls.leftAileron,Left aileron deflection,System.Double,,TRUE,FALSE
aircraft.flightControls.resetAileronTrim,Control to reset Aileron Trim,System.Boolean,,TRUE,TRUE
aircraft.flightControls.resetRudderTrim,Control to reset Rudder Trim,System.Boolean,,TRUE,TRUE
aircraft.flightControls.rightAileron,Right aileron deflection,System.Double,,TRUE,FALSE
aircraft.flightControls.rudder,Rudder deflection,System.Double,,TRUE,FALSE
aircraft.flightControls.spoilerLeft,Spoiler left deflection,System.Double,%,TRUE,FALSE
aircraft.flightControls.spoilerRight,Spoiler right deflection,System.Double,%,TRUE,FALSE
aircraft.flightControls.trim.aileron,Aileron trim position (in radians),System.Double,,TRUE,TRUE
aircraft.flightControls.trim.aileron.units,Aileron trim units,System.Double,,TRUE,TRUE
aircraft.flightControls.trim.elevator,Elevator trim position (in radians),System.Double,,TRUE,FALSE
aircraft.flightControls.trim.elevator.position,Elevator trim control input: -1 to 1,System.Double,,TRUE,TRUE
aircraft.flightControls.trim.elevator.units,Elevator trim units,System.Double,,TRUE,FALSE
aircraft.flightControls.trim.rudder,Rudder trim position (in radians),System.Double,,TRUE,TRUE
aircraft.flightControls.trim.rudder.units,Rudder trim units,System.Double,,TRUE,TRUE
aircraft.fms.cruiseAlt,FMS cruise alt in feet,System.Int32,,TRUE,FALSE
aircraft.fms.destination,Destination airport of FMS route,System.String,,TRUE,FALSE
aircraft.fms.flightNumber,FMS flightnumber,System.String,,TRUE,TRUE
aircraft.fms.flightPlanXml,Complete flight plan in XML format,System.String,,TRUE,FALSE
  <tailnumber></tailnumber>,,,,,
  <routeData>,,,,,
    <flightNumber></flightNumber>,,,,,
"    <route type=""act"">",,,,,
      <origin></origin>,,,,,
      <originRunway></originRunway>,,,,,
      <destination></destination>,,,,,
      <destinationRunway></destinationRunway>,,,,,
      <legs />,,,,,
      <flightplan></flightplan>,,,,,
    </route>,,,,,
  </routeData>,,,,,
</fms>,,,,,
aircraft.fms.n1.1,N1 ref Eng 1,System.Double,,TRUE,FALSE
aircraft.fms.n1.2,N1 ref Eng 2,System.Double,,TRUE,FALSE
aircraft.fms.origin,Origin airport of FMS route,System.String,,TRUE,FALSE
aircraft.fms.perf.landing.flaps,"FMS landing flap setting [0:UP, 1:1, 2:2, 3:5, 4:10, 5:15, 6:25, 7:30, 8:40]",System.Double,,TRUE,FALSE
aircraft.fms.perf.takeOff.flaps,"FMS take off flap setting [0:UP, 1:1, 2:2, 3:5, 4:10, 5:15, 6:25, 7:30, 8:40]",System.Double,,TRUE,FALSE
aircraft.fms.route,FMS LNAV route in waypoint/airway format,System.String,,TRUE,TRUE
aircraft.fms.routeFromCompanyRoute,Load route from specified company route name,System.String,,FALSE,TRUE
aircraft.fpa,Flight path angle of the aircraft,System.Double,,TRUE,FALSE
aircraft.fuel.center.amount.kg,Amount of fuel in center tank in KG,System.Double,,TRUE,TRUE
aircraft.fuel.center.capacity,Center tank capacity,System.Double,kg,TRUE,FALSE
aircraft.fuel.left.amount.kg,Amount of fuel in left tank in KG,System.Double,,TRUE,TRUE
aircraft.fuel.left.capacity,Left wing tank capacity,System.Double,kg,TRUE,FALSE
aircraft.fuel.right.amount.kg,Amount of fuel in right tank in KG,System.Double,,TRUE,TRUE
aircraft.fuel.right.capacity,Right wing tank capacity,System.Double,kg,TRUE,FALSE
aircraft.fuel.total.amount,Amount of total fuel,System.Double,kg,TRUE,FALSE
aircraft.fuel.total.capacity,Total fuel capacity,System.Double,kg,TRUE,FALSE
aircraft.gearDown,True if the gear is down,System.Boolean,,TRUE,FALSE
aircraft.gearInTransit,True if the gear is in transit,System.Boolean,,TRUE,FALSE
aircraft.ground,True if the aircraft is on the ground,System.Boolean,,TRUE,FALSE
aircraft.heading.magnetic,Aircraft magnetic heading,System.Double,,TRUE,TRUE
aircraft.heading.true,Aircraft true heading,System.Double,,TRUE,FALSE
aircraft.hidraulics.sysA.pressure,Depraceted - Use aircraft.hydraulics.sysA.pressure,System.Int32,,TRUE,FALSE
aircraft.hidraulics.sysA.quantity,Depraceted - Use aircraft.hydraulics.sysA.quantity,System.Int32,,TRUE,FALSE
aircraft.hidraulics.sysB.pressure,Depraceted - Use aircraft.hydraulics.sysB.pressure,System.Int32,,TRUE,FALSE
aircraft.hidraulics.sysB.quantity,Depraceted - Use aircraft.hydraulics.sysB.quantity,System.Int32,,TRUE,FALSE
aircraft.hydraulics.generic.availabilityThreshold,"Hydraulics availability threshold. PSI value at which hydraulics are considered ""available""",System.Double,,TRUE,TRUE
aircraft.hydraulics.sysA.pressure,Hydraulics system A pressure,System.Int32,,TRUE,FALSE
aircraft.hydraulics.sysA.quantity,Hydraulics system A quantity (Fluid quantity with thermal factor in %),System.Int32,,TRUE,FALSE
aircraft.hydraulics.sysA.quantity.calibrated,Hydraulics system A quantity (Calibrated quantity used for DEUs in %),System.Int32,,TRUE,FALSE
aircraft.hydraulics.sysA.quantity.liters,Hydraulics system A quantity (Raw quantity in liters),System.Double,,TRUE,FALSE
aircraft.hydraulics.sysB.pressure,Hydraulics system B pressure,System.Int32,,TRUE,FALSE
aircraft.hydraulics.sysB.quantity,Hydraulics system B quantity (Fluid quantity with thermal factor in %),System.Int32,,TRUE,FALSE
aircraft.hydraulics.sysB.quantity.calibrated,Hydraulics system B quantity (Calibrated quantity used for DEUs in %),System.Int32,,TRUE,FALSE
aircraft.hydraulics.sysB.quantity.liters,Hydraulics system B quantity (Raw quantity in liters),System.Double,,TRUE,FALSE
aircraft.irs1.aligning,True if the IRS is aligning,System.Boolean,,TRUE,FALSE
aircraft.irs1.groundspeed,Ground speed output from IRS,System.Double,,TRUE,FALSE
aircraft.irs1.heading,True heading output from IRS,System.Double,,TRUE,FALSE
aircraft.irs1.headingFlag,Irs heading flag,System.Boolean,,TRUE,FALSE
aircraft.irs1.latitude,Latitude output from IRS,System.Double,,TRUE,FALSE
aircraft.irs1.longitude,Longitude output from IRS,System.Double,,TRUE,FALSE
aircraft.irs1.need_heading_entry,True if the IRS requires heading entry,System.Boolean,,TRUE,FALSE
aircraft.irs1.need_position_entry,True if the IRS requires position entry,System.Boolean,,TRUE,FALSE
aircraft.irs1.sts,Irs remaining time to align,System.Double,,TRUE,FALSE
aircraft.irs1.track,True track output from IRS,System.Double,,TRUE,FALSE
aircraft.irs2.aligning,True if the IRS is aligning,System.Boolean,,TRUE,FALSE
aircraft.irs2.groundspeed,Ground speed output from IRS,System.Double,,TRUE,FALSE
aircraft.irs2.heading,True heading output from IRS,System.Double,,TRUE,FALSE
aircraft.irs2.headingFlag,Irs heading flag,System.Boolean,,TRUE,FALSE
aircraft.irs2.latitude,Latitude output from IRS,System.Double,,TRUE,FALSE
aircraft.irs2.longitude,Longitude output from IRS,System.Double,,TRUE,FALSE
aircraft.irs2.need_heading_entry,True if the IRS requires heading entry,System.Boolean,,TRUE,FALSE
aircraft.irs2.need_position_entry,True if the IRS requires position entry,System.Boolean,,TRUE,FALSE
aircraft.irs2.sts,Irs remaining time to align,System.Double,,TRUE,FALSE
aircraft.irs2.track,True track output from IRS,System.Double,,TRUE,FALSE
aircraft.latitude,The true latitude of the position of the aircraft in the world,System.Double,,TRUE,FALSE
aircraft.longitude,The true longitude of the position of the aircraft in the world,System.Double,,TRUE,FALSE
aircraft.magnetic_variation,Current magnetic variation at the aircraft position,System.Double,,TRUE,FALSE
aircraft.navigation.adf.1.adfBearing,ADF bearing to,System.Double,,TRUE,FALSE
aircraft.navigation.adf.1.adfBearingFlag,Bearing flag,System.Boolean,,TRUE,FALSE
aircraft.navigation.adf.2.adfBearing,ADF bearing to,System.Double,,TRUE,FALSE
aircraft.navigation.adf.2.adfBearingFlag,Bearing flag,System.Boolean,,TRUE,FALSE
aircraft.navigation.vor.1.vorBearing,VOR bearing to,System.Double,,TRUE,FALSE
aircraft.navigation.vor.1.vorBearingFlag,VOR bearing flag,System.Boolean,,TRUE,FALSE
aircraft.navigation.vor.2.vorBearing,VOR bearing to,System.Double,,TRUE,FALSE
aircraft.navigation.vor.2.vorBearingFlag,VOR bearing flag,System.Boolean,,TRUE,FALSE
aircraft.passengers.seatOccupation,Passenger seat occupation: 16 seats first zone + 42 second zone + 54 third zone + 48 forth zone = 160 seats in total (= array length),System.Boolean[],,TRUE,TRUE
aircraft.passengers.total.weight,Total weight of all passengers,System.Double,kg,TRUE,FALSE
aircraft.passengers.zone_1,Amount of passengers in zone 1,System.Int32,,TRUE,FALSE
aircraft.passengers.zone_2,Amount of passengers in zone 2,System.Int32,,TRUE,FALSE
aircraft.passengers.zone_3,Amount of passengers in zone 3,System.Int32,,TRUE,FALSE
aircraft.passengers.zone_4,Amount of passengers in zone 4,System.Int32,,TRUE,FALSE
aircraft.passengers.zone1.amount,Amount of passengers in zone 1,System.Int32,,TRUE,FALSE
aircraft.passengers.zone1.capacity,Capacity of passengers in zone 1,System.Int32,,TRUE,FALSE
aircraft.passengers.zone2.amount,Amount of passengers in zone 2,System.Int32,,TRUE,FALSE
aircraft.passengers.zone2.capacity,Capacity of passengers in zone 2,System.Int32,,TRUE,FALSE
aircraft.passengers.zone3.amount,Amount of passengers in zone 3,System.Int32,,TRUE,FALSE
aircraft.passengers.zone3.capacity,Capacity of passengers in zone 3,System.Int32,,TRUE,FALSE
aircraft.passengers.zone4.amount,Amount of passengers in zone 4,System.Int32,,TRUE,FALSE
aircraft.passengers.zone4.capacity,Capacity of passengers in zone 4,System.Int32,,TRUE,FALSE
aircraft.pitch,Aircraft pitch,System.Double,,TRUE,TRUE
aircraft.pneumatic.zones.aft_cab.selected_temperature,The selected temperature in the zone,System.Double,,TRUE,FALSE
aircraft.pneumatic.zones.aft_cab.temperature,The current temperature in the zone,System.Double,,TRUE,FALSE
aircraft.pneumatic.zones.cont_cab.selected_temperature,The selected temperature in the zone,System.Double,,TRUE,FALSE
aircraft.pneumatic.zones.cont_cab.temperature,The current temperature in the zone,System.Double,,TRUE,FALSE
aircraft.pneumatic.zones.fwd_cab.selected_temperature,The selected temperature in the zone,System.Double,,TRUE,FALSE
aircraft.pneumatic.zones.fwd_cab.temperature,The current temperature in the zone,System.Double,,TRUE,FALSE
aircraft.pressureAltitude,The pressure altitude of the aircraft in feet MSL,System.Double,,TRUE,FALSE
aircraft.radio.ILS1.deviation.horizontal,ILS1 horizontal deviation in meters,System.Double,,TRUE,FALSE
aircraft.radio.ILS1.deviation.vertical,ILS1 horizontal deviation in meters,System.Double,,TRUE,FALSE
aircraft.radio.ILS1.distance.glideslope,ILS1 distance to glideslope transmitter in NM,System.Double,,TRUE,FALSE
aircraft.radio.ILS1.distance.localizer,ILS1 distance to localizer transmitter in NM,System.Double,,TRUE,FALSE
aircraft.radio.ILS2.deviation.horizontal,ILS1 horizontal deviation in meters,System.Double,,TRUE,FALSE
aircraft.radio.ILS2.deviation.vertical,ILS1 horizontal deviation in meters,System.Double,,TRUE,FALSE
aircraft.radio.ILS2.distance.glideslope,ILS1 distance to glideslope transmitter in NM,System.Double,,TRUE,FALSE
aircraft.radio.ILS2.distance.localizer,ILS1 distance to localizer transmitter in NM,System.Double,,TRUE,FALSE
aircraft.radio.nav1.dmeDistance,DME distance,System.Double,,TRUE,FALSE
aircraft.radio.nav1.horizontalDeviation,Horizontal deviation from localizer of NAV1 in dots (NaN if no signal),System.Double,,TRUE,FALSE
aircraft.radio.nav1.verticalDeviation,Horizontal deviation from glideslope in dots (NaN if no signal),System.Double,,TRUE,FALSE
aircraft.radio.nav2.dmeDistance,DME distance (NaN if no signal),System.Double,,TRUE,FALSE
aircraft.radio.nav2.horizontalDeviation,Horizontal deviation from localizer of NAV1 in dots (NaN if no signal),System.Double,,TRUE,FALSE
aircraft.radio.nav2.verticalDeviation,Horizontal deviation from glideslope in dots (NaN if no signal),System.Double,,TRUE,FALSE
aircraft.reposition,Reposition aircraft,ProSimSDK.RepositionData,,FALSE,TRUE
aircraft.repositioning,Aircraft is trimming for repositioning,System.Boolean,,TRUE,FALSE
aircraft.repositionLatLonHeading,"Reposition aircraft with latitude, longitude and heading only",ProSimSDK.RepositionLatLonHeadingData,,FALSE,TRUE
aircraft.slip,Aircraft slip,System.Double,,TRUE,FALSE
aircraft.speed.acceleration,Aircraft IAS acceleration in kts/s,System.Double,,TRUE,FALSE
aircraft.speed.ground,Aircraft ground speed in KTS,System.Double,,TRUE,FALSE
aircraft.speed.ias,Airspeed in KTS,System.Double,,TRUE,TRUE
aircraft.speed.mach,Airspeed in mach,System.Double,,TRUE,FALSE
aircraft.speed.tas,True airspeed in KTS,System.Double,,TRUE,FALSE
aircraft.temperature.oat,OAT temperature,System.Double,,TRUE,FALSE
aircraft.temperature.tat,TAT temperature,System.Double,,TRUE,FALSE
aircraft.tick,Current tick number,System.UInt64,,TRUE,FALSE
aircraft.time,Aircraft time (considering option if actual or simulator time should be used),System.DateTime,,TRUE,FALSE
aircraft.track.magnetic,Aircraft magnetic track,System.Double,,TRUE,FALSE
aircraft.track.true,Aircraft true track,System.Double,,TRUE,FALSE
aircraft.usePressureAltitude,Use simulator pressure altitude as source of altitude information,System.Boolean,,TRUE,FALSE
aircraft.verticalspeed,The vertical speed of the aircraft in feet/min,System.Double,,TRUE,FALSE
aircraft.vSpeeds,FMS VSpeeds,"System.Nullable`1[[System.Double, mscorlib, Version=4.0.0.0, Culture=neutral, PublicKeyToken=b77a5c561934e089]][][]",,TRUE,FALSE
aircraft.weight.empty,Empty weight,System.Double,kg,TRUE,FALSE
aircraft.weight.fuel,Aircraft fuel,System.Double,,TRUE,TRUE
aircraft.weight.gross,Aircraft gross weight,System.Double,kg,TRUE,FALSE
aircraft.weight.gross.kg,Aircraft gross weight in kg,System.Double,,TRUE,FALSE
aircraft.weight.grossMax,Maximum aircraft gross weight,System.Double,kg,TRUE,FALSE
aircraft.weight.iosWB,Aircraft W&B,"System.Nullable`1[[System.Double, mscorlib, Version=4.0.0.0, Culture=neutral, PublicKeyToken=b77a5c561934e089]][]",,TRUE,TRUE
aircraft.weight.zfw,Zero fuel weight,System.Double,kg,TRUE,TRUE
aircraft.weight.zfw.kg,Zero fuel weight in kg,System.Double,,TRUE,FALSE
aircraft.weight.zfwMax,Maximum zero fuel weight,System.Double,kg,TRUE,FALSE
aircraft.wingload,Aircraft wing loading,System.Double,,TRUE,FALSE
aircraft.yaw,Aircraft yaw,System.Double,,TRUE,FALSE
aircraft.zfwcg,Center of gravity in %MAC fro current ZFW,System.Double,,TRUE,FALSE
communication.attendPanel.callPilot,Call pilot from FA station,System.Boolean,,TRUE,TRUE
communication.attendPanel.pilotCallReset,Reset pilot call from FA station,System.Boolean,,TRUE,TRUE
communication.external.callPilot,Call pilot from external power receptacle panel,System.Boolean,,TRUE,TRUE
companyRoutes.add,"Add new stored company route (format: ""name:route"")",System.String,,FALSE,TRUE
companyRoutes.delete,Delete stored company route with specified name,System.String,,FALSE,TRUE
companyRoutes.getAll,"Get all stored company routes (item1 = name, item2 = route string)",ProSimSDK.SdkTuple[],,TRUE,FALSE
control.computers.shutdown,Shutdown all computers,System.Boolean,,FALSE,TRUE
control.quickstart.apu,Quick start APU,System.Boolean,,FALSE,TRUE
control.quickstart.engine.1,Quick start engine 1,System.Boolean,,FALSE,TRUE
control.quickstart.engine.2,Quick start engine 2,System.Boolean,,FALSE,TRUE
control.resetFMS,Reset FMS when set to true,System.Boolean,,FALSE,TRUE
control.state,Sets aircraft to a certain state,ProSimSDK.AircraftStateType,,FALSE,TRUE
control.state.string,Sets aircraft to a certain state,System.String,,FALSE,TRUE
control.towingPin,Controls the towing pin insertion,System.Boolean,,TRUE,TRUE
debug.autopilot.elevatorFactor,Elevator factor,System.Double,,TRUE,TRUE
debug.autopilot.pitch.D,Pitch D,System.Double,,TRUE,TRUE
debug.autopilot.pitch.p,Pitch P,System.Double,,TRUE,TRUE
debug.autopilot.pitchrate.p,Pitch rate P,System.Double,,TRUE,TRUE
debug.autopilot.rudder.d,Pitch rate D,System.Double,,TRUE,TRUE
debug.autopilot.rudder.p,Pitch rate P,System.Double,,TRUE,TRUE
debug.ForceThrottleOverride,Always write throttles,System.Boolean,,TRUE,TRUE
debug.lowLatencyHz,Low latency data update frequency,System.Int32,,TRUE,TRUE
debug.marker,Distance marker,System.Double,,TRUE,TRUE
debug.NewDisplayProtocol,Use new display protocol,System.Boolean,,TRUE,TRUE
debug.papiBias,Papi bias,System.Double,,TRUE,TRUE
DEU.PFDWarning,Shows custom message on PFD,System.String,,TRUE,TRUE
doors.aft_cargo,Aft cargo,System.Boolean,,TRUE,TRUE
doors.aft_entry,Aft entry door,System.Boolean,,TRUE,TRUE
doors.aft_service,Aft service door,System.Boolean,,TRUE,TRUE
doors.airstairs,Air Stairs,System.Boolean,,TRUE,TRUE
doors.equip,Equipment door,System.Boolean,,TRUE,TRUE
doors.fwd_cargo,Forward cargo,System.Boolean,,TRUE,TRUE
doors.fwd_entry,Forward entry door,System.Boolean,,TRUE,TRUE
doors.fwd_service,Forward service door,System.Boolean,,TRUE,TRUE
doors.left_aft_overwing,Left aft overwing door,System.Boolean,,TRUE,TRUE
doors.left_fwd_overwing,Left forward overwing door,System.Boolean,,TRUE,TRUE
doors.right_aft_overwing,Right aft overwing door,System.Boolean,,TRUE,TRUE
doors.right_fwd_overwing,Right forward overwing door,System.Boolean,,TRUE,TRUE
efb.aftStairs,EFB Aft stairs,System.Boolean,,TRUE,TRUE
efb.aircraft.type,"Type of the aircraft, e.g. A320",System.String,,TRUE,FALSE
efb.aoc.message.downlink,AOC Message downlink interface,System.String,,TRUE,TRUE
efb.aoc.message.downlink.all,AOC Message downlink all messages,System.String,,TRUE,FALSE
efb.aoc.message.uplink,AOC Message uplink interface,System.String,,FALSE,TRUE
efb.aoc.message.uplink.copy,AOC Message uplink interface received data,System.String,,TRUE,FALSE
efb.aoc.message.uplink.result,AOC Message uplink interface status,System.String,,TRUE,FALSE
efb.appState,EFB app state - JSON object for sharing app states between external EFB instances,System.String,,TRUE,TRUE
efb.bgLastUpdate,EFB Last Update of Background,System.String,,TRUE,TRUE
efb.cabinAnnouncements.enabled,Whether to enable the cabin announcements system,System.Boolean,,TRUE,TRUE
efb.cabinAnnouncements.muteOnTaskSwitch,Whether cabin announcements should be muted when switching to another window,System.Boolean,,TRUE,TRUE
efb.chartModeDefault,EFB chart mode default,System.String,,TRUE,TRUE
efb.chocks,EFB Chocks,System.Boolean,,TRUE,TRUE
efb.cids.flightNumber,Flight number,System.String,,TRUE,FALSE
efb.directory,EFB directory of executable,System.String,,TRUE,FALSE
efb.efb.boardingStatus,EFB boarding status,System.String,,TRUE,TRUE
efb.exportNavigraph,EFB export navigraph,System.Boolean,,TRUE,TRUE
efb.finalLoadsheet,EFB final loadsheet,System.String,,TRUE,TRUE
efb.flightTimestampJSON,Flight timestamp,System.String,,TRUE,TRUE
efb.fuelLogImport,EFB fuel log import,System.Boolean,,TRUE,TRUE
efb.fwdStairs,EFB Fwd stairs,System.Boolean,,TRUE,TRUE
efb.loaded,EFB loaded,System.Boolean,,TRUE,TRUE
efb.navigraphRefreshToken,EFB navigraph refresh token,System.String,,TRUE,TRUE
efb.naviSec,Navigraph token,System.String,,TRUE,FALSE
efb.passengers.booked,EFB passengers booked,System.Boolean[],,TRUE,TRUE
efb.passengers.booked.string,EFB passengers booked as string,System.String,,TRUE,TRUE
efb.passengerStatistics,Passenger load information for creating loadsheets,System.Object,,TRUE,TRUE
efb.personalizedPageLink,Personalized Page Link,System.String,,TRUE,TRUE
efb.personalizedPageName,Personalized Page Name,System.String,,TRUE,TRUE
efb.pil,EFB pil,System.String,,TRUE,TRUE
efb.PILJSON,EFB PILJSON,System.String,,TRUE,TRUE
efb.pinnedCharts,EFB pinned Charts,System.String,,TRUE,TRUE
efb.plannedCargoKg,Planned cargo KG,System.Double,,TRUE,TRUE
efb.plannedfuel,Target for refueling,System.Double,,TRUE,TRUE
efb.prelimLoadsheet,EFB prelim loadsheet,System.String,,TRUE,TRUE
efb.ready,EFB connection ready,System.Boolean,,TRUE,TRUE
efb.refuelingDetails,EFB refueling Details,System.String,,TRUE,TRUE
efb.showOnScreenKeyboard,EFB show/hide on-screen keyboard,System.Boolean,,TRUE,TRUE
efb.simbrief.id,Simbrief id,System.String,,TRUE,TRUE
efb.simbriefLock,EFB simbrief lock,System.Boolean,,TRUE,TRUE
efb.simbriefPlanImported,Whether the EFB has a SimBrief plan currently imported,System.Boolean,,TRUE,TRUE
efb.simSettings,EFB sim settings,System.Boolean,,TRUE,TRUE
efb.startRefuelVal,EFB start refuel val,System.Int32,,TRUE,TRUE
efb.storedData,EFB stored data,System.String,,TRUE,TRUE
efb.test,EFB connection test,System.Boolean,,TRUE,TRUE
environment.airpressure,Outside air pressure in pascal,System.Double,,TRUE,FALSE
environment.airtemperature,Outside air temperature in kelvin,System.Double,,TRUE,FALSE
environment.ambientInCloud,Ambient in cloud,System.Boolean,,TRUE,FALSE
environment.ambientVisibility,Ambient visibility in meter,System.Double,,TRUE,FALSE
environment.icing,Icing factor between 0 and 1,System.Double,,TRUE,TRUE
environment.icing.probe,Icing factor between 0 and 1,System.Double,,TRUE,FALSE
environment.qnh,Current QNH at aircraft in millibar,System.Double,,TRUE,FALSE
environment.velocityWorldX,Velocity world X axis,System.Double,,TRUE,FALSE
environment.velocityWorldY,Velocity world Y axis,System.Double,,TRUE,FALSE
environment.velocityWorldZ,Velocity world Z axis,System.Double,,TRUE,FALSE
environment.wind.heading,Magnetic heading of wind around the aircraft,System.Double,,TRUE,FALSE
environment.wind.heading.magnetic,Magnetic heading of wind around the aircraft,System.Double,,TRUE,FALSE
environment.wind.heading.true,True heading of wind around the aircraft,System.Double,,TRUE,FALSE
environment.wind.speed,Windspeed around the aircraft in KTS,System.Double,,TRUE,FALSE
external.generic,Generic purpose dataref,System.String,,TRUE,TRUE
global.cms.std.isManaged,Gets whether this Synthetic Training Device is currently managed by ProSim Compliance Monitoring System & Configuration Control,System.Boolean,,TRUE,FALSE
global.managed.stdId,Globally unique synthetic training device id,System.String,,TRUE,FALSE
groundservice.groundpower,Electric ground service connection,System.Boolean,,TRUE,TRUE
groundservice.pneumatic,Pneumatic ground service connection,System.Boolean,,TRUE,TRUE
groundservice.pushback,Pushback service,System.Int32,,TRUE,TRUE
objects.LNAVHistory.value,JSON value,System.String,,TRUE,FALSE
"""_FuidPgwQxm7IT3ctYbNcRNIeWVG"": null,",,,,,
"""_13IRWbkp3x7jOMna6c25fEQV90p"": null,",,,,,
"""_v7V6FOLNWluv2lsvwNLBNPmOhKL"": 0,",,,,,
"""_f3GtuT54qtrnFt8hLlRBkoZXXYP"": null,",,,,,
"""_VNU2dmgKIl8djkvb2u0qrNICAtx"": false,",,,,,
"""_x6i1ERbpzoy7LNt6IqCecCUWrYe"": false",,,,,
},,,,,
,,,,,
simconnect.tick,Current SimConnect tick number,System.UInt64,,TRUE,FALSE
simconnect.ticksPerSecond,Current SimConnect ticks per second,System.Double,,TRUE,FALSE
simulator.aircraft.title,Title of aircraft loaded in simulator,System.String,,TRUE,FALSE
simulator.atcMenu.selectOption,Selects a certain menu option (values 0-9 are valid),System.Int32,,FALSE,TRUE
simulator.atcMenu.toggle,Toggles the simulator ATC menu,System.Boolean,,FALSE,TRUE
simulator.camera.main,Sets the main camera position,ProSimSDK.CameraPov,,FALSE,TRUE
simulator.connected,True if the underlying simulator is connected,System.Boolean,,TRUE,FALSE
simulator.controlloading.brunnerconnected,Get Brunner connection status,System.Boolean,,TRUE,TRUE
simulator.controlloading.brunnervalid,Check if Brunner control loading host and port are valid,System.Boolean,,TRUE,TRUE
simulator.controlloading.devicestates.copilot.aileron,Get copilot aileron device state,ProSimSDK.ControlLoadingDeviceStateType,,TRUE,TRUE
simulator.controlloading.devicestates.copilot.ailerontrim,Get copilot aileron trim device state,ProSimSDK.ControlLoadingDeviceStateType,,TRUE,TRUE
simulator.controlloading.devicestates.copilot.brakeleft,Get copilot brake left device state,ProSimSDK.ControlLoadingDeviceStateType,,TRUE,TRUE
simulator.controlloading.devicestates.copilot.brakeright,Get copilot brake right device state,ProSimSDK.ControlLoadingDeviceStateType,,TRUE,TRUE
simulator.controlloading.devicestates.copilot.collective,Get copilot collective device state,ProSimSDK.ControlLoadingDeviceStateType,,TRUE,TRUE
simulator.controlloading.devicestates.copilot.elevator,Get copilot elevator device state,ProSimSDK.ControlLoadingDeviceStateType,,TRUE,TRUE
simulator.controlloading.devicestates.copilot.elevatortrim,Get pilot elevator device state,ProSimSDK.ControlLoadingDeviceStateType,,TRUE,TRUE
simulator.controlloading.devicestates.copilot.nosewheel,Get copilot nose wheel device state,ProSimSDK.ControlLoadingDeviceStateType,,TRUE,TRUE
simulator.controlloading.devicestates.copilot.rudder,Get copilot rudder device state,ProSimSDK.ControlLoadingDeviceStateType,,TRUE,TRUE
simulator.controlloading.devicestates.copilot.ruddertrim,Get copilot rudder trim device state,ProSimSDK.ControlLoadingDeviceStateType,,TRUE,TRUE
simulator.controlloading.devicestates.general.speedbrake,Get general speedbrake device state,ProSimSDK.ControlLoadingDeviceStateType,,TRUE,TRUE
simulator.controlloading.devicestates.general.throttle1,Get general throttle 1 device state,ProSimSDK.ControlLoadingDeviceStateType,,TRUE,TRUE
simulator.controlloading.devicestates.general.throttle2,Get general throttle 2 device state,ProSimSDK.ControlLoadingDeviceStateType,,TRUE,TRUE
simulator.controlloading.devicestates.pilot.aileron,Get pilot aileron device state,ProSimSDK.ControlLoadingDeviceStateType,,TRUE,TRUE
simulator.controlloading.devicestates.pilot.ailerontrim,Get pilot aileron trim device state,ProSimSDK.ControlLoadingDeviceStateType,,TRUE,TRUE
simulator.controlloading.devicestates.pilot.brakeleft,Get pilot brake left device state,ProSimSDK.ControlLoadingDeviceStateType,,TRUE,TRUE
simulator.controlloading.devicestates.pilot.brakeright,Get pilot brake right device state,ProSimSDK.ControlLoadingDeviceStateType,,TRUE,TRUE
simulator.controlloading.devicestates.pilot.collective,Get pilot collective device state,ProSimSDK.ControlLoadingDeviceStateType,,TRUE,TRUE
simulator.controlloading.devicestates.pilot.elevator,Get pilot elevator device state,ProSimSDK.ControlLoadingDeviceStateType,,TRUE,TRUE
simulator.controlloading.devicestates.pilot.elevatortrim,Get pilot elevator trim device state,ProSimSDK.ControlLoadingDeviceStateType,,TRUE,TRUE
simulator.controlloading.devicestates.pilot.nosewheel,Get pilot nose wheel device state,ProSimSDK.ControlLoadingDeviceStateType,,TRUE,TRUE
simulator.controlloading.devicestates.pilot.rudder,Get pilot rudder device state,ProSimSDK.ControlLoadingDeviceStateType,,TRUE,TRUE
simulator.controlloading.devicestates.pilot.ruddertrim,Get pilot rudder trim device state,ProSimSDK.ControlLoadingDeviceStateType,,TRUE,TRUE
simulator.controlloading.simconnected,Get simulation connection status,System.Boolean,,TRUE,TRUE
simulator.flight.delete,Delete a flight by setting its file name,System.String,,FALSE,TRUE
simulator.flight.load,Load a flight by setting its file name,System.String,,FALSE,TRUE
simulator.flight.save,Save the current flight,ProSimSDK.FlightData,,FALSE,TRUE
simulator.frameRate,Simulator frame rate,System.Double,,TRUE,FALSE
simulator.freeze,Control for freezing the position(lat/lon) of the aircraft,System.Boolean,,TRUE,TRUE
simulator.freeze.alt,Control for freezing the altitude of the aircraft,System.Boolean,,TRUE,TRUE
simulator.freeze.att,Control for freezing the attitude of the aircraft,System.Boolean,,TRUE,TRUE
simulator.fuelFreeze,Control for enabling fuel freeze,System.Boolean,,TRUE,TRUE
simulator.fullFreeze,Control for pausing the simulator without pausing system simulation,System.Boolean,,TRUE,TRUE
simulator.jetway.toggle,Toggles the simulator jetway where supported by scenery,System.Boolean,,FALSE,TRUE
simulator.lastDebugPath,Path of last debug log written,System.String,,TRUE,FALSE
simulator.mute,Control for muting ProSimAudio instances,System.Boolean,,TRUE,TRUE
simulator.pause,Control for pausing the simulator,System.Boolean,,TRUE,TRUE
simulator.scenario.reset,Resets the loaded simulator scenario,System.Boolean,,FALSE,TRUE
simulator.sessionrecorder.elapsed.seconds,Session recorder elapsed time in seconds,System.Double,,TRUE,FALSE
simulator.sessionrecorder.filename,File name for session recording,System.String,,TRUE,TRUE
simulator.speed,Simulator simulation speed,System.Double,,TRUE,TRUE
simulator.time,Simulator time,System.DateTime,,TRUE,TRUE
simulator.view.command,Send a view command to the simulator,ProSimSDK.ViewCommand,,FALSE,TRUE
simulator.writeDebug,Control for creation of debug file in the specified path,System.String,,FALSE,TRUE
simulator.zuluTime,Simulator zulu time,System.TimeSpan,,TRUE,TRUE
system.analog.A_ASP_ADF_1_VOLUME,ASP ADF 1 vol volume [0 - 255],System.Int32,,TRUE,TRUE
system.analog.A_ASP_ADF_2_VOLUME,ASP ADF 2 vol volume [0 - 255],System.Int32,,TRUE,TRUE
system.analog.A_ASP_FLT_VOLUME,ASP FLT vol volume [0 - 255],System.Int32,,TRUE,TRUE
system.analog.A_ASP_HF_1_VOLUME,ASP HF 1 volume [0 - 255],System.Int32,,TRUE,TRUE
system.analog.A_ASP_HF_2_VOLUME,ASP HF 2 volume [0 - 255],System.Int32,,TRUE,TRUE
system.analog.A_ASP_MARKER_VOLUME,ASP Marker vol volume [0 - 255],System.Int32,,TRUE,TRUE
system.analog.A_ASP_NAV_1_VOLUME,ASP NAV 1 vol volume [0 - 255],System.Int32,,TRUE,TRUE
system.analog.A_ASP_NAV_2_VOLUME,ASP NAV 2 vol volume [0 - 255],System.Int32,,TRUE,TRUE
system.analog.A_ASP_PA_VOLUME,ASP PA vol volume [0 - 255],System.Int32,,TRUE,TRUE
system.analog.A_ASP_SAT_1_VOLUME,ASP SATCOM 1 vol volume [0 - 255],System.Int32,,TRUE,TRUE
system.analog.A_ASP_SAT_2_VOLUME,ASP SATCOM 2 vol volume [0 - 255],System.Int32,,TRUE,TRUE
system.analog.A_ASP_SPKR_VOLUME,ASP Spkr vol volume [0 - 255],System.Int32,,TRUE,TRUE
system.analog.A_ASP_SVC_VOLUME,ASP SVC vol volume [0 - 255],System.Int32,,TRUE,TRUE
system.analog.A_ASP_VHF_1_VOLUME,ASP VHF 1 vol volume [0 - 255],System.Int32,,TRUE,TRUE
system.analog.A_ASP_VHF_2_VOLUME,ASP VHF 2 vol volume [0 - 255],System.Int32,,TRUE,TRUE
system.analog.A_ASP_VHF_3_VOLUME,ASP VHF 3 vol volume [0 - 255],System.Int32,,TRUE,TRUE
system.analog.A_ASP2_ADF_1_VOLUME,ASP FO ADF 1 vol volume [0 - 255],System.Int32,,TRUE,TRUE
system.analog.A_ASP2_ADF_2_VOLUME,ASP FO ADF 2 vol volume [0 - 255],System.Int32,,TRUE,TRUE
system.analog.A_ASP2_FLT_VOLUME,ASP FO FLT vol volume [0 - 255],System.Int32,,TRUE,TRUE
system.analog.A_ASP2_HF_1_VOLUME,ASP FO HF 1 volume [0 - 255],System.Int32,,TRUE,TRUE
system.analog.A_ASP2_HF_2_VOLUME,ASP FO HF 2 volume [0 - 255],System.Int32,,TRUE,TRUE
system.analog.A_ASP2_MARKER_VOLUME,ASP FO Marker vol volume [0 - 255],System.Int32,,TRUE,TRUE
system.analog.A_ASP2_NAV_1_VOLUME,ASP FO NAV 1 vol volume [0 - 255],System.Int32,,TRUE,TRUE
system.analog.A_ASP2_NAV_2_VOLUME,ASP FO NAV 2 vol volume [0 - 255],System.Int32,,TRUE,TRUE
system.analog.A_ASP2_PA_VOLUME,ASP FO PA vol volume [0 - 255],System.Int32,,TRUE,TRUE
system.analog.A_ASP2_SAT_1_VOLUME,ASP FO SATCOM 1 vol volume [0 - 255],System.Int32,,TRUE,TRUE
system.analog.A_ASP2_SAT_2_VOLUME,ASP FO SATCOM 2 vol volume [0 - 255],System.Int32,,TRUE,TRUE
system.analog.A_ASP2_SPKR_VOLUME,ASP FO Spkr vol volume [0 - 255],System.Int32,,TRUE,TRUE
system.analog.A_ASP2_SVC_VOLUME,ASP FO SVC vol volume [0 - 255],System.Int32,,TRUE,TRUE
system.analog.A_ASP2_VHF_1_VOLUME,ASP FO VHF 1 vol volume [0 - 255],System.Int32,,TRUE,TRUE
system.analog.A_ASP2_VHF_2_VOLUME,ASP FO VHF 2 vol volume [0 - 255],System.Int32,,TRUE,TRUE
system.analog.A_ASP2_VHF_3_VOLUME,ASP FO VHF 3 vol volume [0 - 255],System.Int32,,TRUE,TRUE
system.analog.A_ASP3_ADF_1_VOLUME,ASP OBS ADF 1 vol volume [0 - 255],System.Int32,,TRUE,TRUE
system.analog.A_ASP3_ADF_2_VOLUME,ASP OBS ADF 2 vol volume [0 - 255],System.Int32,,TRUE,TRUE
system.analog.A_ASP3_FLT_VOLUME,ASP OBS FLT vol volume [0 - 255],System.Int32,,TRUE,TRUE
system.analog.A_ASP3_HF_1_VOLUME,ASP OBS HF 1 volume [0 - 255],System.Int32,,TRUE,TRUE
system.analog.A_ASP3_HF_2_VOLUME,ASP OBS HF 2 volume [0 - 255],System.Int32,,TRUE,TRUE
system.analog.A_ASP3_MARKER_VOLUME,ASP OBS Marker vol volume [0 - 255],System.Int32,,TRUE,TRUE
system.analog.A_ASP3_NAV_1_VOLUME,ASP OBS NAV 1 vol volume [0 - 255],System.Int32,,TRUE,TRUE
system.analog.A_ASP3_NAV_2_VOLUME,ASP OBS NAV 2 vol volume [0 - 255],System.Int32,,TRUE,TRUE
system.analog.A_ASP3_PA_VOLUME,ASP OBS PA vol volume [0 - 255],System.Int32,,TRUE,TRUE
system.analog.A_ASP3_SPKR_VOLUME,ASP OBS Spkr vol volume [0 - 255],System.Int32,,TRUE,TRUE
system.analog.A_ASP3_SVC_VOLUME,ASP OBS SVC vol volume [0 - 255],System.Int32,,TRUE,TRUE
system.analog.A_ASP3_VHF_1_VOLUME,ASP OBS VHF 1 vol volume [0 - 255],System.Int32,,TRUE,TRUE
system.analog.A_ASP3_VHF_2_VOLUME,ASP OBS VHF 2 vol volume [0 - 255],System.Int32,,TRUE,TRUE
system.analog.A_ASP3_VHF_3_VOLUME,ASP OBS VHF 3 vol volume [0 - 255],System.Int32,,TRUE,TRUE
system.analog.A_CDU1_BRIGHTNESS,CDU 1 brightness [40 - 255],System.Int32,,TRUE,TRUE
system.analog.A_CDU2_BRIGHTNESS,CDU 2 brightness [40 - 255],System.Int32,,TRUE,TRUE
system.analog.A_CHART_LIGHT_CAPT,Chart light captain [0 - 255],System.Int32,,TRUE,TRUE
system.analog.A_CHART_LIGHT_FO,Chart light F/O [0 - 255],System.Int32,,TRUE,TRUE
system.analog.A_COMBINED_THROTTLE_LEFT,Combined Throttle/Reverser input left [0 - 255],System.Int32,,TRUE,TRUE
system.analog.A_COMBINED_THROTTLE_RIGHT,Combined Throttle/Reverser input right [0 - 255],System.Int32,,TRUE,TRUE
system.analog.A_DOUBLE_FC_AILERON_CAPT,Aileron captain input [0 - 1024],System.Double,,TRUE,TRUE
system.analog.A_DOUBLE_FC_AILERON_FO,Aileron F/O input [0 - 1024],System.Double,,TRUE,TRUE
system.analog.A_DOUBLE_FC_ELEVATOR_CAPT,Elevator captain input [0 - 1024],System.Double,,TRUE,TRUE
system.analog.A_DOUBLE_FC_ELEVATOR_FO,Elevator F/O input [0 - 1024],System.Double,,TRUE,TRUE
system.analog.A_DOUBLE_FC_RUDDER_CAPT,Rudder captain input [0 - 1024],System.Double,,TRUE,TRUE
system.analog.A_DOUBLE_FC_RUDDER_FO,Rudder F/O input [0 - 1024],System.Double,,TRUE,TRUE
system.analog.A_DOUBLE_FC_TILLER_CAPT,Tiller captain input [0 - 1024],System.Double,,TRUE,TRUE
system.analog.A_DOUBLE_FC_TILLER_FO,Tiller F/O input [0 - 1024],System.Double,,TRUE,TRUE
system.analog.A_DOUBLE_FC_TOEBRAKE_LEFT_CAPT,Toebrake left captain input [0 - 1024],System.Double,,TRUE,TRUE
system.analog.A_DOUBLE_FC_TOEBRAKE_LEFT_FO,Toebrake left F/O input [0 - 1024],System.Double,,TRUE,TRUE
system.analog.A_DOUBLE_FC_TOEBRAKE_RIGHT_CAPT,Toebrake right captain input [0 - 1024],System.Double,,TRUE,TRUE
system.analog.A_DOUBLE_FC_TOEBRAKE_RIGHT_FO,Toebrake right F/O input [0 - 1024],System.Double,,TRUE,TRUE
system.analog.A_DOUBLE_FC_TRIM_AILERON,Aileron Trim analog input [0 - 200],System.Double,,TRUE,TRUE
system.analog.A_DOUBLE_FC_TRIM_ELEVATOR,Elevator trim analog input [0 - 200],System.Double,,TRUE,TRUE
system.analog.A_DOUBLE_FC_TRIM_RUDDER,Rudder Trim analog input [0 - 200],System.Double,,TRUE,TRUE
system.analog.A_DOUBLE_THROTTLE_LEFT,Throttle input left [0 - 255],System.Double,,TRUE,TRUE
system.analog.A_DOUBLE_THROTTLE_RIGHT,Throttle input right [0 - 255],System.Double,,TRUE,TRUE
system.analog.A_FC_AILERON_CAPT,Aileron captain input [0 - 1024],System.Int32,,TRUE,TRUE
system.analog.A_FC_AILERON_CL,Aileron control loaded input [-3000 - 3000],System.Int32,,TRUE,TRUE
system.analog.A_FC_AILERON_FO,Aileron F/O input [0 - 1024],System.Int32,,TRUE,TRUE
system.analog.A_FC_ELEVATOR_CAPT,Elevator captain input [0 - 1024],System.Int32,,TRUE,TRUE
system.analog.A_FC_ELEVATOR_CL,Elevator control loaded input [-3000 - 3000],System.Int32,,TRUE,TRUE
system.analog.A_FC_ELEVATOR_FO,Elevator F/O input [0 - 1024],System.Int32,,TRUE,TRUE
system.analog.A_FC_RUDDER_CAPT,Rudder captain input [0 - 1024],System.Int32,,TRUE,TRUE
system.analog.A_FC_RUDDER_CL,Rudder control loaded input [-3000 - 3000],System.Int32,,TRUE,TRUE
system.analog.A_FC_RUDDER_FO,Rudder F/O input [0 - 1024],System.Int32,,TRUE,TRUE
system.analog.A_FC_TILLER_CAPT,Tiller captain input [0 - 1024],System.Int32,,TRUE,TRUE
system.analog.A_FC_TILLER_FO,Tiller F/O input [0 - 1024],System.Int32,,TRUE,TRUE
system.analog.A_FC_TOEBRAKE_LEFT_CAPT,Toebrake left captain input [0 - 1024],System.Int32,,TRUE,TRUE
system.analog.A_FC_TOEBRAKE_LEFT_FO,Toebrake left F/O input [0 - 1024],System.Int32,,TRUE,TRUE
system.analog.A_FC_TOEBRAKE_RIGHT_CAPT,Toebrake right captain input [0 - 1024],System.Int32,,TRUE,TRUE
system.analog.A_FC_TOEBRAKE_RIGHT_FO,Toebrake right F/O input [0 - 1024],System.Int32,,TRUE,TRUE
system.analog.A_FC_TRIM_AILERON,Aileron Trim analog input [0 - 200],System.Int32,,TRUE,TRUE
system.analog.A_FC_TRIM_ELEVATOR,Elevator trim analog input [0 - 200],System.Int32,,TRUE,TRUE
system.analog.A_FC_TRIM_RUDDER,Rudder Trim analog input [0 - 200],System.Int32,,TRUE,TRUE
system.analog.A_FLAP,Flap input [0 - 8],System.Int32,,TRUE,TRUE
system.analog.A_MAP_LIGHT_CAPT,Map light captain [0 - 255],System.Int32,,TRUE,TRUE
system.analog.A_MAP_LIGHT_FO,Map light F/O [0 - 255],System.Int32,,TRUE,TRUE
system.analog.A_MIP_BRIGHTNESS_DU_L,Lower DU Brightness [40 - 255],System.Int32,,TRUE,TRUE
system.analog.A_MIP_BRIGHTNESS_DU_L_INNER,Lower DU Brightness Inner [40 - 255],System.Int32,,TRUE,TRUE
system.analog.A_MIP_BRIGHTNESS_DU_U,Upper DU Brightness [40 - 255],System.Int32,,TRUE,TRUE
system.analog.A_MIP_BRIGHTNESS_LI,Left Inboard Brightness [40 - 255],System.Int32,,TRUE,TRUE
system.analog.A_MIP_BRIGHTNESS_LI_INNER,Left Inboard Brightness Inner [40 - 255],System.Int32,,TRUE,TRUE
system.analog.A_MIP_BRIGHTNESS_LO,Left Outboard Brightness [40 - 255],System.Int32,,TRUE,TRUE
system.analog.A_MIP_BRIGHTNESS_RI,Right Inboard Brightness [40 - 255],System.Int32,,TRUE,TRUE
system.analog.A_MIP_BRIGHTNESS_RI_INNER,Right Inboard Brightness Inner [40 - 255],System.Int32,,TRUE,TRUE
system.analog.A_MIP_BRIGHTNESS_RO,Right Outboard Brightness [40 - 255],System.Int32,,TRUE,TRUE
system.analog.A_MIP_CAPT_LIGHT_PANEL,MIP panel capt light [0 - 255],System.Int32,,TRUE,TRUE
system.analog.A_MIP_FLOOD_AFDS,AFDS flood light [0 - 255],System.Int32,,TRUE,TRUE
system.analog.A_MIP_FLOOD_LIGHT,MIP flood light [0 - 255],System.Int32,,TRUE,TRUE
system.analog.A_MIP_FO_LIGHT_PANEL,MIP panel fo light [0 - 255],System.Int32,,TRUE,TRUE
system.analog.A_MIP_MCP_BACKGROUND,MCP background light [0 - 255],System.Int32,,TRUE,TRUE
system.analog.A_MIP_PANEL,Panel lights [0 - 255],System.Int32,,TRUE,TRUE
system.analog.A_OH_CB_LIGHT_PANEL,Overhead CB light [0 - 255],System.Int32,,TRUE,TRUE
system.analog.A_OH_LIGHT_PANEL,Overhead panel light [0 - 255],System.Int32,,TRUE,TRUE
system.analog.A_PED_LIGHT_PANEL,Pedestal panel light [0 - 255],System.Int32,,TRUE,TRUE
system.analog.A_RMP1_SENSE,RMP Capt sense [0 - 255],System.Int32,,TRUE,TRUE
system.analog.A_RMP2_SENSE,RMP F/O sense [0 - 255],System.Int32,,TRUE,TRUE
system.analog.A_SPEEDBRAKE,Speedbrake input [0 - 255],System.Int32,,TRUE,TRUE
system.analog.A_THROTTLE_LEFT,Throttle input left [0 - 255],System.Int32,,TRUE,TRUE
system.analog.A_THROTTLE_REVERSE_LEFT,Throttle reverser input left [0 - 255],System.Int32,,TRUE,TRUE
system.analog.A_THROTTLE_REVERSE_RIGHT,Throttle reverser input right [0 - 255],System.Int32,,TRUE,TRUE
system.analog.A_THROTTLE_RIGHT,Throttle input right [0 - 255],System.Int32,,TRUE,TRUE
system.analog.A_WR_GAIN,Weather Radar Gain [0 - 10],System.Int32,,TRUE,TRUE
system.analog.A_WR_GAIN_RIGHT,Weather Radar Gain Right [0 - 10],System.Int32,,TRUE,TRUE
system.analog.A_WR_TILT,Weather Radar Tilt [-15 - 15],System.Int32,,TRUE,TRUE
system.analog.A_WR_TILT_RIGHT,Weather Radar Tilt Right [-15 - 15],System.Int32,,TRUE,TRUE
system.analog.R_ADF1_ACTIVE,Radio freq input ADF1 [0 - 999999],System.Int32,,TRUE,TRUE
system.analog.R_ADF1_STANDBY,Radio standby freq input ADF1 [0 - 999999],System.Int32,,TRUE,TRUE
system.analog.R_ADF2_ACTIVE,Radio freq input ADF2 [0 - 999999],System.Int32,,TRUE,TRUE
system.analog.R_ADF2_STANDBY,Radio standby freq input ADF2 [0 - 999999],System.Int32,,TRUE,TRUE
system.analog.R_COM1_ACTIVE,Radio freq input COM1 [0 - 999999],System.Int32,,TRUE,TRUE
system.analog.R_COM1_STANDBY,Radio standby freq input COM1 [0 - 999999],System.Int32,,TRUE,TRUE
system.analog.R_COM2_ACTIVE,Radio freq input COM2 [0 - 999999],System.Int32,,TRUE,TRUE
system.analog.R_COM2_STANDBY,Radio standby freq input COM2 [0 - 999999],System.Int32,,TRUE,TRUE
system.analog.R_COM3_ACTIVE,Radio freq input COM3 [0 - 999999],System.Int32,,TRUE,TRUE
system.analog.R_COM3_STANDBY,Radio standby freq input COM3 [0 - 999999],System.Int32,,TRUE,TRUE
system.analog.R_HF1_ACTIVE,Radio freq input HF1 [0 - 999999],System.Int32,,TRUE,TRUE
system.analog.R_HF2_ACTIVE,Radio freq input HF2 [0 - 999999],System.Int32,,TRUE,TRUE
system.analog.R_NAV1_ACTIVE,Radio freq input NAV1 [0 - 999999],System.Int32,,TRUE,TRUE
system.analog.R_NAV1_STANDBY,Radio standby freq input NAV1 [0 - 999999],System.Int32,,TRUE,TRUE
system.analog.R_NAV2_ACTIVE,Radio freq input NAV2 [0 - 999999],System.Int32,,TRUE,TRUE
system.analog.R_NAV2_STANDBY,Radio standby freq input NAV2 [0 - 999999],System.Int32,,TRUE,TRUE
system.analog.R_XPDR,Radio freq input XPDR [0 - 999999],System.Int32,,TRUE,TRUE
system.analog.R_XPDR2,Radio freq input XPDR2 [0 - 999999],System.Int32,,TRUE,TRUE
system.analog.V_MCP_ALT,MCP ALT VAL [0 - 50000],System.Int32,,TRUE,TRUE
system.analog.V_MCP_COURSE1,MCP COURSE 1 VAL [0 - 359],System.Int32,,TRUE,TRUE
system.analog.V_MCP_COURSE2,MCP COURSE 2 VAL [0 - 359],System.Int32,,TRUE,TRUE
system.analog.V_MCP_HEADING,MCP HEADING VAL [0 - 359],System.Int32,,TRUE,TRUE
system.analog.V_MCP_SPEED,MCP SPEED VAL [10 - 400],System.Int32,,TRUE,TRUE
system.analog.V_MCP_VS,MCP V/S VAL [-6000 - 6000],System.Int32,,TRUE,TRUE
system.analog.V_OH_AFTCAB,AFT CAB selector [0 - 255],System.Int32,,TRUE,TRUE
system.analog.V_OH_CONTCAB,CONT CAB selector [0 - 255],System.Int32,,TRUE,TRUE
system.analog.V_OH_FLTALT,Flight alt in [-1000 - 42000],System.Int32,,TRUE,TRUE
system.analog.V_OH_FWDCAB,FWD CAB selector [0 - 255],System.Int32,,TRUE,TRUE
system.analog.V_OH_LANDALT,Land alt in [-1000 - 14000],System.Int32,,TRUE,TRUE
system.audio.Airspeed_Low,Airspeed Low,System.Byte,,TRUE,FALSE
system.audio.Airstairs_sound,Airstairs sound,System.Byte,,TRUE,FALSE
system.audio.Altitude_alert,Altitude alert,System.Byte,,TRUE,FALSE
system.audio.Approaching_Minimums,Approaching Minimums,System.Byte,,TRUE,FALSE
system.audio.Autopilot_Disconnect,Autopilot Disconnect,System.Byte,,TRUE,FALSE
system.audio.Bank_angle,Bank angle,System.Byte,,TRUE,FALSE
system.audio.Battery_sound,Battery sound,System.Byte,,TRUE,FALSE
system.audio.Cabin_alt_audio,Cabin alt audio,System.Byte,,TRUE,FALSE
system.audio.Caution_terrain,Caution terrain,System.Byte,,TRUE,FALSE
system.audio.Cockpit_fans_sound,Cockpit fans sound,System.Byte,,TRUE,FALSE
system.audio.Dont_sink,Dont sink,System.Byte,,TRUE,FALSE
system.audio.Fire_audio,Fire audio,System.Byte,,TRUE,FALSE
system.audio.Gear_warning,Gear warning,System.Byte,,TRUE,FALSE
system.audio.Glideslope,Glideslope,System.Byte,,TRUE,FALSE
system.audio.GPWS_10,GPWS 10,System.Byte,,TRUE,FALSE
system.audio.GPWS_100,GPWS 100,System.Byte,,TRUE,FALSE
system.audio.GPWS_1000,GPWS 1000,System.Byte,,TRUE,FALSE
system.audio.GPWS_20,GPWS 20,System.Byte,,TRUE,FALSE
system.audio.GPWS_200,GPWS 200,System.Byte,,TRUE,FALSE
system.audio.GPWS_2500,GPWS 2500,System.Byte,,TRUE,FALSE
system.audio.GPWS_30,GPWS 30,System.Byte,,TRUE,FALSE
system.audio.GPWS_300,GPWS 300,System.Byte,,TRUE,FALSE
system.audio.GPWS_40,GPWS 40,System.Byte,,TRUE,FALSE
system.audio.GPWS_400,GPWS 400,System.Byte,,TRUE,FALSE
system.audio.GPWS_50,GPWS 50,System.Byte,,TRUE,FALSE
system.audio.GPWS_500,GPWS 500,System.Byte,,TRUE,FALSE
system.audio.Ground_call,Ground call,System.Byte,,TRUE,FALSE
system.audio.Gyro_sound,Gyro sound,System.Byte,,TRUE,FALSE
system.audio.High_Chime,High Chime,System.Byte,,TRUE,FALSE
system.audio.High-Low_Chime,High-Low Chime,System.Byte,,TRUE,FALSE
system.audio.Hydraulics_sound,Hydraulics sound,System.Byte,,TRUE,FALSE
system.audio.Low_Chime,Low Chime,System.Byte,,TRUE,FALSE
system.audio.Minimums,Minimums,System.Byte,,TRUE,FALSE
system.audio.No_Smoking_Audio,No Smoking Audio,System.Byte,,TRUE,FALSE
system.audio.Overspeed,Overspeed,System.Byte,,TRUE,FALSE
system.audio.Oxygen_test_Captain_sound,Oxygen test Captain sound,System.Byte,,TRUE,FALSE
system.audio.Oxygen_test_First_Officer_sound,Oxygen test First Officer sound,System.Byte,,TRUE,FALSE
system.audio.Packs_left_sound,Packs left sound,System.Byte,,TRUE,FALSE
system.audio.Packs_right_sound,Packs right sound,System.Byte,,TRUE,FALSE
system.audio.Plus_100,Plus 100,System.Byte,,TRUE,FALSE
system.audio.Pullup,Pullup,System.Byte,,TRUE,FALSE
system.audio.PWS_Caution,PWS Caution,System.Byte,,TRUE,FALSE
system.audio.PWS_Warning_Landing,PWS Warning Landing,System.Byte,,TRUE,FALSE
system.audio.PWS_Warning_Take_Off,PWS Warning Take Off,System.Byte,,TRUE,FALSE
system.audio.Seatbelt_Audio,Seatbelt Audio,System.Byte,,TRUE,FALSE
system.audio.Sinkrate,Sinkrate,System.Byte,,TRUE,FALSE
system.audio.Stick_shaker_capt_sound,Stick shaker capt sound,System.Byte,,TRUE,FALSE
system.audio.Stick_shaker_fo_sound,Stick shaker fo sound,System.Byte,,TRUE,FALSE
system.audio.Takeoff_Config,Takeoff Config,System.Byte,,TRUE,FALSE
system.audio.TCAS_clear_of_conflict,TCAS clear of conflict,System.Byte,,TRUE,FALSE
system.audio.TCAS_Climb,TCAS Climb,System.Byte,,TRUE,FALSE
system.audio.TCAS_Climb_now,TCAS Climb now,System.Byte,,TRUE,FALSE
system.audio.TCAS_Crossing_Climb,TCAS Crossing Climb,System.Byte,,TRUE,FALSE
system.audio.TCAS_Crossing_Descend,TCAS Crossing Descend,System.Byte,,TRUE,FALSE
system.audio.TCAS_Descend,TCAS Descend,System.Byte,,TRUE,FALSE
system.audio.TCAS_Descend_now,TCAS Descend now,System.Byte,,TRUE,FALSE
system.audio.TCAS_increase_climb,TCAS increase climb,System.Byte,,TRUE,FALSE
system.audio.TCAS_increase_descend,TCAS increase descend,System.Byte,,TRUE,FALSE
system.audio.TCAS_Level_off,TCAS Level off,System.Byte,,TRUE,FALSE
system.audio.TCAS_monitor_vertical_speed,TCAS monitor vertical speed,System.Byte,,TRUE,FALSE
system.audio.TCAS_Test_OK,TCAS Test OK,System.Byte,,TRUE,FALSE
system.audio.TCAS_traffic,TCAS traffic,System.Byte,,TRUE,FALSE
system.audio.Terrain_ahead,Terrain ahead,System.Byte,,TRUE,FALSE
system.audio.Terrain_ahead_pullup,Terrain ahead pullup,System.Byte,,TRUE,FALSE
system.audio.Too_low_flap,Too low flap,System.Byte,,TRUE,FALSE
system.audio.Too_low_gear,Too low gear,System.Byte,,TRUE,FALSE
system.audio.Too_low_terrain,Too low terrain,System.Byte,,TRUE,FALSE
system.audio.Trim_wheel_sound,Trim wheel sound,System.Byte,,TRUE,FALSE
system.audio.V1_sound,V1 sound,System.Byte,,TRUE,FALSE
system.audio.V2_sound,V2 sound,System.Byte,,TRUE,FALSE
system.audio.Vibrator_sound,Vibrator sound,System.Byte,,TRUE,FALSE
system.audio.VRotate_sound,VRotate sound,System.Byte,,TRUE,FALSE
system.audio.Windshear,Windshear,System.Byte,,TRUE,FALSE
system.audio.Wiper_left_High_sound,Wiper left High sound,System.Byte,,TRUE,FALSE
system.audio.Wiper_left_Int_sound,Wiper left Int sound,System.Byte,,TRUE,FALSE
system.audio.Wiper_left_Low_sound,Wiper left Low sound,System.Byte,,TRUE,FALSE
system.audio.Wiper_right_High_sound,Wiper right High sound,System.Byte,,TRUE,FALSE
system.audio.Wiper_right_Int_sound,Wiper right Int sound,System.Byte,,TRUE,FALSE
system.audio.Wiper_right_Low_sound,Wiper right Low sound,System.Byte,,TRUE,FALSE
system.config.AC OPTIONS.AspiratedTAT,34: Aspirated TAT probe,System.Boolean,,TRUE,TRUE
system.config.AC OPTIONS.EngineRating,34: Engine rating,System.String,"24k,26k",TRUE,TRUE
system.config.AC OPTIONS.HiAltLandOption,36: High Altitude Landing Option,System.Boolean,,TRUE,TRUE
system.config.AC OPTIONS.IAN,34: IAN,System.Boolean,,TRUE,TRUE
system.config.AC OPTIONS.NPS,31: NPS,System.Boolean,,TRUE,TRUE
system.config.AC OPTIONS.RCAS,RCAS,System.Boolean,,TRUE,TRUE
system.config.AC OPTIONS.seatbeltAltitude,25: Seatbelt auto 10k feet option,System.Boolean,,TRUE,TRUE
system.config.AC OPTIONS.sfp,115: Short field Package,System.Boolean,,TRUE,TRUE
system.config.AC OPTIONS.TerrainDisplayCyan,31: Terrain Display Cyan,System.Boolean,,TRUE,TRUE
system.config.AC OPTIONS.TerrainMode,115: Terrain Mode,System.String,"SIMPLE,ADVANCED",TRUE,TRUE
system.config.AC OPTIONS.TerrainPeaks,31: Terrain Peaks,System.Boolean,,TRUE,TRUE
system.config.AC OPTIONS.wxRadarModel,115: Weather radar mode,System.String,"Single,Dual",TRUE,TRUE
system.config.AFDS FMS.AcquisitionAlt,22: Acquisition alert altitude,System.String,"750 ft,900 ft",TRUE,TRUE
system.config.AFDS FMS.altIntvMode,34: ALT INT mode,System.String,"Delete all restrictions to MCP altitude,Delete first restriction only",TRUE,TRUE
system.config.AFDS FMS.APPCourseError,115: RW/APP CRS error message,System.Boolean,,TRUE,TRUE
system.config.AFDS FMS.appRefOnGround,34: Allow APP REF on ground,System.Boolean,,TRUE,TRUE
system.config.AFDS FMS.climbSpeed,22: Takeoff speed,System.String,"V2 + 15,V2 + 20",TRUE,TRUE
system.config.AFDS FMS.commonVnav,34: Common VNAV,System.Boolean,,TRUE,TRUE
system.config.AFDS FMS.crzTripLimited,34: Limit CRZ to TRIP alt,System.Boolean,,TRUE,TRUE
system.config.AFDS FMS.energyCompensation,34: VNAV Energy Compensation,System.Boolean,,TRUE,TRUE
system.config.AFDS FMS.FIX_PAGES,34: FIX pages,System.String,"6,4,2",TRUE,TRUE
system.config.AFDS FMS.fmsFlapHandleSource,115: Flap source,System.String,"Handle,Position",TRUE,TRUE
system.config.AFDS FMS.FMSReset,115: Reset FMS after landing,System.Boolean,,TRUE,TRUE
system.config.AFDS FMS.GlobalExecLight,Enable Global MCDU Exec,System.Boolean,,TRUE,TRUE
system.config.AFDS FMS.qrhSpeedsDefault,34: QRH Speeds Default,System.Boolean,,TRUE,TRUE
system.config.AFDS FMS.referenceN1Readout,31: Reference N1 Readout(AUTO),System.Boolean,,TRUE,TRUE
system.config.AFDS FMS.referenceN1WithAssumedTemp,31: Reference N1(AUTO) with assumed temp,System.Boolean,,TRUE,TRUE
system.config.AFDS FMS.takeoffHDG,22: Takeoff lateral mode,System.String,"Blank,HDG SEL",TRUE,TRUE
system.config.AFDS FMS.thrustModeDisplay,31: Thrust Mode Display header,System.String,"Option 1,Option 2",TRUE,TRUE
system.config.AFDS FMS.useSingleClick,34: Single click to select QRH speed,System.Boolean,,TRUE,TRUE
system.config.AFDS FMS.vnavAlt,34: VNAV ALT,System.Boolean,,TRUE,TRUE
system.config.AFDS FMS.vnavSpeedLowerLimit,34: VNAV Speed lower limit,System.String,"-5,-10,-15",TRUE,TRUE
system.config.AFDS FMS.vnavSpeedUpperLimit,34: VNAV Speed upper limit,System.String,"+5,+10,+15",TRUE,TRUE
system.config.AFDS FMS.vsReversion,22: VS-LVLCHG reversion,System.Boolean,,TRUE,TRUE
system.config.AUDIO.AirspeedLow,34: Airspeed Low alert,System.Boolean,,TRUE,TRUE
system.config.AUDIO.AltAlert,34: Altitude alert,System.Boolean,,TRUE,TRUE
system.config.AUDIO.AlternativeTerrainCautionAudio,115: Use the alternative terrain caution alert,System.Boolean,,TRUE,TRUE
system.config.AUDIO.APMinimums,34: Minimums callout,System.String,"Approaching minimums,Plus 100",TRUE,TRUE
system.config.AUDIO.GPWS10,34: GPWS 10,System.Boolean,,TRUE,TRUE
system.config.AUDIO.GPWS100,34: GPWS 100,System.Boolean,,TRUE,TRUE
system.config.AUDIO.GPWS1000,34: GPWS 1000,System.Boolean,,TRUE,TRUE
system.config.AUDIO.GPWS20,34: GPWS 20,System.Boolean,,TRUE,TRUE
system.config.AUDIO.GPWS200,34: GPWS 200,System.Boolean,,TRUE,TRUE
system.config.AUDIO.GPWS2500,34: GPWS 2500,System.Boolean,,TRUE,TRUE
system.config.AUDIO.GPWS30,34: GPWS 30,System.Boolean,,TRUE,TRUE
system.config.AUDIO.GPWS300,34: GPWS 300,System.Boolean,,TRUE,TRUE
system.config.AUDIO.GPWS40,34: GPWS 40,System.Boolean,,TRUE,TRUE
system.config.AUDIO.GPWS400,34: GPWS 400,System.Boolean,,TRUE,TRUE
system.config.AUDIO.GPWS50,34: GPWS 50,System.Boolean,,TRUE,TRUE
system.config.AUDIO.GPWS500,34: GPWS 500,System.String,"OFF,ON,SMART",TRUE,TRUE
system.config.AUDIO.gpwsGearLogic,34: GPWS gear logic,System.Boolean,,TRUE,TRUE
system.config.AUDIO.rfcfInhibit,115: EGPWS RFCF inhibit,System.Boolean,,TRUE,TRUE
system.config.AUDIO.tcfInhibit,115: EGPWS TCF inhibit,System.Boolean,,TRUE,TRUE
system.config.AUDIO.terrainAheadInhibit,115: EGPWS terrain ahead inhibit,System.Boolean,,TRUE,TRUE
system.config.AUDIO.voiceAtis,115: Voice ATIS,System.Boolean,,TRUE,TRUE
system.config.cockpitSetup.current,Returns name of currently load cockpit setup,System.String,,TRUE,FALSE
system.config.cockpitSetup.delete,Deletes cockpit setup with given name,System.String,,FALSE,TRUE
system.config.cockpitSetup.load,Loads cockpit setup with given name,System.String,,FALSE,TRUE
system.config.cockpitSetup.store,Stores cockpit setup as cockpit setup with given name,System.String,,FALSE,TRUE
system.config.CONFIG.AirStairsControl,115: Air Stairs Control,System.String,"ProSim,External",TRUE,TRUE
system.config.CONFIG.AlternatePause,115: Use alternate pause,System.Boolean,,TRUE,TRUE
system.config.CONFIG.apDisconnectWarning,22: AP Disconnect Warning,System.String,"CMD Only,CMD + CWS Reversion",TRUE,TRUE
system.config.CONFIG.APEngageLogic,22: A/P Engage Logic,System.String,"Unrealistic,Realistic",TRUE,TRUE
system.config.CONFIG.Attend,25: Attend indicator,System.String,"Blink,Steady,Blink 10 sec,Steady 10 sec,Blink 10 sec + Reset Call,Steady 10 sec + Reset Call",TRUE,TRUE
system.config.CONFIG.AttendCallOn,25: Call indicator ON when pressing the attend button,System.Boolean,,TRUE,TRUE
system.config.CONFIG.autoFailure,115: Failures: Auto failures,System.String,"None,Minor,All",TRUE,TRUE
system.config.CONFIG.autoMute,115: Auto Mute,System.Boolean,,TRUE,TRUE
system.config.CONFIG.AutopilotPitchChannel,115: Autopilot Pitch Channel,System.String,"Trim,Elevator",TRUE,TRUE
system.config.CONFIG.avgPaxWeight,115: Avg PAX weight,System.String,"77,84,88",TRUE,TRUE
system.config.CONFIG.DoorControl,115: Door Control,System.String,"ProSim,External",TRUE,TRUE
system.config.CONFIG.engineAutoRestart,115: Automatically restart engine after failure cleared,System.Boolean,,TRUE,TRUE
system.config.CONFIG.EntryDoor,115: Entry Door C&D State,System.String,"Closed,Open",TRUE,TRUE
system.config.CONFIG.failureRate,115: Failures: Maintenance,System.String,"Realistic,High",TRUE,TRUE
system.config.CONFIG.gpuControl,115: GND CALL controls GPU,System.Boolean,,TRUE,TRUE
system.config.CONFIG.groundHorn,115: Automatic ground call,System.Boolean,,TRUE,TRUE
system.config.CONFIG.irsAlignmentTime,115: IRS alignment time,System.String,"Normal,Quick",TRUE,TRUE
system.config.CONFIG.legacyRadios,23: Use legacy radios (5 digits),System.Boolean,,TRUE,TRUE
system.config.CONFIG.NavdataSource,115: Navaid virtualization,System.Boolean,,TRUE,TRUE
system.config.CONFIG.PAPIFix,Align G/S to PAPI,System.Boolean,,TRUE,TRUE
system.config.CONFIG.Repositioning,115: Repositioning,System.String,"Always quick,Automatic,Always full,Stable,Stable/Blank displays",TRUE,TRUE
system.config.CONFIG.rmiEfisLink,115: Slave RMI switches to Capt EFIS,System.Boolean,,TRUE,TRUE
system.config.CONFIG.SlaveFOEFIS,115: Slave FO EFIS to Capt EFIS,System.Boolean,,TRUE,TRUE
system.config.CONFIG.SlaveISFDBaroToCaptEFIS,115: Slave ISFD barometric setting to Capt EFIS,System.Boolean,,TRUE,TRUE
system.config.CONFIG.startUpGndPwr,115: Default ground power at start up,System.String,"Disconnected,Connected",TRUE,TRUE
system.config.CONFIG.useARPElevation,115: Use ARP elevation as runway elevation,System.Boolean,,TRUE,TRUE
system.config.CONFIG.VoiceChannelSpacing,23: Voice Channel Spacing,System.String,"25Khz,8.33Khz",TRUE,TRUE
system.config.DATALINK.datalinkAdvisories,Datalink advisories in EICAS,System.Boolean,,TRUE,TRUE
system.config.DATALINK.DatalinkATISProvider,ATIS provider,System.String,"Hoppie,VATSIM,Generic ATIS",TRUE,TRUE
system.config.DATALINK.DatalinkChime,Datalink Chime,System.String,"None,All,Sterile Cockpit",TRUE,TRUE
system.config.DATALINK.DatalinkLoadsheetProvider,Loadsheet provider,System.String,"Simbrief,Hoppie",TRUE,TRUE
system.config.DATALINK.DatalinkMetarProvider,Metar provider,System.String,"Online weather,Simulator weather",TRUE,TRUE
system.config.DATALINK.loadCargo,Load Cargo/PAX,System.Boolean,,TRUE,TRUE
system.config.DATALINK.loadFuel,Load Fuel,System.Boolean,,TRUE,TRUE
system.config.DISPLAY.AOA,31: AOA Indicator,System.Boolean,,TRUE,TRUE
system.config.DISPLAY.BrakeTemp,31: Brake temperature,System.Boolean,,TRUE,TRUE
system.config.DISPLAY.compactEngineDisplayOption,31: Compact engine display control,System.String,"Auto,Manual",TRUE,TRUE
system.config.DISPLAY.CourseLines,31: Course lines,System.Boolean,,TRUE,TRUE
system.config.DISPLAY.EFISLayout,31: EICAS layout,System.String,"Over/Under,Side by Side",TRUE,TRUE
system.config.DISPLAY.flightSurfaces,31: Flight surfaces,System.Boolean,,TRUE,TRUE
system.config.DISPLAY.FuelOldStyle,31: Fuel gauges,System.String,"New style,Old style",TRUE,TRUE
system.config.DISPLAY.GaugeBacklight,115: Gauge Backlight,System.String,"Dimmable,Always On",TRUE,TRUE
system.config.DISPLAY.GroundSpeed,31: Groundspeed in speedtape,System.Boolean,,TRUE,TRUE
system.config.DISPLAY.Layout,31: Layout,System.String,"Normal,EFIS",TRUE,TRUE
system.config.DISPLAY.ManualThrottle,115: Show manual throttle position in EICAS,System.Boolean,,TRUE,TRUE
system.config.DISPLAY.Orientation,31: Orientation:Map,System.String,"Track up,Heading up",TRUE,TRUE
system.config.DISPLAY.OrientationVor,31: Orientation:Vor,System.String,"Track up,Heading up",TRUE,TRUE
system.config.DISPLAY.ParkedVref,31: Parked VREF,System.Boolean,,TRUE,TRUE
system.config.DISPLAY.radioAltimeter,31: Radio Altimeter,System.String,"Digital,Analog",TRUE,TRUE
system.config.DISPLAY.RangeRings,31: Range rings,System.Boolean,,TRUE,TRUE
system.config.DISPLAY.RisingRunway,31: Rising runway,System.Boolean,,TRUE,TRUE
system.config.DISPLAY.showSimState,115: Sim state in PFD,System.Boolean,,TRUE,TRUE
system.config.DISPLAY.showTrimValue,115: Show trim value,System.Boolean,,TRUE,TRUE
system.config.DISPLAY.singleCue,31: Single cue F/D,System.Boolean,,TRUE,TRUE
system.config.DISPLAY.supressExcessData,115: Suppress EXCESS DATA message,System.Boolean,,TRUE,TRUE
system.config.DISPLAY.TCASRangeRings,31: TCAS range rings,System.Boolean,,TRUE,TRUE
system.config.DISPLAY.TrimIndicator,115: Trim indicator upper,System.Boolean,,TRUE,TRUE
system.config.DISPLAY.TrimIndicatorLower,115: Trim indicator lower,System.Boolean,,TRUE,TRUE
system.config.DISPLAY.upperFuelFlow,31: Show fuel flow in upper EICAS,System.Boolean,,TRUE,TRUE
system.config.DISPLAY.VSD,31: Vertical Situation Display,System.Boolean,,TRUE,TRUE
system.config.DISPLAY.wxRadarResolution,115: WX radar resolution (px / nm),System.String,"20,10,5",TRUE,TRUE
system.config.MISC.dualElevatorTrimSwitches,115: Elevator trim switches,System.String,"SINGLE,DUAL",TRUE,TRUE
system.config.Units.Barodefault,31: Default baro,System.String,"HectoPascal,Inches",TRUE,TRUE
system.config.Units.TemperatureUnit,31: Temperature,System.String,"C,F",TRUE,TRUE
system.config.Units.Time,31: Time,System.String,"Local time,UTC,FS time",TRUE,TRUE
system.config.Units.WeightUnit,31: Weight,System.String,"KG,LBS",TRUE,TRUE
system.encoders.E_FLIGHTALT,Flight alt in encoder,System.Int32,,FALSE,TRUE
system.encoders.E_LANDALT,Land alt in encoder,System.Int32,,FALSE,TRUE
system.encoders.E_MCP_ALT,MCP ALT VAL encoder,System.Int32,,FALSE,TRUE
system.encoders.E_MCP_COURSE1,MCP COURSE 1 VAL encoder,System.Int32,,FALSE,TRUE
system.encoders.E_MCP_COURSE2,MCP COURSE 2 VAL encoder,System.Int32,,FALSE,TRUE
system.encoders.E_MCP_EFIS1_BARO,EFIS 1 baro,System.Int32,,FALSE,TRUE
system.encoders.E_MCP_EFIS1_MINIMUMS,EFIS 1 minimums,System.Int32,,FALSE,TRUE
system.encoders.E_MCP_EFIS2_BARO,EFIS 2 baro,System.Int32,,FALSE,TRUE
system.encoders.E_MCP_EFIS2_MINIMUMS,EFIS 2 minimums,System.Int32,,FALSE,TRUE
system.encoders.E_MCP_HEADING,MCP HEADING VAL encoder,System.Int32,,FALSE,TRUE
system.encoders.E_MCP_SPEED,MCP SPEED VAL encoder,System.Int32,,FALSE,TRUE
system.encoders.E_MCP_VS,MCP V/S VAL encoder,System.Int32,,FALSE,TRUE
system.encoders.E_MIP_CHRONO_CAPT_ENCODER,Chrono capt encoder,System.Int32,,FALSE,TRUE
system.encoders.E_MIP_CHRONO_FO_ENCODER,Chrono f/o encoder,System.Int32,,FALSE,TRUE
system.encoders.E_MIP_ISFD_BARO,ISFD baro encoder,System.Int32,,FALSE,TRUE
system.encoders.E_MIP_N1_SET,N1 SET Rotary,System.Int32,,FALSE,TRUE
system.encoders.E_MIP_SPD_REF,SPD REF Rotary,System.Int32,,FALSE,TRUE
system.encoders.E_RADIO_ADF1_HUNDREDS,Radio ADF1 hundreds active,System.Int32,,FALSE,TRUE
system.encoders.E_RADIO_ADF1_INNER,Radio ADF1 inner shaft,System.Int32,,FALSE,TRUE
system.encoders.E_RADIO_ADF1_INNER_ACTIVE,Radio ADF1 inner shaft active,System.Int32,,FALSE,TRUE
system.encoders.E_RADIO_ADF1_OUTER,Radio ADF1 outer shaft,System.Int32,,FALSE,TRUE
system.encoders.E_RADIO_ADF1_OUTER_ACTIVE,Radio ADF1 outer shaft active,System.Int32,,FALSE,TRUE
system.encoders.E_RADIO_ADF2_HUNDREDS,Radio ADF2 hundreds active,System.Int32,,FALSE,TRUE
system.encoders.E_RADIO_ADF2_INNER,Radio ADF2 inner shaft,System.Int32,,FALSE,TRUE
system.encoders.E_RADIO_ADF2_INNER_ACTIVE,Radio ADF2 inner shaft active,System.Int32,,FALSE,TRUE
system.encoders.E_RADIO_ADF2_OUTER,Radio ADF2 outer shaft,System.Int32,,FALSE,TRUE
system.encoders.E_RADIO_ADF2_OUTER_ACTIVE,Radio ADF2 outer shaft active,System.Int32,,FALSE,TRUE
system.encoders.E_RADIO_COM1_INNER,Radio COM1 inner shaft,System.Int32,,FALSE,TRUE
system.encoders.E_RADIO_COM1_OUTER,Radio COM1 outer shaft,System.Int32,,FALSE,TRUE
system.encoders.E_RADIO_COM2_INNER,Radio COM2 inner shaft,System.Int32,,FALSE,TRUE
system.encoders.E_RADIO_COM2_OUTER,Radio COM2 outer shaft,System.Int32,,FALSE,TRUE
system.encoders.E_RADIO_COM3_INNER,Radio COM3 inner shaft,System.Int32,,FALSE,TRUE
system.encoders.E_RADIO_COM3_OUTER,Radio COM3 outer shaft,System.Int32,,FALSE,TRUE
system.encoders.E_RADIO_NAV1_INNER,Radio NAV1 inner shaft,System.Int32,,FALSE,TRUE
system.encoders.E_RADIO_NAV1_OUTER,Radio NAV1 outer shaft,System.Int32,,FALSE,TRUE
system.encoders.E_RADIO_NAV2_INNER,Radio NAV2 inner shaft,System.Int32,,FALSE,TRUE
system.encoders.E_RADIO_NAV2_OUTER,Radio NAV2 outer shaft,System.Int32,,FALSE,TRUE
system.encoders.E_RADIO_RMP1_INNER,RMP Capt inner encoder,System.Int32,,FALSE,TRUE
system.encoders.E_RADIO_RMP1_OUTER,RMP Capt outer encoder,System.Int32,,FALSE,TRUE
system.encoders.E_RADIO_RMP2_INNER,RMP F/O inner encoder,System.Int32,,FALSE,TRUE
system.encoders.E_RADIO_RMP2_OUTER,RMP F/O outer encoder,System.Int32,,FALSE,TRUE
system.encoders.E_RADIO_XPDR_INNER_LEFT,Radio XPDR inner shaft left,System.Int32,,FALSE,TRUE
system.encoders.E_RADIO_XPDR_INNER_RIGHT,Radio XPDR inner shaft right,System.Int32,,FALSE,TRUE
system.encoders.E_RADIO_XPDR_OUTER_LEFT,Radio XPDR outer shaft left,System.Int32,,FALSE,TRUE
system.encoders.E_RADIO_XPDR_OUTER_RIGHT,Radio XPDR outer shaft right,System.Int32,,FALSE,TRUE
system.encoders.E_RMP1_SENSE,RMP Capt sense encoder,System.Int32,,FALSE,TRUE
system.encoders.E_RMP2_SENSE,RMP F/O sense encoder,System.Int32,,FALSE,TRUE
system.encoders.E_RUDDER_TRIM,Rudder trim encoder,System.Int32,,FALSE,TRUE
system.encoders.E_TRIM_WHEEL,Trim wheel,System.Int32,,FALSE,TRUE
system.encoders.E_WR_ALT_LEFT,Weather Radar Altitude Left,System.Int32,,FALSE,TRUE
system.encoders.E_WR_ALT_RIGHT,Weather Radar Altitude Right,System.Int32,,FALSE,TRUE
system.gates.B_ABOVE_TRANSITION_ALTITUDE,Above transition altitude,System.Boolean,,TRUE,FALSE
system.gates.B_AC_POWER,AC Power,System.Boolean,,TRUE,FALSE
system.gates.B_APU_PROTECTIVE_SHUTDOWN,APU protective shutdown,System.Boolean,,TRUE,FALSE
system.gates.B_APU_RUNNING,APU running,System.Boolean,,TRUE,FALSE
system.gates.B_APU_STARTING,APU starting,System.Boolean,,TRUE,FALSE
system.gates.B_APU_STOPPING,APU stopping,System.Boolean,,TRUE,FALSE
system.gates.B_ASP_ALT,ASP ASP Alt Out,System.Boolean,,TRUE,FALSE
system.gates.B_ASP_BOOM,ASP ASP Boom Out,System.Boolean,,TRUE,FALSE
system.gates.B_ASP_IC,ASP ASP IC Out,System.Boolean,,TRUE,FALSE
system.gates.B_ASP_MASK,ASP ASP Mask Out,System.Boolean,,TRUE,FALSE
system.gates.B_ASP_NORM,ASP ASP Norm Out,System.Boolean,,TRUE,FALSE
system.gates.B_ASP_RT,ASP ASP RT Out,System.Boolean,,TRUE,FALSE
system.gates.B_ASP2_ALT,ASP FO ASP Alt Out,System.Boolean,,TRUE,FALSE
system.gates.B_ASP2_BOOM,ASP FO ASP Boom Out,System.Boolean,,TRUE,FALSE
system.gates.B_ASP2_IC,ASP FO ASP IC Out,System.Boolean,,TRUE,FALSE
system.gates.B_ASP2_MASK,ASP FO ASP Mask Out,System.Boolean,,TRUE,FALSE
system.gates.B_ASP2_NORM,ASP FO ASP Norm Out,System.Boolean,,TRUE,FALSE
system.gates.B_ASP2_RT,ASP FO ASP RT Out,System.Boolean,,TRUE,FALSE
system.gates.B_ASP3_ALT,ASP OBS ASP Alt Out,System.Boolean,,TRUE,FALSE
system.gates.B_ASP3_BOOM,ASP OBS ASP Boom Out,System.Boolean,,TRUE,FALSE
system.gates.B_ASP3_IC,ASP OBS ASP IC Out,System.Boolean,,TRUE,FALSE
system.gates.B_ASP3_MASK,ASP OBS ASP Mask Out,System.Boolean,,TRUE,FALSE
system.gates.B_ASP3_NORM,ASP OBS ASP Norm Out,System.Boolean,,TRUE,FALSE
system.gates.B_ASP3_RT,ASP OBS ASP RT Out,System.Boolean,,TRUE,FALSE
system.gates.B_ATTEND_ACTIVE,Attend active,System.Boolean,,TRUE,FALSE
system.gates.B_BATTERY_BUS,BattBus gate,System.Boolean,,TRUE,FALSE
system.gates.B_BRAKING,Braking,System.Boolean,,TRUE,FALSE
system.gates.B_CROSS_MUTE,Cross Mute,System.Boolean,,TRUE,FALSE
system.gates.B_DC_POWER,DC Power,System.Boolean,,TRUE,FALSE
system.gates.B_DOME_LIGHT_BRIGHT,Domelight bright,System.Boolean,,TRUE,FALSE
system.gates.B_DOME_LIGHT_DIM,Domelight dim,System.Boolean,,TRUE,FALSE
system.gates.B_DOME_LIGHT_MASTER,Domelight master,System.Boolean,,TRUE,FALSE
system.gates.B_EMERGENY_LIGHTS,Emergency exit lights,System.Boolean,,TRUE,FALSE
system.gates.B_ENGINE_VIBRATION_LEFT,Vibrations Engine 1,System.Boolean,,TRUE,FALSE
system.gates.B_ENGINE_VIBRATION_RIGHT,Vibrations Engine 2,System.Boolean,,TRUE,FALSE
system.gates.B_FIRE_BELL,Fire bell,System.Boolean,,TRUE,FALSE
system.gates.B_FIRE_HANDLE_APU_LOCK,Fire handle unlock APU,System.Boolean,,TRUE,FALSE
system.gates.B_FIRE_HANDLE_LEFT_LOCK,Fire handle unlock Engine 1,System.Boolean,,TRUE,FALSE
system.gates.B_FIRE_HANDLE_RIGHT_LOCK,Fire handle unlock Engine 2,System.Boolean,,TRUE,FALSE
system.gates.B_FLAP_0,Flap gate up,System.Boolean,,TRUE,FALSE
system.gates.B_FLAP_1,Flap gate 1,System.Boolean,,TRUE,FALSE
system.gates.B_FLAP_10,Flap gate 10,System.Boolean,,TRUE,FALSE
system.gates.B_FLAP_15,Flap gate 15,System.Boolean,,TRUE,FALSE
system.gates.B_FLAP_2,Flap gate 2,System.Boolean,,TRUE,FALSE
system.gates.B_FLAP_25,Flap gate 25,System.Boolean,,TRUE,FALSE
system.gates.B_FLAP_30,Flap gate 30,System.Boolean,,TRUE,FALSE
system.gates.B_FLAP_40,Flap gate 40,System.Boolean,,TRUE,FALSE
system.gates.B_FLAP_5,Flap gate 5,System.Boolean,,TRUE,FALSE
system.gates.B_FLIGHTDECK_DOOR_LOCK,Flightdeck door lock,System.Boolean,,TRUE,FALSE
system.gates.B_FMA_PITCH_ALT_ACQ,FMA pitch mode ALT ACQ ,System.Boolean,,TRUE,FALSE
system.gates.B_FMA_PITCH_ALT_HOLD,FMA pitch mode ALT HOLD,System.Boolean,,TRUE,FALSE
system.gates.B_FMA_PITCH_FLARE,FMA pitch mode FLARE,System.Boolean,,TRUE,FALSE
system.gates.B_FMA_PITCH_GP,FMA pitch mode G/P,System.Boolean,,TRUE,FALSE
system.gates.B_FMA_PITCH_GS,FMA pitch mode G/S,System.Boolean,,TRUE,FALSE
system.gates.B_FMA_PITCH_MCP_SPD,FMA pitch mode MCP_SPD,System.Boolean,,TRUE,FALSE
system.gates.B_FMA_PITCH_TOGA,FMA pitch mode TOGA,System.Boolean,,TRUE,FALSE
system.gates.B_FMA_PITCH_VNAV_ALT,FMA pitch mode VNAV ALT ,System.Boolean,,TRUE,FALSE
system.gates.B_FMA_PITCH_VNAV_PATH,FMA pitch mode VNAV PATH,System.Boolean,,TRUE,FALSE
system.gates.B_FMA_PITCH_VNAV_SPD,FMA pitch mode VNAV SPD ,System.Boolean,,TRUE,FALSE
system.gates.B_FMA_PITCH_VS,FMA pitch mode V/S,System.Boolean,,TRUE,FALSE
system.gates.B_FMA_ROLL_BACKCOURSE,FMA roll mode HDG BACKCOURSE,System.Boolean,,TRUE,FALSE
system.gates.B_FMA_ROLL_FAC,FMA roll mode HDG FAC,System.Boolean,,TRUE,FALSE
system.gates.B_FMA_ROLL_HDG_SEL,FMA roll mode HDG SEL,System.Boolean,,TRUE,FALSE
system.gates.B_FMA_ROLL_LNAV,FMA roll mode HDG LNAV,System.Boolean,,TRUE,FALSE
system.gates.B_FMA_ROLL_VOR_LOC,FMA roll mode HDG VOR/LOG,System.Boolean,,TRUE,FALSE
system.gates.B_FMA_THRUST_ARM,FMA thrust mode ARM,System.Boolean,,TRUE,FALSE
system.gates.B_FMA_THRUST_FMC_SPD,FMA thrust mode FMC_SPD,System.Boolean,,TRUE,FALSE
system.gates.B_FMA_THRUST_GA,FMA thrust mode GA,System.Boolean,,TRUE,FALSE
system.gates.B_FMA_THRUST_MCP_SPD,FMA thrust mode MCP_SPD,System.Boolean,,TRUE,FALSE
system.gates.B_FMA_THRUST_N1,FMA thrust mode N1,System.Boolean,,TRUE,FALSE
system.gates.B_FMA_THRUST_RETARD,FMA thrust mode RETARD,System.Boolean,,TRUE,FALSE
system.gates.B_FMA_THRUST_THR_HOLD,FMA thrust mode THR_HLD,System.Boolean,,TRUE,FALSE
system.gates.B_GALLEY_BUS_1_POWERED,Galley Bus 1 powered,System.Boolean,,TRUE,FALSE
system.gates.B_GALLEY_BUS_2_POWERED,Galley Bus 2 powered,System.Boolean,,TRUE,FALSE
system.gates.B_GEAR_HANDLE_RELEASE,Gear handle release solenoid,System.Boolean,,TRUE,FALSE
system.gates.B_GEAR_WIND,Gear wind,System.Boolean,,TRUE,FALSE
system.gates.B_GROUND_GATE,Ground gate,System.Boolean,,TRUE,FALSE
system.gates.B_HYDRAULICS_AVAILABLE,Hydraulics available,System.Boolean,,TRUE,FALSE
system.gates.B_HYDRAULICS_AVAILABLE_A,Hydraulics A available,System.Boolean,,TRUE,FALSE
system.gates.B_HYDRAULICS_AVAILABLE_B,Hydraulics B available,System.Boolean,,TRUE,FALSE
system.gates.B_INNER_MARKER,Inner marker,System.Boolean,,TRUE,FALSE
system.gates.B_IRS1_ATTITUDE,IRS 1 attitude,System.Boolean,,TRUE,FALSE
system.gates.B_IRS1_HEADING,IRS 1 heading,System.Boolean,,TRUE,FALSE
system.gates.B_IRS1_POSITION,IRS 1 position,System.Boolean,,TRUE,FALSE
system.gates.B_IRS2_ATTITUDE,IRS 2 attitude,System.Boolean,,TRUE,FALSE
system.gates.B_IRS2_HEADING,IRS 2 heading,System.Boolean,,TRUE,FALSE
system.gates.B_IRS2_POSITION,IRS 2 position,System.Boolean,,TRUE,FALSE
system.gates.B_KTS80,80kts,System.Boolean,,TRUE,FALSE
system.gates.B_LIGHT_ANTI_COLLISION,Lights Anti collision,System.Boolean,,TRUE,FALSE
system.gates.B_LIGHT_LOGO,Lights Logo,System.Boolean,,TRUE,FALSE
system.gates.B_LIGHT_MASTER_DIM,Master Dim,System.Boolean,,TRUE,FALSE
system.gates.B_LIGHT_POSITION,Lights Position,System.Boolean,,TRUE,FALSE
system.gates.B_LIGHT_STROBE,Lights Strobe,System.Boolean,,TRUE,FALSE
system.gates.B_LIGHT_TEST,Light test,System.Boolean,,TRUE,FALSE
system.gates.B_LIGHT_WHEEL_WELL,Lights Wheel well,System.Boolean,,TRUE,FALSE
system.gates.B_LIGHT_WING,Lights Wing,System.Boolean,,TRUE,FALSE
system.gates.B_MCP_AT_DISCONNECT_SOLENOID,A/T disconnect solenoid,System.Boolean,,TRUE,FALSE
system.gates.B_MCP_AT_HOLD_SOLENOID,A/T hold solenoid,System.Boolean,,TRUE,FALSE
system.gates.B_MCP_SPEED_CLOSED,MCP speed closed,System.Boolean,,TRUE,FALSE
system.gates.B_MCP_SPEED_FLASHING_A,MCP Speed flashing A,System.Boolean,,TRUE,FALSE
system.gates.B_MCP_SPEED_FLASHING_B,MCP Speed flashing B,System.Boolean,,TRUE,FALSE
system.gates.B_MCP_VS_CLOSED,VS speed closed,System.Boolean,,TRUE,FALSE
system.gates.B_MIDDLE_MARKER,Middle marker,System.Boolean,,TRUE,FALSE
system.gates.B_MIP_AUTOBRAKE_RESET,Autobrake reset,System.Boolean,,TRUE,FALSE
system.gates.B_MIP_CHRONO_CAPT_LABEL_CHR,Chrono capt  label CHR,System.Boolean,,TRUE,FALSE
system.gates.B_MIP_CHRONO_CAPT_LABEL_DAY_MONTH,Chrono capt  label DAY MONTH,System.Boolean,,TRUE,FALSE
system.gates.B_MIP_CHRONO_CAPT_LABEL_ET,Chrono capt  label ET,System.Boolean,,TRUE,FALSE
system.gates.B_MIP_CHRONO_CAPT_LABEL_HLD,Chrono capt  label HLD,System.Boolean,,TRUE,FALSE
system.gates.B_MIP_CHRONO_CAPT_LABEL_RUN,Chrono capt  label RUN,System.Boolean,,TRUE,FALSE
system.gates.B_MIP_CHRONO_CAPT_LABEL_TIME,Chrono capt  label TIME,System.Boolean,,TRUE,FALSE
system.gates.B_MIP_CHRONO_CAPT_LABEL_UTC,Chrono capt  label UTC,System.Boolean,,TRUE,FALSE
system.gates.B_MIP_CHRONO_CAPT_LABEL_YEAR,Chrono capt  label YEAR,System.Boolean,,TRUE,FALSE
system.gates.B_MIP_CHRONO_FO_LABEL_CHR,Chrono f/o  label CHR,System.Boolean,,TRUE,FALSE
system.gates.B_MIP_CHRONO_FO_LABEL_DAY_MONTH,Chrono f/o  label DAY MONTH,System.Boolean,,TRUE,FALSE
system.gates.B_MIP_CHRONO_FO_LABEL_ET,Chrono f/o  label ET,System.Boolean,,TRUE,FALSE
system.gates.B_MIP_CHRONO_FO_LABEL_HLD,Chrono f/o  label HLD,System.Boolean,,TRUE,FALSE
system.gates.B_MIP_CHRONO_FO_LABEL_RUN,Chrono f/o  label RUN,System.Boolean,,TRUE,FALSE
system.gates.B_MIP_CHRONO_FO_LABEL_TIME,Chrono f/o  label TIME,System.Boolean,,TRUE,FALSE
system.gates.B_MIP_CHRONO_FO_LABEL_UTC,Chrono f/o  label UTC,System.Boolean,,TRUE,FALSE
system.gates.B_MIP_CHRONO_FO_LABEL_YEAR,Chrono f/o  label YEAR,System.Boolean,,TRUE,FALSE
system.gates.B_NO_SMOKING_SIGN,No Smoking sign,System.Boolean,,TRUE,FALSE
system.gates.B_NOSEWHEEL_ROTATING,Nosewheel rotating,System.Boolean,,TRUE,FALSE
system.gates.B_OH_EMERG_EXIT_LIGHTS,Emerg Exit Lights Gate,System.Boolean,,TRUE,FALSE
system.gates.B_OH_PASS_OXY_DEPLOYED,Pass oxy deployed,System.Boolean,,TRUE,FALSE
system.gates.B_OH_PASS_OXY_DEPLOYED_L,Pass oxy left deployed,System.Boolean,,TRUE,FALSE
system.gates.B_OH_PASS_OXY_DEPLOYED_R,Pass oxy right deployed,System.Boolean,,TRUE,FALSE
system.gates.B_OH_VOICE_RECORDER_HOLD,Voice recorder hold,System.Boolean,,TRUE,FALSE
system.gates.B_OH_VOICE_RECORDER_RELEASE,Voice recorder release,System.Boolean,,TRUE,FALSE
system.gates.B_OUTER_MARKER,Outer marker,System.Boolean,,TRUE,FALSE
system.gates.B_OVERHEAD_BACKLIGHT_MASTER,Overhead backlight master,System.Boolean,,TRUE,FALSE
system.gates.B_PACK_1_OPERATING,Pack L operating,System.Boolean,,TRUE,FALSE
system.gates.B_PACK_1_OPERATING_HIGH,Pack L operating high,System.Boolean,,TRUE,FALSE
system.gates.B_PACK_1_OPERATING_NORMAL,Pack L operating normal,System.Boolean,,TRUE,FALSE
system.gates.B_PACK_2_OPERATING,Pack R operating,System.Boolean,,TRUE,FALSE
system.gates.B_PACK_2_OPERATING_HIGH,Pack R operating high,System.Boolean,,TRUE,FALSE
system.gates.B_PACK_2_OPERATING_NORMAL,Pack R operating normal,System.Boolean,,TRUE,FALSE
system.gates.B_PANEL_LIGHT_CAPTAIN,Panel lights captain,System.Boolean,,TRUE,FALSE
system.gates.B_PANEL_LIGHT_CONTROL_STAND,Panel lights control stand,System.Boolean,,TRUE,FALSE
system.gates.B_PANEL_LIGHT_FLOOD,Panel lights flood,System.Boolean,,TRUE,FALSE
system.gates.B_PANEL_LIGHT_FO,Panel lights F/O,System.Boolean,,TRUE,FALSE
system.gates.B_PARKING_BRAKE_FREE,Parking brake switch free,System.Boolean,,TRUE,FALSE
system.gates.B_PARKING_BRAKE_HOLD,Parking brake hold,System.Boolean,,TRUE,FALSE
system.gates.B_PARKING_BRAKE_RELEASE,Parking brake release,System.Boolean,,TRUE,FALSE
system.gates.B_PED_RUDDER_TRIM_IND_OFF,Rudder trim indicator OFF Flag,System.Boolean,,TRUE,FALSE
system.gates.B_PED_XPDR_EDITING,XPDR Editing,System.Boolean,,TRUE,FALSE
system.gates.B_PITCH_CMD,Autopilot pitch CMD,System.Boolean,,TRUE,FALSE
system.gates.B_PITCH_CWS,Autopilot pitch CWS,System.Boolean,,TRUE,FALSE
system.gates.B_PRESSURE_LOSS_HIGH,Pressure loss high,System.Boolean,,TRUE,FALSE
system.gates.B_PRESSURE_LOSS_LOW,Pressure loss low,System.Boolean,,TRUE,FALSE
system.gates.B_PRESSURISATION_DASHED,Pressurisation display dashed out,System.Boolean,,TRUE,FALSE
system.gates.B_PRESSURISATION_DISPLAY_POWER,Pressurisation display power,System.Boolean,,TRUE,FALSE
system.gates.B_RECIRCULATION_FAN_1,Recirc Fan L running,System.Boolean,,TRUE,FALSE
system.gates.B_RECIRCULATION_FAN_2,Recirc Fan R running,System.Boolean,,TRUE,FALSE
system.gates.B_REVERSER_1_INTERLOCK,TR 1 interlock retract signal,System.Boolean,,TRUE,FALSE
system.gates.B_REVERSER_1_SYNC_LOCK,Reverser SyncLock left,System.Boolean,,TRUE,FALSE
system.gates.B_REVERSER_2_INTERLOCK,TR 2 interlock retract signal,System.Boolean,,TRUE,FALSE
system.gates.B_REVERSER_2_SYNC_LOCK,Reverser SyncLock right,System.Boolean,,TRUE,FALSE
system.gates.B_ROLL_CMD,Autopilot roll CMD,System.Boolean,,TRUE,FALSE
system.gates.B_ROLL_CWS,Autopilot roll CWS,System.Boolean,,TRUE,FALSE
system.gates.B_SEATBELT_SIGN,Seatbelt sign,System.Boolean,,TRUE,FALSE
system.gates.B_SPEED_BRAKE,Speedbrake extended,System.Boolean,,TRUE,FALSE
system.gates.B_SPEED_BRAKE_AIR,Speedbrake extended in air,System.Boolean,,TRUE,FALSE
system.gates.B_SPEED_BRAKE_DEPLOY,Speedbrake autodeploy,System.Boolean,,TRUE,FALSE
system.gates.B_SPEED_BRAKE_RESTOW,Speedbrake autorestow,System.Boolean,,TRUE,FALSE
system.gates.B_STANDBY_POWER,StandBy Power,System.Boolean,,TRUE,FALSE
system.gates.B_STARTER_PB_SOLENOID_1,Starter 1 pushback solenoid,System.Boolean,,TRUE,FALSE
system.gates.B_STARTER_PB_SOLENOID_2,Starter 2 pushback solenoid,System.Boolean,,TRUE,FALSE
system.gates.B_STARTER_SOLENOID_1,Starter 1 solenoid,System.Boolean,,TRUE,FALSE
system.gates.B_STARTER_SOLENOID_2,Starter 2 solenoid,System.Boolean,,TRUE,FALSE
system.gates.B_STICKSHAKER,Stick shaker,System.Boolean,,TRUE,FALSE
system.gates.B_STICKSHAKER_FO,Stick shaker F/O,System.Boolean,,TRUE,FALSE
system.gates.B_THROTTLE_SERVO_POWER_LEFT,Throttle Servo Power left,System.Boolean,,TRUE,FALSE
system.gates.B_THROTTLE_SERVO_POWER_RIGHT,Throttle Servo Power right,System.Boolean,,TRUE,FALSE
system.gates.B_TRIM_MOTOR_DOWN,Trim motor down,System.Boolean,,TRUE,FALSE
system.gates.B_TRIM_MOTOR_SPEED1,Trim motor AP slow speed,System.Boolean,,TRUE,FALSE
system.gates.B_TRIM_MOTOR_SPEED2,Trim motor MANUAL slow speed,System.Boolean,,TRUE,FALSE
system.gates.B_TRIM_MOTOR_SPEED3,Trim motor AP high speed,System.Boolean,,TRUE,FALSE
system.gates.B_TRIM_MOTOR_SPEED4,Trim motor MANUAL high speed,System.Boolean,,TRUE,FALSE
system.gates.B_TRIM_MOTOR_UP,Trim motor up,System.Boolean,,TRUE,FALSE
system.gates.B_USER_1,User 1 out,System.Boolean,,TRUE,FALSE
system.gates.B_USER_10,User 10 out,System.Boolean,,TRUE,FALSE
system.gates.B_USER_11,User 11 out,System.Boolean,,TRUE,FALSE
system.gates.B_USER_12,User 12 out,System.Boolean,,TRUE,FALSE
system.gates.B_USER_13,User 13 out,System.Boolean,,TRUE,FALSE
system.gates.B_USER_14,User 14 out,System.Boolean,,TRUE,FALSE
system.gates.B_USER_15,User 15 out,System.Boolean,,TRUE,FALSE
system.gates.B_USER_16,User 16 out,System.Boolean,,TRUE,FALSE
system.gates.B_USER_17,User 17 out,System.Boolean,,TRUE,FALSE
system.gates.B_USER_18,User 18 out,System.Boolean,,TRUE,FALSE
system.gates.B_USER_19,User 19 out,System.Boolean,,TRUE,FALSE
system.gates.B_USER_2,User 2 out,System.Boolean,,TRUE,FALSE
system.gates.B_USER_20,User 20 out,System.Boolean,,TRUE,FALSE
system.gates.B_USER_3,User 3 out,System.Boolean,,TRUE,FALSE
system.gates.B_USER_4,User 4 out,System.Boolean,,TRUE,FALSE
system.gates.B_USER_5,User 5 out,System.Boolean,,TRUE,FALSE
system.gates.B_USER_6,User 6 out,System.Boolean,,TRUE,FALSE
system.gates.B_USER_7,User 7 out,System.Boolean,,TRUE,FALSE
system.gates.B_USER_8,User 8 out,System.Boolean,,TRUE,FALSE
system.gates.B_USER_9,User 9 out,System.Boolean,,TRUE,FALSE
system.gates.B_V1,V1,System.Boolean,,TRUE,FALSE
system.gates.B_V2,V2,System.Boolean,,TRUE,FALSE
system.gates.B_VR,VRotate,System.Boolean,,TRUE,FALSE
system.gates.B_WING_ANTI_ICE_HOLD_ACTUATOR,Wing Anti-Ice hold actuator,System.Boolean,,TRUE,FALSE
system.gates.B_WING_ANTI_ICE_OFF_ACTUATOR,Wing Anti-Ice off actuator,System.Boolean,,TRUE,FALSE
system.gates.B_WIPER_HIGH_L,Wiper left High gate,System.Boolean,,TRUE,FALSE
system.gates.B_WIPER_HIGH_R,Wiper right High gate,System.Boolean,,TRUE,FALSE
system.gates.B_WIPER_INT_L,Wiper left Int gate,System.Boolean,,TRUE,FALSE
system.gates.B_WIPER_INT_R,Wiper right Int gate,System.Boolean,,TRUE,FALSE
system.gates.B_WIPER_LOW_L,Wiper left Low gate,System.Boolean,,TRUE,FALSE
system.gates.B_WIPER_LOW_R,Wiper right Low gate,System.Boolean,,TRUE,FALSE
system.gates.B_XPDR_ATC_LABEL,ATC Label,System.Boolean,,TRUE,FALSE
system.gates.B_YAW_DAMPER_HOLD_ACTUATOR,Yaw damper hold actuator,System.Boolean,,TRUE,FALSE
system.gates.B_YAW_DAMPER_OFF_ACTUATOR,Yaw damper off actuator,System.Boolean,,TRUE,FALSE
system.gauge.G_MIP_BRAKE_PRESSURE,Brake pressure,System.Double,,TRUE,FALSE
system.gauge.G_MIP_FLAP,Flap,System.Double,,TRUE,FALSE
system.gauge.G_MIP_FLAP_RIGHT,Flap right,System.Double,,TRUE,FALSE
system.gauge.G_MIP_STDBY_ALTIMETER,Standby altimeter,System.Double,,TRUE,FALSE
system.gauge.G_MIP_STDBY_ATT_BANK,Standby Attitude bank,System.Double,,TRUE,FALSE
system.gauge.G_MIP_STDBY_ATT_PITCH,Standby Attitude pitch,System.Double,,TRUE,FALSE
system.gauge.G_MIP_STDBY_BARBERPOLE,Standby barberpole,System.Double,,TRUE,FALSE
system.gauge.G_MIP_STDBY_GLIDESLOPE,Standby Glideslope,System.Double,,TRUE,FALSE
system.gauge.G_MIP_STDBY_LOCALISER,Standby Localiser,System.Double,,TRUE,FALSE
system.gauge.G_MIP_STDBY_SPEED,Standby speed,System.Double,,TRUE,FALSE
system.gauge.G_MIP_WET_COMPASS,Wet compass,System.Double,,TRUE,FALSE
system.gauge.G_MIP_YAW_DAMPER,Yaw damper gauge,System.Double,,TRUE,FALSE
system.gauge.G_OH_CABIN_ALT,Cabin altitude,System.Double,,TRUE,FALSE
system.gauge.G_OH_CABIN_VSI,Cabin VSI,System.Double,,TRUE,FALSE
system.gauge.G_OH_CREW_OXYGEN,Oxygen pressure,System.Double,,TRUE,FALSE
system.gauge.G_OH_DUCT_PRESS_L,Pressure Left,System.Double,,TRUE,FALSE
system.gauge.G_OH_DUCT_PRESS_R,Pressure Right,System.Double,,TRUE,FALSE
system.gauge.G_OH_EGT,APU,System.Double,,TRUE,FALSE
system.gauge.G_OH_FUEL_TEMP,Fuel Temperature,System.Double,,TRUE,FALSE
system.gauge.G_OH_OUTFLOW_VALVE,Outflow valve position,System.Double,,TRUE,FALSE
system.gauge.G_OH_PRESS_DIFF,Pressure differential,System.Double,,TRUE,FALSE
system.gauge.G_OH_TEMPERATURE,Cabin temperature,System.Double,,TRUE,FALSE
system.gauge.G_PED_ELEV_TRIM,Elevator trim gauge,System.Double,,TRUE,FALSE
system.gauge.G_PED_RUDDER_TRIM,Rudder trim gauge,System.Double,,TRUE,FALSE
system.gauge.G_SPEEDBRAKE,Speedbrake servo,System.Double,,TRUE,FALSE
system.gauge.G_THROTTLE_LEFT,Throttle Servo left,System.Double,,TRUE,FALSE
system.gauge.G_THROTTLE_RIGHT,Throttle Servo right,System.Double,,TRUE,FALSE
system.indicators.I_AIRSTAIRS_INTERNAL_EXTEND,Airstair internal extend indicator,System.Byte,,TRUE,FALSE
system.indicators.I_AIRSTAIRS_INTERNAL_OPERATING,Airstair internal operating indicator,System.Byte,,TRUE,FALSE
system.indicators.I_AIRSTAIRS_INTERNAL_RETRACT,Airstair internal retract indicator,System.Byte,,TRUE,FALSE
system.indicators.I_AIRSTAIRS_INTERNAL_STANDBY,Airstair internal Standby indicator,System.Byte,,TRUE,FALSE
system.indicators.I_ASP_ADF_1_REC,ASP ADF 1 vol,System.Byte,,TRUE,FALSE
system.indicators.I_ASP_ADF_2_REC,ASP ADF 2 vol,System.Byte,,TRUE,FALSE
system.indicators.I_ASP_FLT_CALL,ASP FLT vol call,System.Byte,,TRUE,FALSE
system.indicators.I_ASP_FLT_REC,ASP FLT vol,System.Byte,,TRUE,FALSE
system.indicators.I_ASP_FLT_SEND,ASP FLT vol send bar,System.Byte,,TRUE,FALSE
system.indicators.I_ASP_HF_1_CALL,ASP HF 1 call,System.Byte,,TRUE,FALSE
system.indicators.I_ASP_HF_1_REC,ASP HF 1,System.Byte,,TRUE,FALSE
system.indicators.I_ASP_HF_1_SEND,ASP HF 1 send bar,System.Byte,,TRUE,FALSE
system.indicators.I_ASP_HF_2_CALL,ASP HF 2 call,System.Byte,,TRUE,FALSE
system.indicators.I_ASP_HF_2_REC,ASP HF 2,System.Byte,,TRUE,FALSE
system.indicators.I_ASP_HF_2_SEND,ASP HF 2 send bar,System.Byte,,TRUE,FALSE
system.indicators.I_ASP_MARKER_REC,ASP Marker vol,System.Byte,,TRUE,FALSE
system.indicators.I_ASP_NAV_1_REC,ASP NAV 1 vol,System.Byte,,TRUE,FALSE
system.indicators.I_ASP_NAV_2_REC,ASP NAV 2 vol,System.Byte,,TRUE,FALSE
system.indicators.I_ASP_PA_REC,ASP PA vol,System.Byte,,TRUE,FALSE
system.indicators.I_ASP_PA_SEND,ASP PA vol send bar,System.Byte,,TRUE,FALSE
system.indicators.I_ASP_SAT_1_CALL,ASP SATCOM 1 vol call,System.Byte,,TRUE,FALSE
system.indicators.I_ASP_SAT_1_REC,ASP SATCOM 1 vol,System.Byte,,TRUE,FALSE
system.indicators.I_ASP_SAT_1_SEND,ASP SATCOM 1 vol send bar,System.Byte,,TRUE,FALSE
system.indicators.I_ASP_SAT_2_CALL,ASP SATCOM 2 vol call,System.Byte,,TRUE,FALSE
system.indicators.I_ASP_SAT_2_REC,ASP SATCOM 2 vol,System.Byte,,TRUE,FALSE
system.indicators.I_ASP_SAT_2_SEND,ASP SATCOM 2 vol send bar,System.Byte,,TRUE,FALSE
system.indicators.I_ASP_SPKR_REC,ASP Spkr vol,System.Byte,,TRUE,FALSE
system.indicators.I_ASP_SVC_CALL,ASP SVC vol call,System.Byte,,TRUE,FALSE
system.indicators.I_ASP_SVC_REC,ASP SVC vol,System.Byte,,TRUE,FALSE
system.indicators.I_ASP_SVC_SEND,ASP SVC vol send bar,System.Byte,,TRUE,FALSE
system.indicators.I_ASP_VHF_1_CALL,ASP VHF 1 vol call,System.Byte,,TRUE,FALSE
system.indicators.I_ASP_VHF_1_REC,ASP VHF 1 vol,System.Byte,,TRUE,FALSE
system.indicators.I_ASP_VHF_1_SEND,ASP VHF 1 vol send bar,System.Byte,,TRUE,FALSE
system.indicators.I_ASP_VHF_2_CALL,ASP VHF 2 vol call,System.Byte,,TRUE,FALSE
system.indicators.I_ASP_VHF_2_REC,ASP VHF 2 vol,System.Byte,,TRUE,FALSE
system.indicators.I_ASP_VHF_2_SEND,ASP VHF 2 vol send bar,System.Byte,,TRUE,FALSE
system.indicators.I_ASP_VHF_3_CALL,ASP VHF 3 vol call,System.Byte,,TRUE,FALSE
system.indicators.I_ASP_VHF_3_REC,ASP VHF 3 vol,System.Byte,,TRUE,FALSE
system.indicators.I_ASP_VHF_3_SEND,ASP VHF 3 vol send bar,System.Byte,,TRUE,FALSE
system.indicators.I_ASP2_ADF_1_REC,ASP FO ADF 1 vol,System.Byte,,TRUE,FALSE
system.indicators.I_ASP2_ADF_2_REC,ASP FO ADF 2 vol,System.Byte,,TRUE,FALSE
system.indicators.I_ASP2_FLT_CALL,ASP FO FLT vol call,System.Byte,,TRUE,FALSE
system.indicators.I_ASP2_FLT_REC,ASP FO FLT vol,System.Byte,,TRUE,FALSE
system.indicators.I_ASP2_FLT_SEND,ASP FO FLT vol send bar,System.Byte,,TRUE,FALSE
system.indicators.I_ASP2_HF_1_CALL,ASP FO HF 1 call,System.Byte,,TRUE,FALSE
system.indicators.I_ASP2_HF_1_REC,ASP FO HF 1,System.Byte,,TRUE,FALSE
system.indicators.I_ASP2_HF_1_SEND,ASP FO HF 1 send bar,System.Byte,,TRUE,FALSE
system.indicators.I_ASP2_HF_2_CALL,ASP FO HF 2 call,System.Byte,,TRUE,FALSE
system.indicators.I_ASP2_HF_2_REC,ASP FO HF 2,System.Byte,,TRUE,FALSE
system.indicators.I_ASP2_HF_2_SEND,ASP FO HF 2 send bar,System.Byte,,TRUE,FALSE
system.indicators.I_ASP2_MARKER_REC,ASP FO Marker vol,System.Byte,,TRUE,FALSE
system.indicators.I_ASP2_NAV_1_REC,ASP FO NAV 1 vol,System.Byte,,TRUE,FALSE
system.indicators.I_ASP2_NAV_2_REC,ASP FO NAV 2 vol,System.Byte,,TRUE,FALSE
system.indicators.I_ASP2_PA_REC,ASP FO PA vol,System.Byte,,TRUE,FALSE
system.indicators.I_ASP2_PA_SEND,ASP FO PA vol send bar,System.Byte,,TRUE,FALSE
system.indicators.I_ASP2_SAT_1_CALL,ASP FO SATCOM 1 vol call,System.Byte,,TRUE,FALSE
system.indicators.I_ASP2_SAT_1_REC,ASP FO SATCOM 1 vol,System.Byte,,TRUE,FALSE
system.indicators.I_ASP2_SAT_1_SEND,ASP FO SATCOM 1 vol send bar,System.Byte,,TRUE,FALSE
system.indicators.I_ASP2_SAT_2_CALL,ASP FO SATCOM 2 vol call,System.Byte,,TRUE,FALSE
system.indicators.I_ASP2_SAT_2_REC,ASP FO SATCOM 2 vol,System.Byte,,TRUE,FALSE
system.indicators.I_ASP2_SAT_2_SEND,ASP FO SATCOM 2 vol send bar,System.Byte,,TRUE,FALSE
system.indicators.I_ASP2_SPKR_REC,ASP FO Spkr vol,System.Byte,,TRUE,FALSE
system.indicators.I_ASP2_SVC_CALL,ASP FO SVC vol call,System.Byte,,TRUE,FALSE
system.indicators.I_ASP2_SVC_REC,ASP FO SVC vol,System.Byte,,TRUE,FALSE
system.indicators.I_ASP2_SVC_SEND,ASP FO SVC vol send bar,System.Byte,,TRUE,FALSE
system.indicators.I_ASP2_VHF_1_CALL,ASP FO VHF 1 vol call,System.Byte,,TRUE,FALSE
system.indicators.I_ASP2_VHF_1_REC,ASP FO VHF 1 vol,System.Byte,,TRUE,FALSE
system.indicators.I_ASP2_VHF_1_SEND,ASP FO VHF 1 vol send bar,System.Byte,,TRUE,FALSE
system.indicators.I_ASP2_VHF_2_CALL,ASP FO VHF 2 vol call,System.Byte,,TRUE,FALSE
system.indicators.I_ASP2_VHF_2_REC,ASP FO VHF 2 vol,System.Byte,,TRUE,FALSE
system.indicators.I_ASP2_VHF_2_SEND,ASP FO VHF 2 vol send bar,System.Byte,,TRUE,FALSE
system.indicators.I_ASP2_VHF_3_CALL,ASP FO VHF 3 vol call,System.Byte,,TRUE,FALSE
system.indicators.I_ASP2_VHF_3_REC,ASP FO VHF 3 vol,System.Byte,,TRUE,FALSE
system.indicators.I_ASP2_VHF_3_SEND,ASP FO VHF 3 vol send bar,System.Byte,,TRUE,FALSE
system.indicators.I_ASP3_ADF_1_REC,ASP OBS ADF 1 vol,System.Byte,,TRUE,FALSE
system.indicators.I_ASP3_ADF_2_REC,ASP OBS ADF 2 vol,System.Byte,,TRUE,FALSE
system.indicators.I_ASP3_FLT_CALL,ASP OBS FLT vol call,System.Byte,,TRUE,FALSE
system.indicators.I_ASP3_FLT_REC,ASP OBS FLT vol,System.Byte,,TRUE,FALSE
system.indicators.I_ASP3_FLT_SEND,ASP OBS FLT vol send bar,System.Byte,,TRUE,FALSE
system.indicators.I_ASP3_HF_1_CALL,ASP OBS HF 1 call,System.Byte,,TRUE,FALSE
system.indicators.I_ASP3_HF_1_REC,ASP OBS HF 1,System.Byte,,TRUE,FALSE
system.indicators.I_ASP3_HF_1_SEND,ASP OBS HF 1 send bar,System.Byte,,TRUE,FALSE
system.indicators.I_ASP3_HF_2_CALL,ASP OBS HF 2 call,System.Byte,,TRUE,FALSE
system.indicators.I_ASP3_HF_2_REC,ASP OBS HF 2,System.Byte,,TRUE,FALSE
system.indicators.I_ASP3_HF_2_SEND,ASP OBS HF 2 send bar,System.Byte,,TRUE,FALSE
system.indicators.I_ASP3_MARKER_REC,ASP OBS Marker vol,System.Byte,,TRUE,FALSE
system.indicators.I_ASP3_NAV_1_REC,ASP OBS NAV 1 vol,System.Byte,,TRUE,FALSE
system.indicators.I_ASP3_NAV_2_REC,ASP OBS NAV 2 vol,System.Byte,,TRUE,FALSE
system.indicators.I_ASP3_PA_REC,ASP OBS PA vol,System.Byte,,TRUE,FALSE
system.indicators.I_ASP3_PA_SEND,ASP OBS PA vol send bar,System.Byte,,TRUE,FALSE
system.indicators.I_ASP3_SPKR_REC,ASP OBS Spkr vol,System.Byte,,TRUE,FALSE
system.indicators.I_ASP3_SVC_CALL,ASP OBS SVC vol call,System.Byte,,TRUE,FALSE
system.indicators.I_ASP3_SVC_REC,ASP OBS SVC vol,System.Byte,,TRUE,FALSE
system.indicators.I_ASP3_SVC_SEND,ASP OBS SVC vol send bar,System.Byte,,TRUE,FALSE
system.indicators.I_ASP3_VHF_1_CALL,ASP OBS VHF 1 vol call,System.Byte,,TRUE,FALSE
system.indicators.I_ASP3_VHF_1_REC,ASP OBS VHF 1 vol,System.Byte,,TRUE,FALSE
system.indicators.I_ASP3_VHF_1_SEND,ASP OBS VHF 1 vol send bar,System.Byte,,TRUE,FALSE
system.indicators.I_ASP3_VHF_2_CALL,ASP OBS VHF 2 vol call,System.Byte,,TRUE,FALSE
system.indicators.I_ASP3_VHF_2_REC,ASP OBS VHF 2 vol,System.Byte,,TRUE,FALSE
system.indicators.I_ASP3_VHF_2_SEND,ASP OBS VHF 2 vol send bar,System.Byte,,TRUE,FALSE
system.indicators.I_ASP3_VHF_3_CALL,ASP OBS VHF 3 vol call,System.Byte,,TRUE,FALSE
system.indicators.I_ASP3_VHF_3_REC,ASP OBS VHF 3 vol,System.Byte,,TRUE,FALSE
system.indicators.I_ASP3_VHF_3_SEND,ASP OBS VHF 3 vol send bar,System.Byte,,TRUE,FALSE
system.indicators.I_CDU1_CALL,CDU1 CALL,System.Byte,,TRUE,FALSE
system.indicators.I_CDU1_EXEC,CDU1 EXEC,System.Byte,,TRUE,FALSE
system.indicators.I_CDU1_FAIL,CDU1 FAIL,System.Byte,,TRUE,FALSE
system.indicators.I_CDU1_MSG,CDU1 MSG,System.Byte,,TRUE,FALSE
system.indicators.I_CDU1_OFFSET,CDU1 OFFSET,System.Byte,,TRUE,FALSE
system.indicators.I_CDU2_CALL,CDU2 CALL,System.Byte,,TRUE,FALSE
system.indicators.I_CDU2_EXEC,CDU2 EXEC,System.Byte,,TRUE,FALSE
system.indicators.I_CDU2_FAIL,CDU2 FAIL,System.Byte,,TRUE,FALSE
system.indicators.I_CDU2_MSG,CDU2 MSG,System.Byte,,TRUE,FALSE
system.indicators.I_CDU2_OFFSET,CDU2 OFFSET,System.Byte,,TRUE,FALSE
system.indicators.I_DOOR_AUTO_UNLOCK,Door auto unlock,System.Byte,,TRUE,FALSE
system.indicators.I_DOOR_LOCK_FAIL,Door lock fail,System.Byte,,TRUE,FALSE
system.indicators.I_EAU_DIR_CTRL_1,EAU Engine 1 Dir Cont Valve Sensor Indicator,System.Byte,,TRUE,FALSE
system.indicators.I_EAU_DIR_CTRL_2,EAU Engine 2 Dir Cont Valve Sensor Indicator,System.Byte,,TRUE,FALSE
system.indicators.I_EAU_FAULT_1,EAU Engine 1 Fault Indicator,System.Byte,,TRUE,FALSE
system.indicators.I_EAU_FAULT_2,EAU Engine 2 Fault Indicator,System.Byte,,TRUE,FALSE
system.indicators.I_EAU_ISO_VALVE_1,EAU Engine 1 Hyd Iso Valve Sensor Indicator,System.Byte,,TRUE,FALSE
system.indicators.I_EAU_ISO_VALVE_2,EAU Engine 2 Hyd Iso Valve Sensor Indicator,System.Byte,,TRUE,FALSE
system.indicators.I_EAU_L_SLEEVE_LOCK_1,EAU Engine 1 L Sleeve Lock Indicator,System.Byte,,TRUE,FALSE
system.indicators.I_EAU_L_SLEEVE_LOCK_2,EAU Engine 2 L Sleeve Lock Indicator,System.Byte,,TRUE,FALSE
system.indicators.I_EAU_L_SLEEVE_STOW_1,EAU Engine 1 L Sleeve Stow Sensor Indicator,System.Byte,,TRUE,FALSE
system.indicators.I_EAU_L_SLEEVE_STOW_2,EAU Engine 2 L Sleeve Stow Sensor Indicator,System.Byte,,TRUE,FALSE
system.indicators.I_EAU_L_SLEEVE_SYN_1,EAU Engine 1 L Sleeve Sync CLock Pwr Indicator,System.Byte,,TRUE,FALSE
system.indicators.I_EAU_L_SLEEVE_SYN_2,EAU Engine 2 L Sleeve Sync CLock Pwr Indicator,System.Byte,,TRUE,FALSE
system.indicators.I_EAU_NO_FAULTS_1,EAU Engine 1 No Faults Indicator,System.Byte,,TRUE,FALSE
system.indicators.I_EAU_NO_FAULTS_2,EAU Engine 2 No Faults Indicator,System.Byte,,TRUE,FALSE
system.indicators.I_EAU_R_SLEEVE_LOCK_2,EAU Engine 2 R Sleeve Lock Indicator,System.Byte,,TRUE,FALSE
system.indicators.I_EAU_R_SLEEVE_STOW_1,EAU Engine 1 R Sleeve Stow Sensor Indicator,System.Byte,,TRUE,FALSE
system.indicators.I_EAU_R_SLEEVE_STOW_2,EAU Engine 2 R Sleeve Stow Sensor Indicator,System.Byte,,TRUE,FALSE
system.indicators.I_EAU_R_SLEEVE_SYN_1,EAU Engine 1 R Sleeve Sync CLock Pwr Indicator,System.Byte,,TRUE,FALSE
system.indicators.I_EAU_R_SLEEVE_SYN_2,EAU Engine 2 R Sleeve Sync CLock Pwr Indicator,System.Byte,,TRUE,FALSE
system.indicators.I_FIRE_1,Engine 1 fire handle light,System.Byte,,TRUE,FALSE
system.indicators.I_FIRE_2,Engine 2 fire handle light,System.Byte,,TRUE,FALSE
system.indicators.I_FIRE_APU,APU fire handle light,System.Byte,,TRUE,FALSE
system.indicators.I_FIRE_APU_BOTTLE_DISCHARGE,APU bottle discharged,System.Byte,,TRUE,FALSE
system.indicators.I_FIRE_APU_DET_INOPT,Fire APU Det Inop,System.Byte,,TRUE,FALSE
system.indicators.I_FIRE_CARGO_AFT,Cargo fire indicator aft,System.Byte,,TRUE,FALSE
system.indicators.I_FIRE_CARGO_AFT_EXT,Cargo fire ext light aft,System.Byte,,TRUE,FALSE
system.indicators.I_FIRE_CARGO_ARMED_AFT,Cargo fire armed aft,System.Byte,,TRUE,FALSE
system.indicators.I_FIRE_CARGO_ARMED_FWD,Cargo fire armed fwd,System.Byte,,TRUE,FALSE
system.indicators.I_FIRE_CARGO_DETECTOR_FAULT,Cargo fire detector fault,System.Byte,,TRUE,FALSE
system.indicators.I_FIRE_CARGO_DISCH,Cargo fire disch light,System.Byte,,TRUE,FALSE
system.indicators.I_FIRE_CARGO_FWD,Cargo fire indicator fwd,System.Byte,,TRUE,FALSE
system.indicators.I_FIRE_CARGO_FWD_EXT,Cargo fire ext light fwd,System.Byte,,TRUE,FALSE
system.indicators.I_FIRE_ENG_1_OVT,Engine 1 overheat,System.Byte,,TRUE,FALSE
system.indicators.I_FIRE_ENG_2_OVT,Engine 2 overheat,System.Byte,,TRUE,FALSE
system.indicators.I_FIRE_FAULT,Fire Fault,System.Byte,,TRUE,FALSE
system.indicators.I_FIRE_L_BOTTLE_DISCHARGE,L bottle discharged,System.Byte,,TRUE,FALSE
system.indicators.I_FIRE_R_BOTTLE_DISCHARGE,R bottle discharged,System.Byte,,TRUE,FALSE
system.indicators.I_FIRE_TEST_APU,APU bottle indicator,System.Byte,,TRUE,FALSE
system.indicators.I_FIRE_TEST_L,L bottle indicator,System.Byte,,TRUE,FALSE
system.indicators.I_FIRE_TEST_R,R bottle indicator,System.Byte,,TRUE,FALSE
system.indicators.I_FIRE_WHEEL_WELL_OVT,Fire Wheel well,System.Byte,,TRUE,FALSE
system.indicators.I_FW_CP,Fire warning 1,System.Byte,,TRUE,FALSE
system.indicators.I_FW_FO,Fire warning 2,System.Byte,,TRUE,FALSE
system.indicators.I_MC_AIRCOND,Warn AIR_COND,System.Byte,,TRUE,FALSE
system.indicators.I_MC_ANTIICE,Warn ANTI_ICE,System.Byte,,TRUE,FALSE
system.indicators.I_MC_APU,Warn APU,System.Byte,,TRUE,FALSE
system.indicators.I_MC_CP,Master caution 1,System.Byte,,TRUE,FALSE
system.indicators.I_MC_DOORS,Warn DOORS,System.Byte,,TRUE,FALSE
system.indicators.I_MC_ELEC,Warn ELEC,System.Byte,,TRUE,FALSE
system.indicators.I_MC_ENG,Warn ENG,System.Byte,,TRUE,FALSE
system.indicators.I_MC_FLT_CONT,Warn FLT_CONT,System.Byte,,TRUE,FALSE
system.indicators.I_MC_FO,Master caution 2,System.Byte,,TRUE,FALSE
system.indicators.I_MC_FUEL,Warn FUEL,System.Byte,,TRUE,FALSE
system.indicators.I_MC_HYDRAULICS,Warn HYD,System.Byte,,TRUE,FALSE
system.indicators.I_MC_IRS,Warn IRS,System.Byte,,TRUE,FALSE
system.indicators.I_MC_OVERHEAD,Warn OVERHEAD,System.Byte,,TRUE,FALSE
system.indicators.I_MC_OVHT,Warn OVHT_DET,System.Byte,,TRUE,FALSE
system.indicators.I_MCP_ALT_HOLD,MCP Alt hold,System.Byte,,TRUE,FALSE
system.indicators.I_MCP_APP,MCP APP,System.Byte,,TRUE,FALSE
system.indicators.I_MCP_AT,MCP A/T,System.Byte,,TRUE,FALSE
system.indicators.I_MCP_CMD_A,MCP CMD A,System.Byte,,TRUE,FALSE
system.indicators.I_MCP_CMD_B,MCP CMD B,System.Byte,,TRUE,FALSE
system.indicators.I_MCP_CWS_A,MCP CWS A,System.Byte,,TRUE,FALSE
system.indicators.I_MCP_CWS_B,MCP CWS B,System.Byte,,TRUE,FALSE
system.indicators.I_MCP_FCCA,MCP FCC A Master,System.Byte,,TRUE,FALSE
system.indicators.I_MCP_FCCB,MCP FCC B Master,System.Byte,,TRUE,FALSE
system.indicators.I_MCP_HDG_SEL,MCP HDG SEL,System.Byte,,TRUE,FALSE
system.indicators.I_MCP_LNAV,MCP LNAV,System.Byte,,TRUE,FALSE
system.indicators.I_MCP_LVLCHANGE,MCP Level Change,System.Byte,,TRUE,FALSE
system.indicators.I_MCP_N1,MCP N1,System.Byte,,TRUE,FALSE
system.indicators.I_MCP_SPEED,MCP Speed,System.Byte,,TRUE,FALSE
system.indicators.I_MCP_VNAV,MCP VNAV,System.Byte,,TRUE,FALSE
system.indicators.I_MCP_VORLOC,MCP VOR/LOC,System.Byte,,TRUE,FALSE
system.indicators.I_MCP_VS,MCP V/S,System.Byte,,TRUE,FALSE
system.indicators.I_MIP_ANTI_SKID_INOP,Anti skid INOP,System.Byte,,TRUE,FALSE
system.indicators.I_MIP_ASA_APA_1,ASA A/P Amber Capt,System.Byte,,TRUE,FALSE
system.indicators.I_MIP_ASA_APA_2,ASA A/P Amber F/O,System.Byte,,TRUE,FALSE
system.indicators.I_MIP_ASA_APR_1,ASA A/P Red Capt,System.Byte,,TRUE,FALSE
system.indicators.I_MIP_ASA_APR_2,ASA A/P Red F/O,System.Byte,,TRUE,FALSE
system.indicators.I_MIP_ASA_ATA_1,ASA A/T Amber Capt,System.Byte,,TRUE,FALSE
system.indicators.I_MIP_ASA_ATA_2,ASA A/T Amber F/O,System.Byte,,TRUE,FALSE
system.indicators.I_MIP_ASA_ATR_1,ASA A/T Red Capt,System.Byte,,TRUE,FALSE
system.indicators.I_MIP_ASA_ATR_2,ASA A/T Red F/O,System.Byte,,TRUE,FALSE
system.indicators.I_MIP_ASA_FMC_1,ASA FMC Capt,System.Byte,,TRUE,FALSE
system.indicators.I_MIP_ASA_FMC_2,ASA FMC F/O,System.Byte,,TRUE,FALSE
system.indicators.I_MIP_AUTOBRAKE_DISARM,Autobrake disarm,System.Byte,,TRUE,FALSE
system.indicators.I_MIP_AUTOLAND,Autoland,System.Byte,,TRUE,FALSE
system.indicators.I_MIP_AUTOLAND_FO,Autoland FO,System.Byte,,TRUE,FALSE
system.indicators.I_MIP_BELOW_GS_CP,Below GS CP,System.Byte,,TRUE,FALSE
system.indicators.I_MIP_BELOW_GS_FO,Below GS FO,System.Byte,,TRUE,FALSE
system.indicators.I_MIP_BRAKE_TEMP,Brake Temp,System.Byte,,TRUE,FALSE
system.indicators.I_MIP_CABIN_ALTITUDE,Cabin altitude indicator,System.Byte,,TRUE,FALSE
system.indicators.I_MIP_CABIN_ALTITUDE_FO,Cabin altitude indicator FO,System.Byte,,TRUE,FALSE
system.indicators.I_MIP_FLAP_LOAD_RELIEF,Flap load relief,System.Byte,,TRUE,FALSE
system.indicators.I_MIP_GEAR_LEFT_DOWN,Gear left,System.Byte,,TRUE,FALSE
system.indicators.I_MIP_GEAR_LEFT_TRANSIT,Gear left transit,System.Byte,,TRUE,FALSE
system.indicators.I_MIP_GEAR_NOSE_DOWN,Gear nose,System.Byte,,TRUE,FALSE
system.indicators.I_MIP_GEAR_NOSE_TRANSIT,Gear nose transit,System.Byte,,TRUE,FALSE
system.indicators.I_MIP_GEAR_RIGHT_DOWN,Gear right,System.Byte,,TRUE,FALSE
system.indicators.I_MIP_GEAR_RIGHT_TRANSIT,Gear right transit,System.Byte,,TRUE,FALSE
system.indicators.I_MIP_GPWS_INOP,GPWS Inop,System.Byte,,TRUE,FALSE
system.indicators.I_MIP_LE_FLAP_EXT,LE Flap Extend,System.Byte,,TRUE,FALSE
system.indicators.I_MIP_LE_FLAP_TRANSIT,LE Flap Transit,System.Byte,,TRUE,FALSE
system.indicators.I_MIP_PARKING_BRAKE,Parking brake,System.Byte,,TRUE,FALSE
system.indicators.I_MIP_RUNWAY_INOP,Runway Inop,System.Byte,,TRUE,FALSE
system.indicators.I_MIP_SPEEDBRAKE_DO_NOT_ARM,Speed brake do not arm,System.Byte,,TRUE,FALSE
system.indicators.I_MIP_SPOILER_ARMED,Spoiler Armed,System.Byte,,TRUE,FALSE
system.indicators.I_MIP_SPOILER_EXTEND,Spoiler Extend,System.Byte,,TRUE,FALSE
system.indicators.I_MIP_STAB_OUT_OF_TRIM,Stab out of trim,System.Byte,,TRUE,FALSE
system.indicators.I_MIP_TAKEOFF_CONFIG,Takeoff config,System.Byte,,TRUE,FALSE
system.indicators.I_MIP_TAKEOFF_CONFIG_FO,Takeoff config FO,System.Byte,,TRUE,FALSE
system.indicators.I_MISC_ATTEND,Attend call,System.Byte,,TRUE,FALSE
system.indicators.I_OH_ALPHA_VANE1,Alpha Vane Heat L,System.Byte,,TRUE,FALSE
system.indicators.I_OH_ALPHA_VANE2,Alpha Vane Heat R,System.Byte,,TRUE,FALSE
system.indicators.I_OH_APU_FAULT,APU FAULT,System.Byte,,TRUE,FALSE
system.indicators.I_OH_APU_GEN_OFF,APU GEN OFF BUS,System.Byte,,TRUE,FALSE
system.indicators.I_OH_APU_LOW_OIL_PRESSURE,APU Low oil pressure,System.Byte,,TRUE,FALSE
system.indicators.I_OH_APU_MAINT,APU Maint,System.Byte,,TRUE,FALSE
system.indicators.I_OH_APU_OVERSPEED,APU Overspeed,System.Byte,,TRUE,FALSE
system.indicators.I_OH_AUTO_SLAT,Auto slat Fail,System.Byte,,TRUE,FALSE
system.indicators.I_OH_AUX_PITOT,Aux Pitot Heat,System.Byte,,TRUE,FALSE
system.indicators.I_OH_BATT_DISCHARGE,Bat discharge,System.Byte,,TRUE,FALSE
system.indicators.I_OH_BLEED_TRIP_L,Bleed trip off 1,System.Byte,,TRUE,FALSE
system.indicators.I_OH_BLEED_TRIP_R,Bleed trip off 2,System.Byte,,TRUE,FALSE
system.indicators.I_OH_CALL,Call,System.Byte,,TRUE,FALSE
system.indicators.I_OH_CAPT_PITOT,Capt Pitot Heat,System.Byte,,TRUE,FALSE
system.indicators.I_OH_CO_PITOT,FO Pitot Heat,System.Byte,,TRUE,FALSE
system.indicators.I_OH_COWL_AI_L,Cowl Anti-Ice L,System.Byte,,TRUE,FALSE
system.indicators.I_OH_COWL_AI_R,Cowl Anti-Ice R,System.Byte,,TRUE,FALSE
system.indicators.I_OH_COWL_VALVE_L,Cowl valve open L,System.Byte,,TRUE,FALSE
system.indicators.I_OH_COWL_VALVE_R,Cowl valve open R,System.Byte,,TRUE,FALSE
system.indicators.I_OH_CROSSFEED,Crossfeed indicator,System.Byte,,TRUE,FALSE
system.indicators.I_OH_DOOR_AFT_CARGO,Door Aft Cargo,System.Byte,,TRUE,FALSE
system.indicators.I_OH_DOOR_AFT_ENTRY,Door Aft Entry,System.Byte,,TRUE,FALSE
system.indicators.I_OH_DOOR_AFT_SERVICE,Door Aft Service,System.Byte,,TRUE,FALSE
system.indicators.I_OH_DOOR_AIRSTAIRS,Door Air Stairs,System.Byte,,TRUE,FALSE
system.indicators.I_OH_DOOR_EQUIP,Door Equip,System.Byte,,TRUE,FALSE
system.indicators.I_OH_DOOR_FWD_CARGO,Door Fwd Cargo,System.Byte,,TRUE,FALSE
system.indicators.I_OH_DOOR_FWD_ENTRY,Door Fwd entry,System.Byte,,TRUE,FALSE
system.indicators.I_OH_DOOR_FWD_SERVICE,Door Fwd Service,System.Byte,,TRUE,FALSE
system.indicators.I_OH_DOOR_LEFT_AFT_OVERWING,Door Left Aft Overwing,System.Byte,,TRUE,FALSE
system.indicators.I_OH_DOOR_LEFT_FWD_OVERWING,Door Left Fwd Overwing,System.Byte,,TRUE,FALSE
system.indicators.I_OH_DOOR_RIGHT_AFT_OVERWING,Door Right Aft Overwing,System.Byte,,TRUE,FALSE
system.indicators.I_OH_DOOR_RIGHT_FWD_OVERWING,Door Right Fwd Overwing,System.Byte,,TRUE,FALSE
system.indicators.I_OH_DRIVE1,Drive 1,System.Byte,,TRUE,FALSE
system.indicators.I_OH_DRIVE2,Drive 2,System.Byte,,TRUE,FALSE
system.indicators.I_OH_DUALBLEED,Dual bleed,System.Byte,,TRUE,FALSE
system.indicators.I_OH_DUCT_PRESS_L_0,Pressure gauge Left output 0,System.Byte,,TRUE,FALSE
system.indicators.I_OH_DUCT_PRESS_L_1,Pressure gauge Left output 1,System.Byte,,TRUE,FALSE
system.indicators.I_OH_DUCT_PRESS_L_2,Pressure gauge Left output 2,System.Byte,,TRUE,FALSE
system.indicators.I_OH_DUCT_PRESS_L_3,Pressure gauge Left output 3,System.Byte,,TRUE,FALSE
system.indicators.I_OH_DUCT_PRESS_L_4,Pressure gauge Left output 4,System.Byte,,TRUE,FALSE
system.indicators.I_OH_DUCT_PRESS_L_5,Pressure gauge Left output 5,System.Byte,,TRUE,FALSE
system.indicators.I_OH_DUCT_PRESS_L_6,Pressure gauge Left output 6,System.Byte,,TRUE,FALSE
system.indicators.I_OH_DUCT_PRESS_L_7,Pressure gauge Left output 7,System.Byte,,TRUE,FALSE
system.indicators.I_OH_DUCT_PRESS_L_8,Pressure gauge Left output 8,System.Byte,,TRUE,FALSE
system.indicators.I_OH_DUCT_PRESS_R_0,Pressure gauge Right output 0,System.Byte,,TRUE,FALSE
system.indicators.I_OH_DUCT_PRESS_R_1,Pressure gauge Right output 1,System.Byte,,TRUE,FALSE
system.indicators.I_OH_DUCT_PRESS_R_2,Pressure gauge Right output 2,System.Byte,,TRUE,FALSE
system.indicators.I_OH_DUCT_PRESS_R_3,Pressure gauge Right output 3,System.Byte,,TRUE,FALSE
system.indicators.I_OH_DUCT_PRESS_R_4,Pressure gauge Right output 4,System.Byte,,TRUE,FALSE
system.indicators.I_OH_DUCT_PRESS_R_5,Pressure gauge Right output 5,System.Byte,,TRUE,FALSE
system.indicators.I_OH_DUCT_PRESS_R_6,Pressure gauge Right output 6,System.Byte,,TRUE,FALSE
system.indicators.I_OH_DUCT_PRESS_R_7,Pressure gauge Right output 7,System.Byte,,TRUE,FALSE
system.indicators.I_OH_DUCT_PRESS_R_8,Pressure gauge Right output 8,System.Byte,,TRUE,FALSE
system.indicators.I_OH_EEC_ALTN1,EEC Altn left,System.Byte,,TRUE,FALSE
system.indicators.I_OH_EEC_ALTN2,EEC Altn right,System.Byte,,TRUE,FALSE
system.indicators.I_OH_EEC1,EEC On left,System.Byte,,TRUE,FALSE
system.indicators.I_OH_EEC2,EEC On right,System.Byte,,TRUE,FALSE
system.indicators.I_OH_ELEC,ELEC,System.Byte,,TRUE,FALSE
system.indicators.I_OH_ELEC_HYD_PUMP_1,Hyd ELEC1 LP,System.Byte,,TRUE,FALSE
system.indicators.I_OH_ELEC_HYD_PUMP_2,Hyd ELEC2 LP,System.Byte,,TRUE,FALSE
system.indicators.I_OH_ELEC_HYD_PUMP_OVHT_1,Hyd ELEC1 OVHT,System.Byte,,TRUE,FALSE
system.indicators.I_OH_ELEC_HYD_PUMP_OVHT_2,Hyd ELEC2 OVHT,System.Byte,,TRUE,FALSE
system.indicators.I_OH_ELEV_PITOT1,Elev pitot Heat L,System.Byte,,TRUE,FALSE
system.indicators.I_OH_ELEV_PITOT2,Elev pitot Heat R,System.Byte,,TRUE,FALSE
system.indicators.I_OH_ELT,ELT,System.Byte,,TRUE,FALSE
system.indicators.I_OH_EMERG_EXIT_LIGHTS,Emerg Exit Lights not armed,System.Byte,,TRUE,FALSE
system.indicators.I_OH_ENG_HYD_PUMP_L,Hyd ENG1 LP,System.Byte,,TRUE,FALSE
system.indicators.I_OH_ENG_HYD_PUMP_R,Hyd ENG2 LP,System.Byte,,TRUE,FALSE
system.indicators.I_OH_ENG_VALVE_CLOSED_L,ENG Valve Closed L,System.Byte,,TRUE,FALSE
system.indicators.I_OH_ENG_VALVE_CLOSED_R,ENG Valve Closed R,System.Byte,,TRUE,FALSE
system.indicators.I_OH_ENGINE_CONTROL1,Engine control left,System.Byte,,TRUE,FALSE
system.indicators.I_OH_ENGINE_CONTROL2,Engine control right,System.Byte,,TRUE,FALSE
system.indicators.I_OH_EQUIP_COOLING_EXHAUST,Equip cooling exhaust Off,System.Byte,,TRUE,FALSE
system.indicators.I_OH_EQUIP_COOLING_SUPPLY,Equip cooling supply Off,System.Byte,,TRUE,FALSE
system.indicators.I_OH_FEEL_DIFF_PRESS,Feel Diff Press,System.Byte,,TRUE,FALSE
system.indicators.I_OH_FILTER_BYPASS1,Filter Bypass L,System.Byte,,TRUE,FALSE
system.indicators.I_OH_FILTER_BYPASS2,Filter Bypass R,System.Byte,,TRUE,FALSE
system.indicators.I_OH_FLIGHT_REC,Flight recorder off,System.Byte,,TRUE,FALSE
system.indicators.I_OH_FLT_CTRL_LOW_PRESS_A,FLT Control low pressure A,System.Byte,,TRUE,FALSE
system.indicators.I_OH_FLT_CTRL_LOW_PRESS_B,FLT Control low pressure B,System.Byte,,TRUE,FALSE
system.indicators.I_OH_FUEL_PUMP_CL,Fuel Center Left LP,System.Byte,,TRUE,FALSE
system.indicators.I_OH_FUEL_PUMP_CR,Fuel Center Right LP,System.Byte,,TRUE,FALSE
system.indicators.I_OH_FUEL_PUMP_LA,Fuel Left Aft LP,System.Byte,,TRUE,FALSE
system.indicators.I_OH_FUEL_PUMP_LF,Fuel Left Fwd LP,System.Byte,,TRUE,FALSE
system.indicators.I_OH_FUEL_PUMP_RA,Fuel Right Aft LP,System.Byte,,TRUE,FALSE
system.indicators.I_OH_FUEL_PUMP_RF,Fuel Right Fwd LP,System.Byte,,TRUE,FALSE
system.indicators.I_OH_GEAR_LEFT_DOWN,Gear left aft ovh,System.Byte,,TRUE,FALSE
system.indicators.I_OH_GEAR_NOSE_DOWN,Gear nose aft ovh,System.Byte,,TRUE,FALSE
system.indicators.I_OH_GEAR_RIGHT_DOWN,Gear right aft ovh,System.Byte,,TRUE,FALSE
system.indicators.I_OH_GEN_BUS_OFF1,GEN BUS OFF 1,System.Byte,,TRUE,FALSE
system.indicators.I_OH_GEN_BUS_OFF2,GEN BUS OFF 2,System.Byte,,TRUE,FALSE
system.indicators.I_OH_GLS,GLS,System.Byte,,TRUE,FALSE
system.indicators.I_OH_GPS,GPS,System.Byte,,TRUE,FALSE
system.indicators.I_OH_GROUND_POWER_AVAILABLE,Grd Pwr available,System.Byte,,TRUE,FALSE
system.indicators.I_OH_HIGH_ALT_LDG_INOP,HIGH ALT LDG INOP,System.Byte,,TRUE,FALSE
system.indicators.I_OH_HIGH_ALT_LDG_ON,HIGH ALT LDG ON,System.Byte,,TRUE,FALSE
system.indicators.I_OH_HYD_STBY_LOW_PRESS,Hyd standby low pressure,System.Byte,,TRUE,FALSE
system.indicators.I_OH_HYD_STBY_LOW_QUANT,Hyd standby low quantity,System.Byte,,TRUE,FALSE
system.indicators.I_OH_ILS,ILS,System.Byte,,TRUE,FALSE
system.indicators.I_OH_IRS_ALIGN_L,IRS left align,System.Byte,,TRUE,FALSE
system.indicators.I_OH_IRS_ALIGN_R,IRS right align,System.Byte,,TRUE,FALSE
system.indicators.I_OH_IRS_CLR_KEY,IRS Keypad CLR cue,System.Byte,,TRUE,FALSE
system.indicators.I_OH_IRS_DCFAIL_L,IRS left DC Fail,System.Byte,,TRUE,FALSE
system.indicators.I_OH_IRS_DCFAIL_R,IRS right DC Fail,System.Byte,,TRUE,FALSE
system.indicators.I_OH_IRS_DOT1,IRS Panel dot 1,System.Byte,,TRUE,FALSE
system.indicators.I_OH_IRS_DOT2,IRS Panel dot 2,System.Byte,,TRUE,FALSE
system.indicators.I_OH_IRS_DOT3,IRS Panel dot 3,System.Byte,,TRUE,FALSE
system.indicators.I_OH_IRS_DOT4,IRS Panel dot 4,System.Byte,,TRUE,FALSE
system.indicators.I_OH_IRS_DOT5,IRS Panel dot 5,System.Byte,,TRUE,FALSE
system.indicators.I_OH_IRS_DOT6,IRS Panel dot 6,System.Byte,,TRUE,FALSE
system.indicators.I_OH_IRS_ENT_KEY,IRS Keypad ENT cue,System.Byte,,TRUE,FALSE
system.indicators.I_OH_IRS_FAULT_L,IRS left Fault,System.Byte,,TRUE,FALSE
system.indicators.I_OH_IRS_FAULT_R,IRS right Fault,System.Byte,,TRUE,FALSE
system.indicators.I_OH_IRS_ONDC_L,IRS left On DC,System.Byte,,TRUE,FALSE
system.indicators.I_OH_IRS_ONDC_R,IRS right On DC,System.Byte,,TRUE,FALSE
system.indicators.I_OH_LAV_SMOKE,Lavatory smoke,System.Byte,,TRUE,FALSE
system.indicators.I_OH_LEDEVICES_EXT_FLAP1,Flaps extended 1,System.Byte,,TRUE,FALSE
system.indicators.I_OH_LEDEVICES_EXT_FLAP2,Flaps extended 2,System.Byte,,TRUE,FALSE
system.indicators.I_OH_LEDEVICES_EXT_FLAP3,Flaps extended 3,System.Byte,,TRUE,FALSE
system.indicators.I_OH_LEDEVICES_EXT_FLAP4,Flaps extended 4,System.Byte,,TRUE,FALSE
system.indicators.I_OH_LEDEVICES_EXT_SLAT1,Slats extended 1,System.Byte,,TRUE,FALSE
system.indicators.I_OH_LEDEVICES_EXT_SLAT2,Slats extended 2,System.Byte,,TRUE,FALSE
system.indicators.I_OH_LEDEVICES_EXT_SLAT3,Slats extended 3,System.Byte,,TRUE,FALSE
system.indicators.I_OH_LEDEVICES_EXT_SLAT4,Slats extended 4,System.Byte,,TRUE,FALSE
system.indicators.I_OH_LEDEVICES_EXT_SLAT5,Slats extended 5,System.Byte,,TRUE,FALSE
system.indicators.I_OH_LEDEVICES_EXT_SLAT6,Slats extended 6,System.Byte,,TRUE,FALSE
system.indicators.I_OH_LEDEVICES_EXT_SLAT7,Slats extended 7,System.Byte,,TRUE,FALSE
system.indicators.I_OH_LEDEVICES_EXT_SLAT8,Slats extended 8,System.Byte,,TRUE,FALSE
system.indicators.I_OH_LEDEVICES_FULLEXT_SLAT1,Slats fullExtended 1,System.Byte,,TRUE,FALSE
system.indicators.I_OH_LEDEVICES_FULLEXT_SLAT2,Slats fullExtended 2,System.Byte,,TRUE,FALSE
system.indicators.I_OH_LEDEVICES_FULLEXT_SLAT3,Slats fullExtended 3,System.Byte,,TRUE,FALSE
system.indicators.I_OH_LEDEVICES_FULLEXT_SLAT4,Slats fullExtended 4,System.Byte,,TRUE,FALSE
system.indicators.I_OH_LEDEVICES_FULLEXT_SLAT5,Slats fullExtended 5,System.Byte,,TRUE,FALSE
system.indicators.I_OH_LEDEVICES_FULLEXT_SLAT6,Slats fullExtended 6,System.Byte,,TRUE,FALSE
system.indicators.I_OH_LEDEVICES_FULLEXT_SLAT7,Slats fullExtended 7,System.Byte,,TRUE,FALSE
system.indicators.I_OH_LEDEVICES_FULLEXT_SLAT8,Slats fullExtended 8,System.Byte,,TRUE,FALSE
system.indicators.I_OH_LEDEVICES_TRANS_FLAP1,Flaps transit 1,System.Byte,,TRUE,FALSE
system.indicators.I_OH_LEDEVICES_TRANS_FLAP2,Flaps transit 2,System.Byte,,TRUE,FALSE
system.indicators.I_OH_LEDEVICES_TRANS_FLAP3,Flaps transit 3,System.Byte,,TRUE,FALSE
system.indicators.I_OH_LEDEVICES_TRANS_FLAP4,Flaps transit 4,System.Byte,,TRUE,FALSE
system.indicators.I_OH_LEDEVICES_TRANS_SLAT1,Slats transit 1,System.Byte,,TRUE,FALSE
system.indicators.I_OH_LEDEVICES_TRANS_SLAT2,Slats transit 2,System.Byte,,TRUE,FALSE
system.indicators.I_OH_LEDEVICES_TRANS_SLAT3,Slats transit 3,System.Byte,,TRUE,FALSE
system.indicators.I_OH_LEDEVICES_TRANS_SLAT4,Slats transit 4,System.Byte,,TRUE,FALSE
system.indicators.I_OH_LEDEVICES_TRANS_SLAT5,Slats transit 5,System.Byte,,TRUE,FALSE
system.indicators.I_OH_LEDEVICES_TRANS_SLAT6,Slats transit 6,System.Byte,,TRUE,FALSE
system.indicators.I_OH_LEDEVICES_TRANS_SLAT7,Slats transit 7,System.Byte,,TRUE,FALSE
system.indicators.I_OH_LEDEVICES_TRANS_SLAT8,Slats transit 8,System.Byte,,TRUE,FALSE
system.indicators.I_OH_MACH_TRIM,Mach Trim Fail,System.Byte,,TRUE,FALSE
system.indicators.I_OH_OUTFLOW_VALVE_0,Outflow valve gauge output 0,System.Byte,,TRUE,FALSE
system.indicators.I_OH_OUTFLOW_VALVE_1,Outflow valve gauge output 1,System.Byte,,TRUE,FALSE
system.indicators.I_OH_OUTFLOW_VALVE_2,Outflow valve gauge output 2,System.Byte,,TRUE,FALSE
system.indicators.I_OH_OUTFLOW_VALVE_3,Outflow valve gauge output 3,System.Byte,,TRUE,FALSE
system.indicators.I_OH_OUTFLOW_VALVE_4,Outflow valve gauge output 4,System.Byte,,TRUE,FALSE
system.indicators.I_OH_OUTFLOW_VALVE_5,Outflow valve gauge output 5,System.Byte,,TRUE,FALSE
system.indicators.I_OH_OUTFLOW_VALVE_6,Outflow valve gauge output 6,System.Byte,,TRUE,FALSE
system.indicators.I_OH_PA_IN_USE,PA IN USE,System.Byte,,TRUE,FALSE
system.indicators.I_OH_PACK_L,Pack L,System.Byte,,TRUE,FALSE
system.indicators.I_OH_PACK_R,Pack R,System.Byte,,TRUE,FALSE
system.indicators.I_OH_PASS_OXY_ON,Pass oxy on,System.Byte,,TRUE,FALSE
system.indicators.I_OH_PRES_ALTN,Pressurization altn,System.Byte,,TRUE,FALSE
system.indicators.I_OH_PRES_AUTO_FAIL,Pressurization auto fail,System.Byte,,TRUE,FALSE
system.indicators.I_OH_PRES_MANUAL,Pressurization manual,System.Byte,,TRUE,FALSE
system.indicators.I_OH_PRES_OFFSCHED,Off sched descent,System.Byte,,TRUE,FALSE
system.indicators.I_OH_PSEU,PSEU,System.Byte,,TRUE,FALSE
system.indicators.I_OH_RAMDOOR_L,Ram door full open L,System.Byte,,TRUE,FALSE
system.indicators.I_OH_RAMDOOR_R,Ram door full open R,System.Byte,,TRUE,FALSE
system.indicators.I_OH_REVERSER1,Reverser left,System.Byte,,TRUE,FALSE
system.indicators.I_OH_REVERSER2,Reverser right,System.Byte,,TRUE,FALSE
system.indicators.I_OH_SOURCE_OFF1,Source OFF 1,System.Byte,,TRUE,FALSE
system.indicators.I_OH_SOURCE_OFF2,Source OFF 2,System.Byte,,TRUE,FALSE
system.indicators.I_OH_SPAR_VALVE_CLOSED_L,SPAR Valve Closed L,System.Byte,,TRUE,FALSE
system.indicators.I_OH_SPAR_VALVE_CLOSED_R,SPAR Valve Closed R,System.Byte,,TRUE,FALSE
system.indicators.I_OH_SPEED_TRIM,Speed Trim Fail,System.Byte,,TRUE,FALSE
system.indicators.I_OH_STDBY_POWER_OFF,Standby pwr off,System.Byte,,TRUE,FALSE
system.indicators.I_OH_STDBY_RUD_ON,Stdby Rud On,System.Byte,,TRUE,FALSE
system.indicators.I_OH_TEMP_PROBE,Temp Probe Heat,System.Byte,,TRUE,FALSE
system.indicators.I_OH_TR_UNIT,TR UNIT,System.Byte,,TRUE,FALSE
system.indicators.I_OH_TRANS_OFF1,Transfer bus OFF 1,System.Byte,,TRUE,FALSE
system.indicators.I_OH_TRANS_OFF2,Transfer bus OFF 2,System.Byte,,TRUE,FALSE
system.indicators.I_OH_VOICE_RECORDER_STATUS,Voice recorder status,System.Byte,,TRUE,FALSE
system.indicators.I_OH_WAI_VALVE_L,WAI L Valve Open,System.Byte,,TRUE,FALSE
system.indicators.I_OH_WAI_VALVE_R,WAI R Valve Open,System.Byte,,TRUE,FALSE
system.indicators.I_OH_WINDOW_HEAT_FL,Window heat FWD L on,System.Byte,,TRUE,FALSE
system.indicators.I_OH_WINDOW_HEAT_FR,Window heat FWD R on,System.Byte,,TRUE,FALSE
system.indicators.I_OH_WINDOW_HEAT_OFF_FL,Window heat FWD L off,System.Byte,,TRUE,FALSE
system.indicators.I_OH_WINDOW_HEAT_OFF_FR,Window heat FWD R off,System.Byte,,TRUE,FALSE
system.indicators.I_OH_WINDOW_HEAT_OFF_SL,Window heat Side L off,System.Byte,,TRUE,FALSE
system.indicators.I_OH_WINDOW_HEAT_OFF_SR,Window heat Side R off,System.Byte,,TRUE,FALSE
system.indicators.I_OH_WINDOW_HEAT_OVT_FL,Window heat FWD L overheat,System.Byte,,TRUE,FALSE
system.indicators.I_OH_WINDOW_HEAT_OVT_FR,Window heat FWD R overheat,System.Byte,,TRUE,FALSE
system.indicators.I_OH_WINDOW_HEAT_OVT_SL,Window heat Side L overheat,System.Byte,,TRUE,FALSE
system.indicators.I_OH_WINDOW_HEAT_OVT_SR,Window heat Side R overheat,System.Byte,,TRUE,FALSE
system.indicators.I_OH_WINDOW_HEAT_SL,Window heat Side L on,System.Byte,,TRUE,FALSE
system.indicators.I_OH_WINDOW_HEAT_SR,Window heat Side R on,System.Byte,,TRUE,FALSE
system.indicators.I_OH_WINGBODY_OVT_L,Wing-body overheat 1,System.Byte,,TRUE,FALSE
system.indicators.I_OH_WINGBODY_OVT_R,Wing-body overheat 2,System.Byte,,TRUE,FALSE
system.indicators.I_OH_YAW_DAMPER,Yaw damper,System.Byte,,TRUE,FALSE
system.indicators.I_OH_ZONE_TEMP_AFT,Zone temp AFT CAB,System.Byte,,TRUE,FALSE
system.indicators.I_OH_ZONE_TEMP_CONT,Zone temp CONT CAB,System.Byte,,TRUE,FALSE
system.indicators.I_OH_ZONE_TEMP_FWD,Zone temp FWD CAB,System.Byte,,TRUE,FALSE
system.indicators.I_R_SLEEVE_LOCK_1,EAU Engine 1 R Sleeve Lock Indicator,System.Byte,,TRUE,FALSE
system.indicators.I_RADIO_ADF1_ADF,ADF1 ADF,System.Byte,,TRUE,FALSE
system.indicators.I_RADIO_ADF1_ANT,ADF1 ANT,System.Byte,,TRUE,FALSE
system.indicators.I_RADIO_ADF2_ADF,ADF2 ADF,System.Byte,,TRUE,FALSE
system.indicators.I_RADIO_ADF2_ANT,ADF2 ANT,System.Byte,,TRUE,FALSE
system.indicators.I_RADIO_HF1_AM,HF1 AM modulation,System.Byte,,TRUE,FALSE
system.indicators.I_RADIO_HF2_AM,HF2 AM modulation,System.Byte,,TRUE,FALSE
system.indicators.I_RMP1_ADF,RMP Capt ADF indicator,System.Byte,,TRUE,FALSE
system.indicators.I_RMP1_AM,RMP Capt AM,System.Byte,,TRUE,FALSE
system.indicators.I_RMP1_HF1,RMP Capt HF1 indicator,System.Byte,,TRUE,FALSE
system.indicators.I_RMP1_HF2,RMP Capt HF2 indicator,System.Byte,,TRUE,FALSE
system.indicators.I_RMP1_NAV1,RMP Capt NAV1 indicator,System.Byte,,TRUE,FALSE
system.indicators.I_RMP1_NAV2,RMP Capt NAV2 indicator,System.Byte,,TRUE,FALSE
system.indicators.I_RMP1_OFFSIDE_TUNING,RMP Capt offside tuning,System.Byte,,TRUE,FALSE
system.indicators.I_RMP1_VHF1,RMP Capt VHF1 indicator,System.Byte,,TRUE,FALSE
system.indicators.I_RMP1_VHF2,RMP Capt VHF2 indicator,System.Byte,,TRUE,FALSE
system.indicators.I_RMP1_VHF3,RMP Capt VHF3 indicator,System.Byte,,TRUE,FALSE
system.indicators.I_RMP2_ADF,RMP F/O ADF indicator,System.Byte,,TRUE,FALSE
system.indicators.I_RMP2_AM,RMP F/O AM,System.Byte,,TRUE,FALSE
system.indicators.I_RMP2_HF1,RMP F/O HF1 indicator,System.Byte,,TRUE,FALSE
system.indicators.I_RMP2_HF2,RMP F/O HF2 indicator,System.Byte,,TRUE,FALSE
system.indicators.I_RMP2_NAV1,RMP F/O NAV1 indicator,System.Byte,,TRUE,FALSE
system.indicators.I_RMP2_NAV2,RMP F/O NAV2 indicator,System.Byte,,TRUE,FALSE
system.indicators.I_RMP2_OFFSIDE_TUNING,RMP F/O offside tuning,System.Byte,,TRUE,FALSE
system.indicators.I_RMP2_VHF1,RMP F/O VHF1 indicator,System.Byte,,TRUE,FALSE
system.indicators.I_RMP2_VHF2,RMP F/O VHF2 indicator,System.Byte,,TRUE,FALSE
system.indicators.I_RMP2_VHF3,RMP F/O VHF3 indicator,System.Byte,,TRUE,FALSE
system.indicators.I_SELCAL_HF1,SELCAL HF1 indicator,System.Byte,,TRUE,FALSE
system.indicators.I_SELCAL_HF2,SELCAL HF2 indicator,System.Byte,,TRUE,FALSE
system.indicators.I_SELCAL_VHF1,SELCAL VHF1 indicator,System.Byte,,TRUE,FALSE
system.indicators.I_SELCAL_VHF2,SELCAL VHF2 indicator,System.Byte,,TRUE,FALSE
system.indicators.I_SELCAL_VHF3,SELCAL VHF3 indicator,System.Byte,,TRUE,FALSE
system.indicators.I_WR_MAP_LEFT,Weather Radar MAP Left Indicator,System.Byte,,TRUE,FALSE
system.indicators.I_WR_MAP_RIGHT,Weather Radar MAP Right Indicator,System.Byte,,TRUE,FALSE
system.indicators.I_WR_WX_LEFT,Weather Radar WX Left Indicator,System.Byte,,TRUE,FALSE
system.indicators.I_WR_WX_RIGHT,Weather Radar WX Right Indicator,System.Byte,,TRUE,FALSE
system.indicators.I_WR_WXT_LEFT,Weather Radar WX+T Left Indicator,System.Byte,,TRUE,FALSE
system.indicators.I_WR_WXT_RIGHT,Weather Radar WX+T Right Indicator,System.Byte,,TRUE,FALSE
system.indicators.I_XPDR_ATC_1,Transponder 1 Active,System.Byte,,TRUE,FALSE
system.indicators.I_XPDR_ATC_2,Transponder 2 Active,System.Byte,,TRUE,FALSE
system.indicators.I_XPDR_FAIL,XPDR Fail,System.Byte,,TRUE,FALSE
system.lcd.D_OH_ELEC,Electric Panel,System.String,,TRUE,FALSE
                    ,,,,,
                    ,,,,,
23               113,,,,,
,,,,,
system.lcd.D_OH_IRS,IRS Display,System.String,,TRUE,FALSE
,,,,,
system.numerical.N_ADF1_ACT_MODE,Radio Active mode ADF1,System.Double,,TRUE,FALSE
system.numerical.N_ADF1_STDBY_MODE,Radio Standby mode ADF1,System.Double,,TRUE,FALSE
system.numerical.N_ADF2_ACT_MODE,Radio Active mode ADF2,System.Double,,TRUE,FALSE
system.numerical.N_ADF2_STDBY_MODE,Radio Standby mode ADF2,System.Double,,TRUE,FALSE
system.numerical.N_AIR_PRESSURE_ALT,Pressure altitude,System.Double,,TRUE,FALSE
system.numerical.N_CHRONO_CAP_L_L,Chrono capt 7seg lower left,System.Double,,TRUE,FALSE
system.numerical.N_CHRONO_CAP_L_MODE,Chrono capt lower display mode,System.Double,,TRUE,FALSE
system.numerical.N_CHRONO_CAP_L_R,Chrono capt 7seg lower right,System.Double,,TRUE,FALSE
system.numerical.N_CHRONO_CAP_U_L,Chrono capt 7seg upper left,System.Double,,TRUE,FALSE
system.numerical.N_CHRONO_CAP_U_MODE,Chrono capt upper display mode,System.Double,,TRUE,FALSE
system.numerical.N_CHRONO_CAP_U_R,Chrono capt 7seg upper right,System.Double,,TRUE,FALSE
system.numerical.N_CHRONO_FO_L_L,Chrono f/o 7seg lower left,System.Double,,TRUE,FALSE
system.numerical.N_CHRONO_FO_L_MODE,Chrono f/o lower display mode,System.Double,,TRUE,FALSE
system.numerical.N_CHRONO_FO_L_R,Chrono f/o 7seg lower right,System.Double,,TRUE,FALSE
system.numerical.N_CHRONO_FO_U_L,Chrono f/o 7seg upper left,System.Double,,TRUE,FALSE
system.numerical.N_CHRONO_FO_U_MODE,Chrono f/o upper display mode,System.Double,,TRUE,FALSE
system.numerical.N_CHRONO_FO_U_R,Chrono f/o 7seg upper right,System.Double,,TRUE,FALSE
system.numerical.N_COM1_ACT_MODE,Radio Active mode COM1,System.Double,,TRUE,FALSE
system.numerical.N_COM1_STDBY_MODE,Radio Standby mode COM1,System.Double,,TRUE,FALSE
system.numerical.N_COM2_ACT_MODE,Radio Active mode COM2,System.Double,,TRUE,FALSE
system.numerical.N_COM2_STDBY_MODE,Radio Standby mode COM2,System.Double,,TRUE,FALSE
system.numerical.N_COM3_ACT_MODE,Radio Active mode COM3,System.Double,,TRUE,FALSE
system.numerical.N_COM3_STDBY_MODE,Radio Standby mode COM3,System.Double,,TRUE,FALSE
system.numerical.N_ELEC_PANEL_LOWER_CENTER,Electric Panel Lower center,System.Double,,TRUE,FALSE
system.numerical.N_ELEC_PANEL_LOWER_LEFT,Electric Panel Lower left,System.Double,,TRUE,FALSE
system.numerical.N_ELEC_PANEL_LOWER_RIGHT,Electric Panel Lower right,System.Double,,TRUE,FALSE
system.numerical.N_ELEC_PANEL_UPPER_CENTER,Electric Panel Upper center,System.Double,,TRUE,FALSE
system.numerical.N_ELEC_PANEL_UPPER_LEFT,Electric Panel Upper left,System.Double,,TRUE,FALSE
system.numerical.N_ELEC_PANEL_UPPER_RIGHT,Electric Panel Upper right,System.Double,,TRUE,FALSE
system.numerical.N_FREQ_ADF1,Radio freq ADF1,System.Double,,TRUE,FALSE
system.numerical.N_FREQ_ADF2,Radio freq ADF2,System.Double,,TRUE,FALSE
system.numerical.N_FREQ_COM1,Radio freq COM1,System.Double,,TRUE,FALSE
system.numerical.N_FREQ_COM2,Radio freq COM2,System.Double,,TRUE,FALSE
system.numerical.N_FREQ_COM3,Radio freq COM3,System.Double,,TRUE,FALSE
system.numerical.N_FREQ_HF1,Radio freq HF1,System.Double,,TRUE,FALSE
system.numerical.N_FREQ_HF2,Radio freq HF2,System.Double,,TRUE,FALSE
system.numerical.N_FREQ_NAV1,Radio freq NAV1,System.Double,,TRUE,FALSE
system.numerical.N_FREQ_NAV2,Radio freq NAV2,System.Double,,TRUE,FALSE
system.numerical.N_FREQ_STANDBY_ADF1,Radio standby freq ADF1,System.Double,,TRUE,FALSE
system.numerical.N_FREQ_STANDBY_ADF2,Radio standby freq ADF2,System.Double,,TRUE,FALSE
system.numerical.N_FREQ_STANDBY_COM1,Radio standby freq COM1,System.Double,,TRUE,FALSE
system.numerical.N_FREQ_STANDBY_COM2,Radio standby freq COM2,System.Double,,TRUE,FALSE
system.numerical.N_FREQ_STANDBY_COM3,Radio standby freq COM3,System.Double,,TRUE,FALSE
system.numerical.N_FREQ_STANDBY_HF1,Radio standby freq HF1,System.Double,,TRUE,FALSE
system.numerical.N_FREQ_STANDBY_HF2,Radio standby freq HF2,System.Double,,TRUE,FALSE
system.numerical.N_FREQ_STANDBY_NAV1,Radio standby freq NAV1,System.Double,,TRUE,FALSE
system.numerical.N_FREQ_STANDBY_NAV2,Radio standby freq NAV2,System.Double,,TRUE,FALSE
system.numerical.N_FREQ_STANDBY_XPDR_SELECTED,Radio standby freq XPDR Panel,System.Double,,TRUE,FALSE
system.numerical.N_FREQ_STANDBY_XPDR2,Radio standby freq XPDR2,System.Double,,TRUE,FALSE
system.numerical.N_FREQ_XPDR,Radio freq XPDR,System.Double,,TRUE,FALSE
system.numerical.N_FREQ_XPDR_SELECTED,Radio freq XPDR Panel,System.Double,,TRUE,FALSE
system.numerical.N_FREQ_XPDR2,Radio freq XPDR2,System.Double,,TRUE,FALSE
system.numerical.N_FUEL_FLOW_1,Fuel Flow left,System.Double,,TRUE,FALSE
system.numerical.N_FUEL_FLOW_2,Fuel Flow right,System.Double,,TRUE,FALSE
system.numerical.N_IRS_DISP_LEFT,IRS Display left number,System.Double,,TRUE,FALSE
system.numerical.N_IRS_DISP_LEFT_CHAR_STATE,IRS Display left char state,System.Double,,TRUE,FALSE
system.numerical.N_IRS_DISP_LEFT_MODE,IRS Display left mode,System.Double,,TRUE,FALSE
system.numerical.N_IRS_DISP_RIGHT,IRS Display right number,System.Double,,TRUE,FALSE
system.numerical.N_IRS_DISP_RIGHT_CHAR_STATE,IRS Display right char state,System.Double,,TRUE,FALSE
system.numerical.N_IRS_DISP_RIGHT_MODE,IRS Display right mode,System.Double,,TRUE,FALSE
system.numerical.N_MAP_CHART_CAPT,Chart light captain output,System.Double,,TRUE,FALSE
system.numerical.N_MAP_CHART_FO,Chart light F/O output,System.Double,,TRUE,FALSE
system.numerical.N_MAP_LIGHT_CAPT,Map light captain output,System.Double,,TRUE,FALSE
system.numerical.N_MAP_LIGHT_FO,Map light F/O output,System.Double,,TRUE,FALSE
system.numerical.N_MCP_ALT,MCP ALT VAL output,System.Double,,TRUE,FALSE
system.numerical.N_MCP_COURSE1,MCP COURSE 1 VAL output,System.Double,,TRUE,FALSE
system.numerical.N_MCP_COURSE2,MCP COURSE 2 VAL output,System.Double,,TRUE,FALSE
system.numerical.N_MCP_HEADING,MCP HEADING VAL output,System.Double,,TRUE,FALSE
system.numerical.N_MCP_SPEED,MCP SPEED VAL output,System.Double,,TRUE,FALSE
system.numerical.N_MCP_VS,MCP V/S VAL output,System.Double,,TRUE,FALSE
system.numerical.N_MIP_CAPT_LIGHT_PANEL,MIP panel capt light output,System.Double,,TRUE,FALSE
system.numerical.N_MIP_FLAP_GAUGE_LEFT,Flap numerical,System.Double,,TRUE,FALSE
system.numerical.N_MIP_FLAP_GAUGE_RIGHT,Flap right numerical,System.Double,,TRUE,FALSE
system.numerical.N_MIP_FLOOD_AFDS,AFDS flood light output,System.Double,,TRUE,FALSE
system.numerical.N_MIP_FLOOD_LIGHT,MIP flood light output,System.Double,,TRUE,FALSE
system.numerical.N_MIP_FO_LIGHT_PANEL,MIP panel fo light output,System.Double,,TRUE,FALSE
system.numerical.N_MIP_MCP_BACKGROUND,MCP background light output,System.Double,,TRUE,FALSE
system.numerical.N_MIP_PANEL,Panel lights output,System.Double,,TRUE,FALSE
system.numerical.N_MULTINAV1_DISPLAY_MODE_ACTIVE,Multi Nav CAPT active display mode,System.Double,,TRUE,FALSE
system.numerical.N_MULTINAV1_DISPLAY_MODE_STDBY,Multi Nav CAPT standby display mode,System.Double,,TRUE,FALSE
system.numerical.N_MULTINAV1_NAV_MODE_ACTIVE,Multi Nav CAPT active nav mode,System.Double,,TRUE,FALSE
system.numerical.N_MULTINAV1_NAV_MODE_STDBY,Multi Nav CAPT standby nav mode,System.Double,,TRUE,FALSE
system.numerical.N_MULTINAV1_VALUE_ACTIVE,Multi Nav CAPT active value,System.Double,,TRUE,FALSE
system.numerical.N_MULTINAV1_VALUE_STDBY,Multi Nav CAPT standby value,System.Double,,TRUE,FALSE
system.numerical.N_MULTINAV2_DISPLAY_MODE_ACTIVE,Multi Nav F/O active display mode,System.Double,,TRUE,FALSE
system.numerical.N_MULTINAV2_DISPLAY_MODE_STDBY,Multi Nav F/O standby display mode,System.Double,,TRUE,FALSE
system.numerical.N_MULTINAV2_NAV_MODE_ACTIVE,Multi Nav F/O active nav mode,System.Double,,TRUE,FALSE
system.numerical.N_MULTINAV2_NAV_MODE_STDBY,Multi Nav F/O standby nav mode,System.Double,,TRUE,FALSE
system.numerical.N_MULTINAV2_VALUE_ACTIVE,Multi Nav F/O active value,System.Double,,TRUE,FALSE
system.numerical.N_MULTINAV2_VALUE_STDBY,Multi Nav F/O standby value,System.Double,,TRUE,FALSE
system.numerical.N_NAV1_ACT_MODE,Radio Active mode NAV1,System.Double,,TRUE,FALSE
system.numerical.N_NAV1_STDBY_MODE,Radio Standby mode NAV1,System.Double,,TRUE,FALSE
system.numerical.N_NAV2_ACT_MODE,Radio Active mode NAV2,System.Double,,TRUE,FALSE
system.numerical.N_NAV2_STDBY_MODE,Radio Standby mode NAV2,System.Double,,TRUE,FALSE
system.numerical.N_OH_CB_LIGHT_PANEL,Overhead CB light output,System.Double,,TRUE,FALSE
system.numerical.N_OH_EGT,APU numerical,System.Double,,TRUE,FALSE
system.numerical.N_OH_FLIGHT_ALT,Cruise alt,System.Double,,TRUE,FALSE
system.numerical.N_OH_LAND_ALT,Land alt,System.Double,,TRUE,FALSE
system.numerical.N_OH_LIGHT_PANEL,Overhead panel light output,System.Double,,TRUE,FALSE
system.numerical.N_PED_LIGHT_PANEL,Pedestal panel light output,System.Double,,TRUE,FALSE
system.numerical.N_PED_XPDR_CHAR_DISPLAYED,XPDR characters displayed,System.Double,,TRUE,FALSE
system.numerical.N_RADIO_ADF1_MODE,ADF1 mode,System.Double,,TRUE,FALSE
system.numerical.N_RADIO_ADF2_MODE,ADF2 mode,System.Double,,TRUE,FALSE
system.numerical.N_RADIO_ALTITUDE,Radio altitude,System.Double,,TRUE,FALSE
system.numerical.N_RMP1_ACT_MODE,RMP Capt active mode,System.Double,,TRUE,FALSE
system.numerical.N_RMP1_ACT_VALUE,RMP Capt active value,System.Double,,TRUE,FALSE
system.numerical.N_RMP1_STDBY_MODE,RMP Capt standby mode,System.Double,,TRUE,FALSE
system.numerical.N_RMP1_STDBY_VALUE,RMP Capt standby value,System.Double,,TRUE,FALSE
system.numerical.N_RMP2_ACT_MODE,RMP F/O active mode,System.Double,,TRUE,FALSE
system.numerical.N_RMP2_ACT_VALUE,RMP F/O active value,System.Double,,TRUE,FALSE
system.numerical.N_RMP2_STDBY_MODE,RMP F/O standby mode,System.Double,,TRUE,FALSE
system.numerical.N_RMP2_STDBY_VALUE,RMP F/O standby value,System.Double,,TRUE,FALSE
system.numerical.N_TRIM_MOTOR_SPEED,Trim motor speed,System.Double,,TRUE,FALSE
system.numerical.N_TRIM_MOTOR_VALUE,Trim motor value,System.Double,,TRUE,FALSE
system.numerical.N_XPDR_ACT_MODE,Radio Active mode XPDR,System.Double,,TRUE,FALSE
system.numerical.N_XPDR2_ACT_MODE,Radio Active mode XPDR2,System.Double,,TRUE,FALSE
system.numerical.N_XPDR2_STDBY_MODE,Radio Standby mode XPDR2,System.Double,,TRUE,FALSE
system.productFolder,ProSim system folder,System.String,,TRUE,FALSE
system.productName,Name of the running ProSim-AR product,System.String,,TRUE,FALSE
system.sdk.normalizeIndicators,"Normalize values of indicators in SDK to off, bright and on",System.Boolean,,TRUE,TRUE
system.switches.E_MIP_STANDBY_ALTIMETER_QNH,"Standby altimeter QNH momentary [0:Center, 1:Up, 2:Down, 3:Up fast, 4:Down fast]",System.Int32,,TRUE,TRUE
system.switches.S_ADF1_TFC,"Radio TFR ADF1 [0:Normal, 1:Pushed]",System.Int32,,TRUE,TRUE
system.switches.S_ADF2_TFC,"Radio TFR ADF2 [0:Normal, 1:Pushed]",System.Int32,,TRUE,TRUE
system.switches.S_AILERON_TRIM,"Aileron trim [0:Center, 1:Left, 2:Right]",System.Int32,,TRUE,TRUE
system.switches.S_AIRSTAIRS_EXTERNAL_CONTROL,"Airstair external control [0:Normal, 1:Retract, 2:Extend]",System.Int32,,TRUE,TRUE
system.switches.S_AIRSTAIRS_EXTERNAL_POWER,"Airstair external power [0:Normal, 1:Standby]",System.Int32,,TRUE,TRUE
system.switches.S_AIRSTAIRS_INTERNAL_EXTEND,"Airstair internal extend [0:Normal, 1:Pushed]",System.Int32,,TRUE,TRUE
system.switches.S_AIRSTAIRS_INTERNAL_OPERATING,"Airstair internal operating [0:Normal, 1:Pushed]",System.Int32,,TRUE,TRUE
system.switches.S_AIRSTAIRS_INTERNAL_RETRACT,"Airstair internal retract [0:Normal, 1:Pushed]",System.Int32,,TRUE,TRUE
system.switches.S_AIRSTAIRS_INTERNAL_STANDBY,"Airstair internal Standby [0:Normal, 1:Pushed]",System.Int32,,TRUE,TRUE
system.switches.S_ASA_AP1,"ASA A/P reset Capt [0:Off, 1:Pushed]",System.Int32,,TRUE,TRUE
system.switches.S_ASA_AP2,"ASA A/P reset F/O [0:Off, 1:Pushed]",System.Int32,,TRUE,TRUE
system.switches.S_ASA_AT1,"ASA A/T reset Capt [0:Off, 1:Pushed]",System.Int32,,TRUE,TRUE
system.switches.S_ASA_AT2,"ASA A/T reset F/O [0:Off, 1:Pushed]",System.Int32,,TRUE,TRUE
system.switches.S_ASA_FMC1,"ASA FMC reset Capt [0:Off, 1:Pushed]",System.Int32,,TRUE,TRUE
system.switches.S_ASA_FMC2,"ASA FMC reset F/O [0:Off, 1:Pushed]",System.Int32,,TRUE,TRUE
system.switches.S_ASA_TEST_1,"ASA Test Capt [0:Off, 1:1, 2:2]",System.Int32,,TRUE,TRUE
system.switches.S_ASA_TEST_2,"ASA Test F/O [0:Off, 1:1, 2:2]",System.Int32,,TRUE,TRUE
system.switches.S_ASP_ADF_1_REC,"ASP ADF 1 vol [0:Off, 1:Pushed]",System.Int32,,TRUE,TRUE
system.switches.S_ASP_ADF_1_REC_LATCH,"ASP ADF 1 vol latch [0:Off, 1:On]",System.Int32,,TRUE,TRUE
system.switches.S_ASP_ADF_2_REC,"ASP ADF 2 vol [0:Off, 1:Pushed]",System.Int32,,TRUE,TRUE
system.switches.S_ASP_ADF_2_REC_LATCH,"ASP ADF 2 vol latch [0:Off, 1:On]",System.Int32,,TRUE,TRUE
system.switches.S_ASP_ALT,"ASP Alternate Selected [0:Off, 1:On]",System.Int32,,TRUE,TRUE
system.switches.S_ASP_BOOM,"ASP Boom Selected [0:Off, 1:On]",System.Int32,,TRUE,TRUE
system.switches.S_ASP_FLT_REC,"ASP FLT vol [0:Off, 1:Pushed]",System.Int32,,TRUE,TRUE
system.switches.S_ASP_FLT_REC_LATCH,"ASP FLT vol latch [0:Off, 1:On]",System.Int32,,TRUE,TRUE
system.switches.S_ASP_FLT_SEND,"ASP FLT vol send [0:Normal, 1:Pushed]",System.Int32,,TRUE,TRUE
system.switches.S_ASP_HF_1_REC,"ASP HF 1 [0:Off, 1:Pushed]",System.Int32,,TRUE,TRUE
system.switches.S_ASP_HF_1_REC_LATCH,"ASP HF 1 latch [0:Off, 1:On]",System.Int32,,TRUE,TRUE
system.switches.S_ASP_HF_1_SEND,"ASP HF 1 send [0:Normal, 1:Pushed]",System.Int32,,TRUE,TRUE
system.switches.S_ASP_HF_2_REC,"ASP HF 2 [0:Off, 1:Pushed]",System.Int32,,TRUE,TRUE
system.switches.S_ASP_HF_2_REC_LATCH,"ASP HF 2 latch [0:Off, 1:On]",System.Int32,,TRUE,TRUE
system.switches.S_ASP_HF_2_SEND,"ASP HF 2 send [0:Normal, 1:Pushed]",System.Int32,,TRUE,TRUE
system.switches.S_ASP_IC,"ASP IC Selected [0:Off, 1:On]",System.Int32,,TRUE,TRUE
system.switches.S_ASP_MARKER_REC,"ASP Marker vol [0:Off, 1:Pushed]",System.Int32,,TRUE,TRUE
system.switches.S_ASP_MARKER_REC_LATCH,"ASP Marker vol latch [0:Off, 1:On]",System.Int32,,TRUE,TRUE
system.switches.S_ASP_MASK,"ASP Mask Selected [0:Off, 1:On]",System.Int32,,TRUE,TRUE
system.switches.S_ASP_NAV_1_REC,"ASP NAV 1 vol [0:Off, 1:Pushed]",System.Int32,,TRUE,TRUE
system.switches.S_ASP_NAV_1_REC_LATCH,"ASP NAV 1 vol latch [0:Off, 1:On]",System.Int32,,TRUE,TRUE
system.switches.S_ASP_NAV_2_REC,"ASP NAV 2 vol [0:Off, 1:Pushed]",System.Int32,,TRUE,TRUE
system.switches.S_ASP_NAV_2_REC_LATCH,"ASP NAV 2 vol latch [0:Off, 1:On]",System.Int32,,TRUE,TRUE
system.switches.S_ASP_NORM,"ASP Normal Selected [0:Off, 1:On]",System.Int32,,TRUE,TRUE
system.switches.S_ASP_PA_REC,"ASP PA vol [0:Off, 1:Pushed]",System.Int32,,TRUE,TRUE
system.switches.S_ASP_PA_REC_LATCH,"ASP PA vol latch [0:Off, 1:On]",System.Int32,,TRUE,TRUE
system.switches.S_ASP_PA_SEND,"ASP PA vol send [0:Normal, 1:Pushed]",System.Int32,,TRUE,TRUE
system.switches.S_ASP_RT,"ASP RT Selected [0:Off, 1:On]",System.Int32,,TRUE,TRUE
system.switches.S_ASP_SAT_1_END_CALL,"ASP End call SATCOM 1 [0:Off, 1:On]",System.Int32,,TRUE,TRUE
system.switches.S_ASP_SAT_1_REC,"ASP SATCOM 1 vol [0:Off, 1:Pushed]",System.Int32,,TRUE,TRUE
system.switches.S_ASP_SAT_1_REC_LATCH,"ASP SATCOM 1 vol latch [0:Off, 1:On]",System.Int32,,TRUE,TRUE
system.switches.S_ASP_SAT_1_SEND,"ASP SATCOM 1 vol send [0:Normal, 1:Pushed]",System.Int32,,TRUE,TRUE
system.switches.S_ASP_SAT_2_END_CALL,"ASP End call SATCOM 2 [0:Off, 1:On]",System.Int32,,TRUE,TRUE
system.switches.S_ASP_SAT_2_REC,"ASP SATCOM 2 vol [0:Off, 1:Pushed]",System.Int32,,TRUE,TRUE
system.switches.S_ASP_SAT_2_REC_LATCH,"ASP SATCOM 2 vol latch [0:Off, 1:On]",System.Int32,,TRUE,TRUE
system.switches.S_ASP_SAT_2_SEND,"ASP SATCOM 2 vol send [0:Normal, 1:Pushed]",System.Int32,,TRUE,TRUE
system.switches.S_ASP_SIGNAL_FILTER,"ASP  filter mode [0:B, 1:V, 2:R]",System.Int32,,TRUE,TRUE
system.switches.S_ASP_SPKR_REC,"ASP Spkr vol [0:Off, 1:Pushed]",System.Int32,,TRUE,TRUE
system.switches.S_ASP_SPKR_REC_LATCH,"ASP Spkr vol latch [0:Off, 1:On]",System.Int32,,TRUE,TRUE
system.switches.S_ASP_SVC_REC,"ASP SVC vol [0:Off, 1:Pushed]",System.Int32,,TRUE,TRUE
system.switches.S_ASP_SVC_REC_LATCH,"ASP SVC vol latch [0:Off, 1:On]",System.Int32,,TRUE,TRUE
system.switches.S_ASP_SVC_SEND,"ASP SVC vol send [0:Normal, 1:Pushed]",System.Int32,,TRUE,TRUE
system.switches.S_ASP_VHF_1_REC,"ASP VHF 1 vol [0:Off, 1:Pushed]",System.Int32,,TRUE,TRUE
system.switches.S_ASP_VHF_1_REC_LATCH,"ASP VHF 1 vol latch [0:Off, 1:On]",System.Int32,,TRUE,TRUE
system.switches.S_ASP_VHF_1_SEND,"ASP VHF 1 vol send [0:Normal, 1:Pushed]",System.Int32,,TRUE,TRUE
system.switches.S_ASP_VHF_2_REC,"ASP VHF 2 vol [0:Off, 1:Pushed]",System.Int32,,TRUE,TRUE
system.switches.S_ASP_VHF_2_REC_LATCH,"ASP VHF 2 vol latch [0:Off, 1:On]",System.Int32,,TRUE,TRUE
system.switches.S_ASP_VHF_2_SEND,"ASP VHF 2 vol send [0:Normal, 1:Pushed]",System.Int32,,TRUE,TRUE
system.switches.S_ASP_VHF_3_REC,"ASP VHF 3 vol [0:Off, 1:Pushed]",System.Int32,,TRUE,TRUE
system.switches.S_ASP_VHF_3_REC_LATCH,"ASP VHF 3 vol latch [0:Off, 1:On]",System.Int32,,TRUE,TRUE
system.switches.S_ASP_VHF_3_SEND,"ASP VHF 3 vol send [0:Normal, 1:Pushed]",System.Int32,,TRUE,TRUE
system.switches.S_ASP2_ADF_1_REC,"ASP FO ADF 1 vol [0:Off, 1:Pushed]",System.Int32,,TRUE,TRUE
system.switches.S_ASP2_ADF_1_REC_LATCH,"ASP FO ADF 1 vol latch [0:Off, 1:On]",System.Int32,,TRUE,TRUE
system.switches.S_ASP2_ADF_2_REC,"ASP FO ADF 2 vol [0:Off, 1:Pushed]",System.Int32,,TRUE,TRUE
system.switches.S_ASP2_ADF_2_REC_LATCH,"ASP FO ADF 2 vol latch [0:Off, 1:On]",System.Int32,,TRUE,TRUE
system.switches.S_ASP2_ALT,"ASP FO Alternate Selected [0:Off, 1:On]",System.Int32,,TRUE,TRUE
system.switches.S_ASP2_BOOM,"ASP FO Boom Selected [0:Off, 1:On]",System.Int32,,TRUE,TRUE
system.switches.S_ASP2_FLT_REC,"ASP FO FLT vol [0:Off, 1:Pushed]",System.Int32,,TRUE,TRUE
system.switches.S_ASP2_FLT_REC_LATCH,"ASP FO FLT vol latch [0:Off, 1:On]",System.Int32,,TRUE,TRUE
system.switches.S_ASP2_FLT_SEND,"ASP FO FLT vol send [0:Normal, 1:Pushed]",System.Int32,,TRUE,TRUE
system.switches.S_ASP2_HF_1_REC,"ASP FO HF 1 [0:Off, 1:Pushed]",System.Int32,,TRUE,TRUE
system.switches.S_ASP2_HF_1_REC_LATCH,"ASP FO HF 1 latch [0:Off, 1:On]",System.Int32,,TRUE,TRUE
system.switches.S_ASP2_HF_1_SEND,"ASP FO HF 1 send [0:Normal, 1:Pushed]",System.Int32,,TRUE,TRUE
system.switches.S_ASP2_HF_2_REC,"ASP FO HF 2 [0:Off, 1:Pushed]",System.Int32,,TRUE,TRUE
system.switches.S_ASP2_HF_2_REC_LATCH,"ASP FO HF 2 latch [0:Off, 1:On]",System.Int32,,TRUE,TRUE
system.switches.S_ASP2_HF_2_SEND,"ASP FO HF 2 send [0:Normal, 1:Pushed]",System.Int32,,TRUE,TRUE
system.switches.S_ASP2_IC,"ASP FO IC Selected [0:Off, 1:On]",System.Int32,,TRUE,TRUE
system.switches.S_ASP2_MARKER_REC,"ASP FO Marker vol [0:Off, 1:Pushed]",System.Int32,,TRUE,TRUE
system.switches.S_ASP2_MARKER_REC_LATCH,"ASP FO Marker vol latch [0:Off, 1:On]",System.Int32,,TRUE,TRUE
system.switches.S_ASP2_MASK,"ASP FO Mask Selected [0:Off, 1:On]",System.Int32,,TRUE,TRUE
system.switches.S_ASP2_NAV_1_REC,"ASP FO NAV 1 vol [0:Off, 1:Pushed]",System.Int32,,TRUE,TRUE
system.switches.S_ASP2_NAV_1_REC_LATCH,"ASP FO NAV 1 vol latch [0:Off, 1:On]",System.Int32,,TRUE,TRUE
system.switches.S_ASP2_NAV_2_REC,"ASP FO NAV 2 vol [0:Off, 1:Pushed]",System.Int32,,TRUE,TRUE
system.switches.S_ASP2_NAV_2_REC_LATCH,"ASP FO NAV 2 vol latch [0:Off, 1:On]",System.Int32,,TRUE,TRUE
system.switches.S_ASP2_NORM,"ASP FO Normal Selected [0:Off, 1:On]",System.Int32,,TRUE,TRUE
system.switches.S_ASP2_PA_REC,"ASP FO PA vol [0:Off, 1:Pushed]",System.Int32,,TRUE,TRUE
system.switches.S_ASP2_PA_REC_LATCH,"ASP FO PA vol latch [0:Off, 1:On]",System.Int32,,TRUE,TRUE
system.switches.S_ASP2_PA_SEND,"ASP FO PA vol send [0:Normal, 1:Pushed]",System.Int32,,TRUE,TRUE
system.switches.S_ASP2_RT,"ASP FO RT Selected [0:Off, 1:On]",System.Int32,,TRUE,TRUE
system.switches.S_ASP2_SAT_1_END_CALL,"ASP FO End call SATCOM 1 [0:Off, 1:On]",System.Int32,,TRUE,TRUE
system.switches.S_ASP2_SAT_1_REC,"ASP FO SATCOM 1 vol [0:Off, 1:Pushed]",System.Int32,,TRUE,TRUE
system.switches.S_ASP2_SAT_1_REC_LATCH,"ASP FO SATCOM 1 vol latch [0:Off, 1:On]",System.Int32,,TRUE,TRUE
system.switches.S_ASP2_SAT_1_SEND,"ASP FO SATCOM 1 vol send [0:Normal, 1:Pushed]",System.Int32,,TRUE,TRUE
system.switches.S_ASP2_SAT_2_END_CALL,"ASP FO End call SATCOM 2 [0:Off, 1:On]",System.Int32,,TRUE,TRUE
system.switches.S_ASP2_SAT_2_REC,"ASP FO SATCOM 2 vol [0:Off, 1:Pushed]",System.Int32,,TRUE,TRUE
system.switches.S_ASP2_SAT_2_REC_LATCH,"ASP FO SATCOM 2 vol latch [0:Off, 1:On]",System.Int32,,TRUE,TRUE
system.switches.S_ASP2_SAT_2_SEND,"ASP FO SATCOM 2 vol send [0:Normal, 1:Pushed]",System.Int32,,TRUE,TRUE
system.switches.S_ASP2_SIGNAL_FILTER,"ASP FO  filter mode [0:B, 1:V, 2:R]",System.Int32,,TRUE,TRUE
system.switches.S_ASP2_SPKR_REC,"ASP FO Spkr vol [0:Off, 1:Pushed]",System.Int32,,TRUE,TRUE
system.switches.S_ASP2_SPKR_REC_LATCH,"ASP FO Spkr vol latch [0:Off, 1:On]",System.Int32,,TRUE,TRUE
system.switches.S_ASP2_SVC_REC,"ASP FO SVC vol [0:Off, 1:Pushed]",System.Int32,,TRUE,TRUE
system.switches.S_ASP2_SVC_REC_LATCH,"ASP FO SVC vol latch [0:Off, 1:On]",System.Int32,,TRUE,TRUE
system.switches.S_ASP2_SVC_SEND,"ASP FO SVC vol send [0:Normal, 1:Pushed]",System.Int32,,TRUE,TRUE
system.switches.S_ASP2_VHF_1_REC,"ASP FO VHF 1 vol [0:Off, 1:Pushed]",System.Int32,,TRUE,TRUE
system.switches.S_ASP2_VHF_1_REC_LATCH,"ASP FO VHF 1 vol latch [0:Off, 1:On]",System.Int32,,TRUE,TRUE
system.switches.S_ASP2_VHF_1_SEND,"ASP FO VHF 1 vol send [0:Normal, 1:Pushed]",System.Int32,,TRUE,TRUE
system.switches.S_ASP2_VHF_2_REC,"ASP FO VHF 2 vol [0:Off, 1:Pushed]",System.Int32,,TRUE,TRUE
system.switches.S_ASP2_VHF_2_REC_LATCH,"ASP FO VHF 2 vol latch [0:Off, 1:On]",System.Int32,,TRUE,TRUE
system.switches.S_ASP2_VHF_2_SEND,"ASP FO VHF 2 vol send [0:Normal, 1:Pushed]",System.Int32,,TRUE,TRUE
system.switches.S_ASP2_VHF_3_REC,"ASP FO VHF 3 vol [0:Off, 1:Pushed]",System.Int32,,TRUE,TRUE
system.switches.S_ASP2_VHF_3_REC_LATCH,"ASP FO VHF 3 vol latch [0:Off, 1:On]",System.Int32,,TRUE,TRUE
system.switches.S_ASP2_VHF_3_SEND,"ASP FO VHF 3 vol send [0:Normal, 1:Pushed]",System.Int32,,TRUE,TRUE
system.switches.S_ASP3_ADF_1_REC,"ASP OBS ADF 1 vol [0:Off, 1:Pushed]",System.Int32,,TRUE,TRUE
system.switches.S_ASP3_ADF_1_REC_LATCH,"ASP OBS ADF 1 vol latch [0:Off, 1:On]",System.Int32,,TRUE,TRUE
system.switches.S_ASP3_ADF_2_REC,"ASP OBS ADF 2 vol [0:Off, 1:Pushed]",System.Int32,,TRUE,TRUE
system.switches.S_ASP3_ADF_2_REC_LATCH,"ASP OBS ADF 2 vol latch [0:Off, 1:On]",System.Int32,,TRUE,TRUE
system.switches.S_ASP3_ALT,"ASP OBS Alternate Selected [0:Off, 1:On]",System.Int32,,TRUE,TRUE
system.switches.S_ASP3_BOOM,"ASP OBS Boom Selected [0:Off, 1:On]",System.Int32,,TRUE,TRUE
system.switches.S_ASP3_FLT_REC,"ASP OBS FLT vol [0:Off, 1:Pushed]",System.Int32,,TRUE,TRUE
system.switches.S_ASP3_FLT_REC_LATCH,"ASP OBS FLT vol latch [0:Off, 1:On]",System.Int32,,TRUE,TRUE
system.switches.S_ASP3_FLT_SEND,"ASP OBS FLT vol send [0:Normal, 1:Pushed]",System.Int32,,TRUE,TRUE
system.switches.S_ASP3_HF_1_REC,"ASP OBS HF 1 [0:Off, 1:Pushed]",System.Int32,,TRUE,TRUE
system.switches.S_ASP3_HF_1_REC_LATCH,"ASP OBS HF 1 latch [0:Off, 1:On]",System.Int32,,TRUE,TRUE
system.switches.S_ASP3_HF_1_SEND,"ASP OBS HF 1 send [0:Normal, 1:Pushed]",System.Int32,,TRUE,TRUE
system.switches.S_ASP3_HF_2_REC,"ASP OBS HF 2 [0:Off, 1:Pushed]",System.Int32,,TRUE,TRUE
system.switches.S_ASP3_HF_2_REC_LATCH,"ASP OBS HF 2 latch [0:Off, 1:On]",System.Int32,,TRUE,TRUE
system.switches.S_ASP3_HF_2_SEND,"ASP OBS HF 2 send [0:Normal, 1:Pushed]",System.Int32,,TRUE,TRUE
system.switches.S_ASP3_IC,"ASP OBS IC Selected [0:Off, 1:On]",System.Int32,,TRUE,TRUE
system.switches.S_ASP3_MARKER_REC,"ASP OBS Marker vol [0:Off, 1:Pushed]",System.Int32,,TRUE,TRUE
system.switches.S_ASP3_MARKER_REC_LATCH,"ASP OBS Marker vol latch [0:Off, 1:On]",System.Int32,,TRUE,TRUE
system.switches.S_ASP3_MASK,"ASP OBS Mask Selected [0:Off, 1:On]",System.Int32,,TRUE,TRUE
system.switches.S_ASP3_NAV_1_REC,"ASP OBS NAV 1 vol [0:Off, 1:Pushed]",System.Int32,,TRUE,TRUE
system.switches.S_ASP3_NAV_1_REC_LATCH,"ASP OBS NAV 1 vol latch [0:Off, 1:On]",System.Int32,,TRUE,TRUE
system.switches.S_ASP3_NAV_2_REC,"ASP OBS NAV 2 vol [0:Off, 1:Pushed]",System.Int32,,TRUE,TRUE
system.switches.S_ASP3_NAV_2_REC_LATCH,"ASP OBS NAV 2 vol latch [0:Off, 1:On]",System.Int32,,TRUE,TRUE
system.switches.S_ASP3_NORM,"ASP OBS Normal Selected [0:Off, 1:On]",System.Int32,,TRUE,TRUE
system.switches.S_ASP3_PA_REC,"ASP OBS PA vol [0:Off, 1:Pushed]",System.Int32,,TRUE,TRUE
system.switches.S_ASP3_PA_REC_LATCH,"ASP OBS PA vol latch [0:Off, 1:On]",System.Int32,,TRUE,TRUE
system.switches.S_ASP3_PA_SEND,"ASP OBS PA vol send [0:Normal, 1:Pushed]",System.Int32,,TRUE,TRUE
system.switches.S_ASP3_RT,"ASP OBS RT Selected [0:Off, 1:On]",System.Int32,,TRUE,TRUE
system.switches.S_ASP3_SIGNAL_FILTER,"ASP OBS  filter mode [0:B, 1:V, 2:R]",System.Int32,,TRUE,TRUE
system.switches.S_ASP3_SPKR_REC,"ASP OBS Spkr vol [0:Off, 1:Pushed]",System.Int32,,TRUE,TRUE
system.switches.S_ASP3_SPKR_REC_LATCH,"ASP OBS Spkr vol latch [0:Off, 1:On]",System.Int32,,TRUE,TRUE
system.switches.S_ASP3_SVC_REC,"ASP OBS SVC vol [0:Off, 1:Pushed]",System.Int32,,TRUE,TRUE
system.switches.S_ASP3_SVC_REC_LATCH,"ASP OBS SVC vol latch [0:Off, 1:On]",System.Int32,,TRUE,TRUE
system.switches.S_ASP3_SVC_SEND,"ASP OBS SVC vol send [0:Normal, 1:Pushed]",System.Int32,,TRUE,TRUE
system.switches.S_ASP3_VHF_1_REC,"ASP OBS VHF 1 vol [0:Off, 1:Pushed]",System.Int32,,TRUE,TRUE
system.switches.S_ASP3_VHF_1_REC_LATCH,"ASP OBS VHF 1 vol latch [0:Off, 1:On]",System.Int32,,TRUE,TRUE
system.switches.S_ASP3_VHF_1_SEND,"ASP OBS VHF 1 vol send [0:Normal, 1:Pushed]",System.Int32,,TRUE,TRUE
system.switches.S_ASP3_VHF_2_REC,"ASP OBS VHF 2 vol [0:Off, 1:Pushed]",System.Int32,,TRUE,TRUE
system.switches.S_ASP3_VHF_2_REC_LATCH,"ASP OBS VHF 2 vol latch [0:Off, 1:On]",System.Int32,,TRUE,TRUE
system.switches.S_ASP3_VHF_2_SEND,"ASP OBS VHF 2 vol send [0:Normal, 1:Pushed]",System.Int32,,TRUE,TRUE
system.switches.S_ASP3_VHF_3_REC,"ASP OBS VHF 3 vol [0:Off, 1:Pushed]",System.Int32,,TRUE,TRUE
system.switches.S_ASP3_VHF_3_REC_LATCH,"ASP OBS VHF 3 vol latch [0:Off, 1:On]",System.Int32,,TRUE,TRUE
system.switches.S_ASP3_VHF_3_SEND,"ASP OBS VHF 3 vol send [0:Normal, 1:Pushed]",System.Int32,,TRUE,TRUE
system.switches.S_ATTEND_PILOT_CALL,"Flight attendant panel pilot call switch [0:Normal, 1:Pushed]",System.Int32,,TRUE,TRUE
system.switches.S_BRAKE,"Brake Input [0:Off, 1:On]",System.Int32,,TRUE,TRUE
system.switches.S_CDU1_BRIGHTNESS_DOWN,"CDU 1 brightness DOWN [0:Normal, 1:Pushed]",System.Int32,,TRUE,TRUE
system.switches.S_CDU1_BRIGHTNESS_UP,"CDU 1 brightness UP [0:Normal, 1:Pushed]",System.Int32,,TRUE,TRUE
system.switches.S_CDU1_KEY_0,"CDU 1 KEY_0 [0:Normal, 1:Pushed]",System.Int32,,TRUE,TRUE
system.switches.S_CDU1_KEY_1,"CDU 1 KEY_1 [0:Normal, 1:Pushed]",System.Int32,,TRUE,TRUE
system.switches.S_CDU1_KEY_2,"CDU 1 KEY_2 [0:Normal, 1:Pushed]",System.Int32,,TRUE,TRUE
system.switches.S_CDU1_KEY_3,"CDU 1 KEY_3 [0:Normal, 1:Pushed]",System.Int32,,TRUE,TRUE
system.switches.S_CDU1_KEY_4,"CDU 1 KEY_4 [0:Normal, 1:Pushed]",System.Int32,,TRUE,TRUE
system.switches.S_CDU1_KEY_5,"CDU 1 KEY_5 [0:Normal, 1:Pushed]",System.Int32,,TRUE,TRUE
system.switches.S_CDU1_KEY_6,"CDU 1 KEY_6 [0:Normal, 1:Pushed]",System.Int32,,TRUE,TRUE
system.switches.S_CDU1_KEY_7,"CDU 1 KEY_7 [0:Normal, 1:Pushed]",System.Int32,,TRUE,TRUE
system.switches.S_CDU1_KEY_8,"CDU 1 KEY_8 [0:Normal, 1:Pushed]",System.Int32,,TRUE,TRUE
system.switches.S_CDU1_KEY_9,"CDU 1 KEY_9 [0:Normal, 1:Pushed]",System.Int32,,TRUE,TRUE
system.switches.S_CDU1_KEY_A,"CDU 1 KEY_A [0:Normal, 1:Pushed]",System.Int32,,TRUE,TRUE
system.switches.S_CDU1_KEY_ATC,"CDU 1 KEY_ATC [0:Normal, 1:Pushed]",System.Int32,,TRUE,TRUE
system.switches.S_CDU1_KEY_B,"CDU 1 KEY_B [0:Normal, 1:Pushed]",System.Int32,,TRUE,TRUE
system.switches.S_CDU1_KEY_C,"CDU 1 KEY_C [0:Normal, 1:Pushed]",System.Int32,,TRUE,TRUE
system.switches.S_CDU1_KEY_CLB,"CDU 1 KEY_CLB [0:Normal, 1:Pushed]",System.Int32,,TRUE,TRUE
system.switches.S_CDU1_KEY_CLEAR,"CDU 1 KEY_CLEAR [0:Normal, 1:Pushed]",System.Int32,,TRUE,TRUE
system.switches.S_CDU1_KEY_CLEARLINE,"CDU 1 KEY_CLEARLINE [0:Normal, 1:Pushed]",System.Int32,,TRUE,TRUE
system.switches.S_CDU1_KEY_CRZ,"CDU 1 KEY_CRZ [0:Normal, 1:Pushed]",System.Int32,,TRUE,TRUE
system.switches.S_CDU1_KEY_D,"CDU 1 KEY_D [0:Normal, 1:Pushed]",System.Int32,,TRUE,TRUE
system.switches.S_CDU1_KEY_DEL,"CDU 1 KEY_DEL [0:Normal, 1:Pushed]",System.Int32,,TRUE,TRUE
system.switches.S_CDU1_KEY_DEP_ARR,"CDU 1 KEY_DEP_ARR [0:Normal, 1:Pushed]",System.Int32,,TRUE,TRUE
system.switches.S_CDU1_KEY_DES,"CDU 1 KEY_DES [0:Normal, 1:Pushed]",System.Int32,,TRUE,TRUE
system.switches.S_CDU1_KEY_DOT,"CDU 1 KEY_DOT [0:Normal, 1:Pushed]",System.Int32,,TRUE,TRUE
system.switches.S_CDU1_KEY_E,"CDU 1 KEY_E [0:Normal, 1:Pushed]",System.Int32,,TRUE,TRUE
system.switches.S_CDU1_KEY_EXEC,"CDU 1 KEY_EXEC [0:Normal, 1:Pushed]",System.Int32,,TRUE,TRUE
system.switches.S_CDU1_KEY_F,"CDU 1 KEY_F [0:Normal, 1:Pushed]",System.Int32,,TRUE,TRUE
system.switches.S_CDU1_KEY_FIX,"CDU 1 KEY_FIX [0:Normal, 1:Pushed]",System.Int32,,TRUE,TRUE
system.switches.S_CDU1_KEY_FMC_COMM,"CDU 1 KEY_FMC_COMM [0:Normal, 1:Pushed]",System.Int32,,TRUE,TRUE
system.switches.S_CDU1_KEY_G,"CDU 1 KEY_G [0:Normal, 1:Pushed]",System.Int32,,TRUE,TRUE
system.switches.S_CDU1_KEY_H,"CDU 1 KEY_H [0:Normal, 1:Pushed]",System.Int32,,TRUE,TRUE
system.switches.S_CDU1_KEY_HOLD,"CDU 1 KEY_HOLD [0:Normal, 1:Pushed]",System.Int32,,TRUE,TRUE
system.switches.S_CDU1_KEY_I,"CDU 1 KEY_I [0:Normal, 1:Pushed]",System.Int32,,TRUE,TRUE
system.switches.S_CDU1_KEY_INIT_REF,"CDU 1 KEY_INIT_REF [0:Normal, 1:Pushed]",System.Int32,,TRUE,TRUE
system.switches.S_CDU1_KEY_J,"CDU 1 KEY_J [0:Normal, 1:Pushed]",System.Int32,,TRUE,TRUE
system.switches.S_CDU1_KEY_K,"CDU 1 KEY_K [0:Normal, 1:Pushed]",System.Int32,,TRUE,TRUE
system.switches.S_CDU1_KEY_L,"CDU 1 KEY_L [0:Normal, 1:Pushed]",System.Int32,,TRUE,TRUE
system.switches.S_CDU1_KEY_LEGS,"CDU 1 KEY_LEGS [0:Normal, 1:Pushed]",System.Int32,,TRUE,TRUE
system.switches.S_CDU1_KEY_LSK1L,"CDU 1 KEY_LSK1L [0:Normal, 1:Pushed]",System.Int32,,TRUE,TRUE
system.switches.S_CDU1_KEY_LSK1R,"CDU 1 KEY_LSK1R [0:Normal, 1:Pushed]",System.Int32,,TRUE,TRUE
system.switches.S_CDU1_KEY_LSK2L,"CDU 1 KEY_LSK2L [0:Normal, 1:Pushed]",System.Int32,,TRUE,TRUE
system.switches.S_CDU1_KEY_LSK2R,"CDU 1 KEY_LSK2R [0:Normal, 1:Pushed]",System.Int32,,TRUE,TRUE
system.switches.S_CDU1_KEY_LSK3L,"CDU 1 KEY_LSK3L [0:Normal, 1:Pushed]",System.Int32,,TRUE,TRUE
system.switches.S_CDU1_KEY_LSK3R,"CDU 1 KEY_LSK3R [0:Normal, 1:Pushed]",System.Int32,,TRUE,TRUE
system.switches.S_CDU1_KEY_LSK4L,"CDU 1 KEY_LSK4L [0:Normal, 1:Pushed]",System.Int32,,TRUE,TRUE
system.switches.S_CDU1_KEY_LSK4R,"CDU 1 KEY_LSK4R [0:Normal, 1:Pushed]",System.Int32,,TRUE,TRUE
system.switches.S_CDU1_KEY_LSK5L,"CDU 1 KEY_LSK5L [0:Normal, 1:Pushed]",System.Int32,,TRUE,TRUE
system.switches.S_CDU1_KEY_LSK5R,"CDU 1 KEY_LSK5R [0:Normal, 1:Pushed]",System.Int32,,TRUE,TRUE
system.switches.S_CDU1_KEY_LSK6L,"CDU 1 KEY_LSK6L [0:Normal, 1:Pushed]",System.Int32,,TRUE,TRUE
system.switches.S_CDU1_KEY_LSK6R,"CDU 1 KEY_LSK6R [0:Normal, 1:Pushed]",System.Int32,,TRUE,TRUE
system.switches.S_CDU1_KEY_M,"CDU 1 KEY_M [0:Normal, 1:Pushed]",System.Int32,,TRUE,TRUE
system.switches.S_CDU1_KEY_MENU,"CDU 1 KEY_MENU [0:Normal, 1:Pushed]",System.Int32,,TRUE,TRUE
system.switches.S_CDU1_KEY_MINUS,"CDU 1 KEY_MINUS [0:Normal, 1:Pushed]",System.Int32,,TRUE,TRUE
system.switches.S_CDU1_KEY_N,"CDU 1 KEY_N [0:Normal, 1:Pushed]",System.Int32,,TRUE,TRUE
system.switches.S_CDU1_KEY_N1_LIMIT,"CDU 1 KEY_N1_LIMIT [0:Normal, 1:Pushed]",System.Int32,,TRUE,TRUE
system.switches.S_CDU1_KEY_NEXT_PAGE,"CDU 1 KEY_NEXT_PAGE [0:Normal, 1:Pushed]",System.Int32,,TRUE,TRUE
system.switches.S_CDU1_KEY_O,"CDU 1 KEY_O [0:Normal, 1:Pushed]",System.Int32,,TRUE,TRUE
system.switches.S_CDU1_KEY_P,"CDU 1 KEY_P [0:Normal, 1:Pushed]",System.Int32,,TRUE,TRUE
system.switches.S_CDU1_KEY_PREV_PAGE,"CDU 1 KEY_PREV_PAGE [0:Normal, 1:Pushed]",System.Int32,,TRUE,TRUE
system.switches.S_CDU1_KEY_PROG,"CDU 1 KEY_PROG [0:Normal, 1:Pushed]",System.Int32,,TRUE,TRUE
system.switches.S_CDU1_KEY_Q,"CDU 1 KEY_Q [0:Normal, 1:Pushed]",System.Int32,,TRUE,TRUE
system.switches.S_CDU1_KEY_R,"CDU 1 KEY_R [0:Normal, 1:Pushed]",System.Int32,,TRUE,TRUE
system.switches.S_CDU1_KEY_RTE,"CDU 1 KEY_RTE [0:Normal, 1:Pushed]",System.Int32,,TRUE,TRUE
system.switches.S_CDU1_KEY_S,"CDU 1 KEY_S [0:Normal, 1:Pushed]",System.Int32,,TRUE,TRUE
system.switches.S_CDU1_KEY_SLASH,"CDU 1 KEY_SLASH [0:Normal, 1:Pushed]",System.Int32,,TRUE,TRUE
system.switches.S_CDU1_KEY_SPACE,"CDU 1 KEY_SPACE [0:Normal, 1:Pushed]",System.Int32,,TRUE,TRUE
system.switches.S_CDU1_KEY_T,"CDU 1 KEY_T [0:Normal, 1:Pushed]",System.Int32,,TRUE,TRUE
system.switches.S_CDU1_KEY_U,"CDU 1 KEY_U [0:Normal, 1:Pushed]",System.Int32,,TRUE,TRUE
system.switches.S_CDU1_KEY_V,"CDU 1 KEY_V [0:Normal, 1:Pushed]",System.Int32,,TRUE,TRUE
system.switches.S_CDU1_KEY_VNAV,"CDU 1 KEY_VNAV [0:Normal, 1:Pushed]",System.Int32,,TRUE,TRUE
system.switches.S_CDU1_KEY_W,"CDU 1 KEY_W [0:Normal, 1:Pushed]",System.Int32,,TRUE,TRUE
system.switches.S_CDU1_KEY_X,"CDU 1 KEY_X [0:Normal, 1:Pushed]",System.Int32,,TRUE,TRUE
system.switches.S_CDU1_KEY_Y,"CDU 1 KEY_Y [0:Normal, 1:Pushed]",System.Int32,,TRUE,TRUE
system.switches.S_CDU1_KEY_Z,"CDU 1 KEY_Z [0:Normal, 1:Pushed]",System.Int32,,TRUE,TRUE
system.switches.S_CDU2_BRIGHTNESS_DOWN,"CDU 2 brightness DOWN [0:Normal, 1:Pushed]",System.Int32,,TRUE,TRUE
system.switches.S_CDU2_BRIGHTNESS_UP,"CDU 2 brightness UP [0:Normal, 1:Pushed]",System.Int32,,TRUE,TRUE
system.switches.S_CDU2_KEY_0,"CDU 2 KEY_0 [0:Normal, 1:Pushed]",System.Int32,,TRUE,TRUE
system.switches.S_CDU2_KEY_1,"CDU 2 KEY_1 [0:Normal, 1:Pushed]",System.Int32,,TRUE,TRUE
system.switches.S_CDU2_KEY_2,"CDU 2 KEY_2 [0:Normal, 1:Pushed]",System.Int32,,TRUE,TRUE
system.switches.S_CDU2_KEY_3,"CDU 2 KEY_3 [0:Normal, 1:Pushed]",System.Int32,,TRUE,TRUE
system.switches.S_CDU2_KEY_4,"CDU 2 KEY_4 [0:Normal, 1:Pushed]",System.Int32,,TRUE,TRUE
system.switches.S_CDU2_KEY_5,"CDU 2 KEY_5 [0:Normal, 1:Pushed]",System.Int32,,TRUE,TRUE
system.switches.S_CDU2_KEY_6,"CDU 2 KEY_6 [0:Normal, 1:Pushed]",System.Int32,,TRUE,TRUE
system.switches.S_CDU2_KEY_7,"CDU 2 KEY_7 [0:Normal, 1:Pushed]",System.Int32,,TRUE,TRUE
system.switches.S_CDU2_KEY_8,"CDU 2 KEY_8 [0:Normal, 1:Pushed]",System.Int32,,TRUE,TRUE
system.switches.S_CDU2_KEY_9,"CDU 2 KEY_9 [0:Normal, 1:Pushed]",System.Int32,,TRUE,TRUE
system.switches.S_CDU2_KEY_A,"CDU 2 KEY_A [0:Normal, 1:Pushed]",System.Int32,,TRUE,TRUE
system.switches.S_CDU2_KEY_ATC,"CDU 2 KEY_ATC [0:Normal, 1:Pushed]",System.Int32,,TRUE,TRUE
system.switches.S_CDU2_KEY_B,"CDU 2 KEY_B [0:Normal, 1:Pushed]",System.Int32,,TRUE,TRUE
system.switches.S_CDU2_KEY_C,"CDU 2 KEY_C [0:Normal, 1:Pushed]",System.Int32,,TRUE,TRUE
system.switches.S_CDU2_KEY_CLB,"CDU 2 KEY_CLB [0:Normal, 1:Pushed]",System.Int32,,TRUE,TRUE
system.switches.S_CDU2_KEY_CLEAR,"CDU 2 KEY_CLEAR [0:Normal, 1:Pushed]",System.Int32,,TRUE,TRUE
system.switches.S_CDU2_KEY_CLEARLINE,"CDU 2 KEY_CLEARLINE [0:Normal, 1:Pushed]",System.Int32,,TRUE,TRUE
system.switches.S_CDU2_KEY_CRZ,"CDU 2 KEY_CRZ [0:Normal, 1:Pushed]",System.Int32,,TRUE,TRUE
system.switches.S_CDU2_KEY_D,"CDU 2 KEY_D [0:Normal, 1:Pushed]",System.Int32,,TRUE,TRUE
system.switches.S_CDU2_KEY_DEL,"CDU 2 KEY_DEL [0:Normal, 1:Pushed]",System.Int32,,TRUE,TRUE
system.switches.S_CDU2_KEY_DEP_ARR,"CDU 2 KEY_DEP_ARR [0:Normal, 1:Pushed]",System.Int32,,TRUE,TRUE
system.switches.S_CDU2_KEY_DES,"CDU 2 KEY_DES [0:Normal, 1:Pushed]",System.Int32,,TRUE,TRUE
system.switches.S_CDU2_KEY_DOT,"CDU 2 KEY_DOT [0:Normal, 1:Pushed]",System.Int32,,TRUE,TRUE
system.switches.S_CDU2_KEY_E,"CDU 2 KEY_E [0:Normal, 1:Pushed]",System.Int32,,TRUE,TRUE
system.switches.S_CDU2_KEY_EXEC,"CDU 2 KEY_EXEC [0:Normal, 1:Pushed]",System.Int32,,TRUE,TRUE
system.switches.S_CDU2_KEY_F,"CDU 2 KEY_F [0:Normal, 1:Pushed]",System.Int32,,TRUE,TRUE
system.switches.S_CDU2_KEY_FIX,"CDU 2 KEY_FIX [0:Normal, 1:Pushed]",System.Int32,,TRUE,TRUE
system.switches.S_CDU2_KEY_FMC_COMM,"CDU 2 KEY_FMC_COMM [0:Normal, 1:Pushed]",System.Int32,,TRUE,TRUE
system.switches.S_CDU2_KEY_G,"CDU 2 KEY_G [0:Normal, 1:Pushed]",System.Int32,,TRUE,TRUE
system.switches.S_CDU2_KEY_H,"CDU 2 KEY_H [0:Normal, 1:Pushed]",System.Int32,,TRUE,TRUE
system.switches.S_CDU2_KEY_HOLD,"CDU 2 KEY_HOLD [0:Normal, 1:Pushed]",System.Int32,,TRUE,TRUE
system.switches.S_CDU2_KEY_I,"CDU 2 KEY_I [0:Normal, 1:Pushed]",System.Int32,,TRUE,TRUE
system.switches.S_CDU2_KEY_INIT_REF,"CDU 2 KEY_INIT_REF [0:Normal, 1:Pushed]",System.Int32,,TRUE,TRUE
system.switches.S_CDU2_KEY_J,"CDU 2 KEY_J [0:Normal, 1:Pushed]",System.Int32,,TRUE,TRUE
system.switches.S_CDU2_KEY_K,"CDU 2 KEY_K [0:Normal, 1:Pushed]",System.Int32,,TRUE,TRUE
system.switches.S_CDU2_KEY_L,"CDU 2 KEY_L [0:Normal, 1:Pushed]",System.Int32,,TRUE,TRUE
system.switches.S_CDU2_KEY_LEGS,"CDU 2 KEY_LEGS [0:Normal, 1:Pushed]",System.Int32,,TRUE,TRUE
system.switches.S_CDU2_KEY_LSK1L,"CDU 2 KEY_LSK1L [0:Normal, 1:Pushed]",System.Int32,,TRUE,TRUE
system.switches.S_CDU2_KEY_LSK1R,"CDU 2 KEY_LSK1R [0:Normal, 1:Pushed]",System.Int32,,TRUE,TRUE
system.switches.S_CDU2_KEY_LSK2L,"CDU 2 KEY_LSK2L [0:Normal, 1:Pushed]",System.Int32,,TRUE,TRUE
system.switches.S_CDU2_KEY_LSK2R,"CDU 2 KEY_LSK2R [0:Normal, 1:Pushed]",System.Int32,,TRUE,TRUE
system.switches.S_CDU2_KEY_LSK3L,"CDU 2 KEY_LSK3L [0:Normal, 1:Pushed]",System.Int32,,TRUE,TRUE
system.switches.S_CDU2_KEY_LSK3R,"CDU 2 KEY_LSK3R [0:Normal, 1:Pushed]",System.Int32,,TRUE,TRUE
system.switches.S_CDU2_KEY_LSK4L,"CDU 2 KEY_LSK4L [0:Normal, 1:Pushed]",System.Int32,,TRUE,TRUE
system.switches.S_CDU2_KEY_LSK4R,"CDU 2 KEY_LSK4R [0:Normal, 1:Pushed]",System.Int32,,TRUE,TRUE
system.switches.S_CDU2_KEY_LSK5L,"CDU 2 KEY_LSK5L [0:Normal, 1:Pushed]",System.Int32,,TRUE,TRUE
system.switches.S_CDU2_KEY_LSK5R,"CDU 2 KEY_LSK5R [0:Normal, 1:Pushed]",System.Int32,,TRUE,TRUE
system.switches.S_CDU2_KEY_LSK6L,"CDU 2 KEY_LSK6L [0:Normal, 1:Pushed]",System.Int32,,TRUE,TRUE
system.switches.S_CDU2_KEY_LSK6R,"CDU 2 KEY_LSK6R [0:Normal, 1:Pushed]",System.Int32,,TRUE,TRUE
system.switches.S_CDU2_KEY_M,"CDU 2 KEY_M [0:Normal, 1:Pushed]",System.Int32,,TRUE,TRUE
system.switches.S_CDU2_KEY_MENU,"CDU 2 KEY_MENU [0:Normal, 1:Pushed]",System.Int32,,TRUE,TRUE
system.switches.S_CDU2_KEY_MINUS,"CDU 2 KEY_MINUS [0:Normal, 1:Pushed]",System.Int32,,TRUE,TRUE
system.switches.S_CDU2_KEY_N,"CDU 2 KEY_N [0:Normal, 1:Pushed]",System.Int32,,TRUE,TRUE
system.switches.S_CDU2_KEY_N1_LIMIT,"CDU 2 KEY_N1_LIMIT [0:Normal, 1:Pushed]",System.Int32,,TRUE,TRUE
system.switches.S_CDU2_KEY_NEXT_PAGE,"CDU 2 KEY_NEXT_PAGE [0:Normal, 1:Pushed]",System.Int32,,TRUE,TRUE
system.switches.S_CDU2_KEY_O,"CDU 2 KEY_O [0:Normal, 1:Pushed]",System.Int32,,TRUE,TRUE
system.switches.S_CDU2_KEY_P,"CDU 2 KEY_P [0:Normal, 1:Pushed]",System.Int32,,TRUE,TRUE
system.switches.S_CDU2_KEY_PREV_PAGE,"CDU 2 KEY_PREV_PAGE [0:Normal, 1:Pushed]",System.Int32,,TRUE,TRUE
system.switches.S_CDU2_KEY_PROG,"CDU 2 KEY_PROG [0:Normal, 1:Pushed]",System.Int32,,TRUE,TRUE
system.switches.S_CDU2_KEY_Q,"CDU 2 KEY_Q [0:Normal, 1:Pushed]",System.Int32,,TRUE,TRUE
system.switches.S_CDU2_KEY_R,"CDU 2 KEY_R [0:Normal, 1:Pushed]",System.Int32,,TRUE,TRUE
system.switches.S_CDU2_KEY_RTE,"CDU 2 KEY_RTE [0:Normal, 1:Pushed]",System.Int32,,TRUE,TRUE
system.switches.S_CDU2_KEY_S,"CDU 2 KEY_S [0:Normal, 1:Pushed]",System.Int32,,TRUE,TRUE
system.switches.S_CDU2_KEY_SLASH,"CDU 2 KEY_SLASH [0:Normal, 1:Pushed]",System.Int32,,TRUE,TRUE
system.switches.S_CDU2_KEY_SPACE,"CDU 2 KEY_SPACE [0:Normal, 1:Pushed]",System.Int32,,TRUE,TRUE
system.switches.S_CDU2_KEY_T,"CDU 2 KEY_T [0:Normal, 1:Pushed]",System.Int32,,TRUE,TRUE
system.switches.S_CDU2_KEY_U,"CDU 2 KEY_U [0:Normal, 1:Pushed]",System.Int32,,TRUE,TRUE
system.switches.S_CDU2_KEY_V,"CDU 2 KEY_V [0:Normal, 1:Pushed]",System.Int32,,TRUE,TRUE
system.switches.S_CDU2_KEY_VNAV,"CDU 2 KEY_VNAV [0:Normal, 1:Pushed]",System.Int32,,TRUE,TRUE
system.switches.S_CDU2_KEY_W,"CDU 2 KEY_W [0:Normal, 1:Pushed]",System.Int32,,TRUE,TRUE
system.switches.S_CDU2_KEY_X,"CDU 2 KEY_X [0:Normal, 1:Pushed]",System.Int32,,TRUE,TRUE
system.switches.S_CDU2_KEY_Y,"CDU 2 KEY_Y [0:Normal, 1:Pushed]",System.Int32,,TRUE,TRUE
system.switches.S_CDU2_KEY_Z,"CDU 2 KEY_Z [0:Normal, 1:Pushed]",System.Int32,,TRUE,TRUE
system.switches.S_COM1_TFC,"Radio TFR COM1 [0:Normal, 1:Pushed]",System.Int32,,TRUE,TRUE
system.switches.S_COM2_TFC,"Radio TFR COM2 [0:Normal, 1:Pushed]",System.Int32,,TRUE,TRUE
system.switches.S_COM3_TFC,"Radio TFR COM3 [0:Normal, 1:Pushed]",System.Int32,,TRUE,TRUE
system.switches.S_DOOR_AFT_CARGO,"Door Aft Cargo switch [0:Normal, 1:Pushed]",System.Int32,,TRUE,TRUE
system.switches.S_DOOR_AFT_ENTRY,"Door Aft Entry switch [0:Normal, 1:Pushed]",System.Int32,,TRUE,TRUE
system.switches.S_DOOR_AFT_SERVICE,"Door Aft Service switch [0:Normal, 1:Pushed]",System.Int32,,TRUE,TRUE
system.switches.S_DOOR_AIRSTAIRS,"Door Air Stairs switch [0:Normal, 1:Pushed]",System.Int32,,TRUE,TRUE
system.switches.S_DOOR_AUTO_UNLOCK_PTT,"Door auto unlock PTT [0:Normal, 1:Pushed]",System.Int32,,TRUE,TRUE
system.switches.S_DOOR_FWD_CARGO,"Door Fwd Cargo switch [0:Normal, 1:Pushed]",System.Int32,,TRUE,TRUE
system.switches.S_DOOR_FWD_ENTRY,"Door Fwd entry switch [0:Normal, 1:Pushed]",System.Int32,,TRUE,TRUE
system.switches.S_DOOR_FWD_SERVICE,"Door Fwd Service switch [0:Normal, 1:Pushed]",System.Int32,,TRUE,TRUE
system.switches.S_DOOR_LOCK_FAIL_PTT,"Door lock fail PTT [0:Normal, 1:Pushed]",System.Int32,,TRUE,TRUE
system.switches.S_EAU_DEPLOY_1,"EAU Engine 1 Deploy Faults Switch [0:Normal, 1:Pushed]",System.Int32,,TRUE,TRUE
system.switches.S_EAU_DEPLOY_2,"EAU Engine 2 Deploy Faults Switch [0:Normal, 1:Pushed]",System.Int32,,TRUE,TRUE
system.switches.S_EAU_RESET_1,"EAU Engine 1 Fault Reset Switch [0:Normal, 1:Pushed]",System.Int32,,TRUE,TRUE
system.switches.S_EAU_RESET_2,"EAU Engine 2 Fault Reset Switch [0:Normal, 1:Pushed]",System.Int32,,TRUE,TRUE
system.switches.S_EAU_STOW_1,"EAU Engine 1 Stow Faults Switch [0:Normal, 1:Pushed]",System.Int32,,TRUE,TRUE
system.switches.S_EAU_STOW_2,"EAU Engine 2 Stow Faults Switch [0:Normal, 1:Pushed]",System.Int32,,TRUE,TRUE
system.switches.S_ELEV_TRIM,"Elevator trim CPT 1 [0:Center, 1:Up, 2:Down]",System.Int32,,TRUE,TRUE
system.switches.S_ELEV_TRIM_FO,"Elevator trim F/O 1 [0:Center, 1:Up, 2:Down]",System.Int32,,TRUE,TRUE
system.switches.S_ELEV_TRIM_FO2,"Elevator trim F/O 2 [0:Center, 1:Up, 2:Down]",System.Int32,,TRUE,TRUE
system.switches.S_ELEV_TRIM2,"Elevator trim CPT 2 [0:Center, 1:Up, 2:Down]",System.Int32,,TRUE,TRUE
system.switches.S_EXT_PILOT_CALL,"External power receptacle pilot call switch [0:Normal, 1:Pushed]",System.Int32,,TRUE,TRUE
system.switches.S_FC_TOEBRAKE_LEFT_CAPT,"Toebrake left captain switch input [0:Off, 1:On]",System.Int32,,TRUE,TRUE
system.switches.S_FC_TOEBRAKE_LEFT_FO,"Toebrake left F/O switch input [0:Off, 1:On]",System.Int32,,TRUE,TRUE
system.switches.S_FC_TOEBRAKE_RIGHT_CAPT,"Toebrake right captain switch input [0:Off, 1:On]",System.Int32,,TRUE,TRUE
system.switches.S_FC_TOEBRAKE_RIGHT_FO,"Toebrake right F/O switch input [0:Off, 1:On]",System.Int32,,TRUE,TRUE
system.switches.S_FIRE_APU_BOTTLE_DISCHARGE_PTT,"APU bottle discharged PTT [0:Normal, 1:Pushed]",System.Int32,,TRUE,TRUE
system.switches.S_FIRE_APU_DET_INOPT_PTT,"Fire APU Det Inop PTT [0:Normal, 1:Pushed]",System.Int32,,TRUE,TRUE
system.switches.S_FIRE_BELL_CUTOUT,"Bell cutout [0:Off, 1:Pushed]",System.Int32,,TRUE,TRUE
system.switches.S_FIRE_CARGO_ARM_AFT,"Cargo fire arm aft [0:Off, 1:Pushed]",System.Int32,,TRUE,TRUE
system.switches.S_FIRE_CARGO_ARM_AFT_LATCHED,"Cargo fire arm aft latch [0:Off, 1:On]",System.Int32,,TRUE,TRUE
system.switches.S_FIRE_CARGO_ARM_FWD,"Cargo fire arm fwd [0:Off, 1:Pushed]",System.Int32,,TRUE,TRUE
system.switches.S_FIRE_CARGO_ARM_FWD_LATCHED,"Cargo fire arm fwd latch [0:Off, 1:On]",System.Int32,,TRUE,TRUE
system.switches.S_FIRE_CARGO_DET_AFT,"Cargo fire aft selector [0:Norm, 1:A, 2:B]",System.Int32,,TRUE,TRUE
system.switches.S_FIRE_CARGO_DET_FWD,"Cargo fire fwd selector [0:Norm, 1:A, 2:B]",System.Int32,,TRUE,TRUE
system.switches.S_FIRE_CARGO_DETECTOR_FAULT_PTT,"Cargo fire detector fault PTT [0:Normal, 1:Pushed]",System.Int32,,TRUE,TRUE
system.switches.S_FIRE_CARGO_DISCH,"Cargo fire disch [0:Off, 1:Pushed]",System.Int32,,TRUE,TRUE
system.switches.S_FIRE_CARGO_EXT_AFT_PTT,"Cargo fire ext light aft PTT [0:Normal, 1:Pushed]",System.Int32,,TRUE,TRUE
system.switches.S_FIRE_CARGO_EXT_FWD_PTT,"Cargo fire ext light fwd PTT [0:Normal, 1:Pushed]",System.Int32,,TRUE,TRUE
system.switches.S_FIRE_CARGO_TEST,"Cargo fire test [0:Off, 1:Pushed]",System.Int32,,TRUE,TRUE
system.switches.S_FIRE_CUTOUT_CP,"Fire warning 1 [0:Off, 1:Pushed]",System.Int32,,TRUE,TRUE
system.switches.S_FIRE_CUTOUT_FO,"Fire warning 2 [0:Off, 1:Pushed]",System.Int32,,TRUE,TRUE
system.switches.S_FIRE_ENG_1_OVT_PTT,"Engine 1 overheat PTT [0:Normal, 1:Pushed]",System.Int32,,TRUE,TRUE
system.switches.S_FIRE_ENG_2_OVT_PTT,"Engine 2 overheat PTT [0:Normal, 1:Pushed]",System.Int32,,TRUE,TRUE
system.switches.S_FIRE_EXT_TEST,"Fire Ext test [0:Off, 1:1, 2:2]",System.Int32,,TRUE,TRUE
system.switches.S_FIRE_FAULT_PTT,"Fire Fault PTT [0:Normal, 1:Pushed]",System.Int32,,TRUE,TRUE
system.switches.S_FIRE_FAULT_TEST,"Ovht test [0:Off, 1:Fault/Inop, 2:Ovht/Fire]",System.Int32,,TRUE,TRUE
system.switches.S_FIRE_HANDLE_APU,"Fire handle APU [0:Off, 1:Left, 2:Right]",System.Int32,,TRUE,TRUE
system.switches.S_FIRE_HANDLE1,"Fire handle Engine 1 [0:Off, 1:Left, 2:Right]",System.Int32,,TRUE,TRUE
system.switches.S_FIRE_HANDLE2,"Fire handle Engine 2 [0:Off, 1:Left, 2:Right]",System.Int32,,TRUE,TRUE
system.switches.S_FIRE_L_BOTTLE_DISCHARGE_PTT,"L bottle discharged PTT [0:Normal, 1:Pushed]",System.Int32,,TRUE,TRUE
system.switches.S_FIRE_OVHT_DET1,"Ovht Det left [0:Normal, 1:A, 2:B]",System.Int32,,TRUE,TRUE
system.switches.S_FIRE_OVHT_DET2,"Ovht Det right [0:Normal, 1:A, 2:B]",System.Int32,,TRUE,TRUE
system.switches.S_FIRE_PULL_APU,"Fire handle pull APU [0:Normal, 1:Pull]",System.Int32,,TRUE,TRUE
system.switches.S_FIRE_PULL1,"Fire handle pull Engine 1 [0:Normal, 1:Pull]",System.Int32,,TRUE,TRUE
system.switches.S_FIRE_PULL2,"Fire handle pull Engine 2 [0:Normal, 1:Pull]",System.Int32,,TRUE,TRUE
system.switches.S_FIRE_R_BOTTLE_DISCHARGE_PTT,"R bottle discharged PTT [0:Normal, 1:Pushed]",System.Int32,,TRUE,TRUE
system.switches.S_FIRE_TEST_APU_PTT,"APU bottle indicator PTT [0:Normal, 1:Pushed]",System.Int32,,TRUE,TRUE
system.switches.S_FIRE_TEST_L_PTT,"L bottle indicator PTT [0:Normal, 1:Pushed]",System.Int32,,TRUE,TRUE
system.switches.S_FIRE_TEST_R_PTT,"R bottle indicator PTT [0:Normal, 1:Pushed]",System.Int32,,TRUE,TRUE
system.switches.S_FIRE_WHEEL_WELL_OVT_PTT,"Fire Wheel well PTT [0:Normal, 1:Pushed]",System.Int32,,TRUE,TRUE
system.switches.S_FLIGHT_DEK_DOOR,"Flt Deck door [0:AUTO, 1:UNLKD, 2:DENY]",System.Int32,,TRUE,TRUE
system.switches.S_GPWS_FLAP_INHIBIT,"Flap inhibit [0:Norm, 1:Inhibit]",System.Int32,,TRUE,TRUE
system.switches.S_GPWS_GEAR_INHIBIT,"Gear inhibit [0:Norm, 1:Inhibit]",System.Int32,,TRUE,TRUE
system.switches.S_GPWS_RUNWAY_INHIBIT,"Runway inhibit [0:Norm, 1:Inhibit]",System.Int32,,TRUE,TRUE
system.switches.S_GPWS_SYS_TEST,"GPWS Sys test [0:Off, 1:Pushed]",System.Int32,,TRUE,TRUE
system.switches.S_GPWS_TERRAIN_INHIBIT,"Terrain inhibit [0:Norm, 1:Inhibit]",System.Int32,,TRUE,TRUE
system.switches.S_HAND_MIC_PTT_CAPT,"Hand Mic PTT captain [0:Normal, 1:Pushed]",System.Int32,,TRUE,TRUE
system.switches.S_HAND_MIC_PTT_FO,"Hand Mic PTT F/O [0:Normal, 1:Pushed]",System.Int32,,TRUE,TRUE
system.switches.S_HAND_MIC_PTT_OBS,"Hand Mic PTT observer [0:Normal, 1:Pushed]",System.Int32,,TRUE,TRUE
system.switches.S_MC_ACK_CP,"Master caution 1 [0:Off, 1:Pushed]",System.Int32,,TRUE,TRUE
system.switches.S_MC_ACK_FO,"Master caution 2 [0:Off, 1:Pushed]",System.Int32,,TRUE,TRUE
system.switches.S_MCP_ALT_HOLD,"MCP Alt hold [0:Off, 1:Pushed]",System.Int32,,TRUE,TRUE
system.switches.S_MCP_ALT_INT,"MCP Alt Int [0:Off, 1:Pushed]",System.Int32,,TRUE,TRUE
system.switches.S_MCP_AP_DISENGAGE,"MCP AP Disengage [0:Normal, 1:Disengage]",System.Int32,,TRUE,TRUE
system.switches.S_MCP_APP,"MCP APP [0:Off, 1:Pushed]",System.Int32,,TRUE,TRUE
system.switches.S_MCP_AT,"MCP AT Arm [0:Off, 1:Arm]",System.Int32,,TRUE,TRUE
system.switches.S_MCP_BANK_LIMIT,"MCP Bank limit [0:25, 1:30, 2:10, 3:15, 4:20]",System.Int32,,TRUE,TRUE
system.switches.S_MCP_CMD_A,"MCP CMD A [0:Off, 1:Pushed]",System.Int32,,TRUE,TRUE
system.switches.S_MCP_CMD_B,"MCP CMD B [0:Off, 1:Pushed]",System.Int32,,TRUE,TRUE
system.switches.S_MCP_CO,"MCP C/O [0:Off, 1:Pushed]",System.Int32,,TRUE,TRUE
system.switches.S_MCP_CWS_A,"MCP CWS A [0:Off, 1:Pushed]",System.Int32,,TRUE,TRUE
system.switches.S_MCP_CWS_B,"MCP CWS B [0:Off, 1:Pushed]",System.Int32,,TRUE,TRUE
system.switches.S_MCP_EFIS1_ARPT,"EFIS 1 ARPT [0:Off, 1:Pushed]",System.Int32,,TRUE,TRUE
system.switches.S_MCP_EFIS1_BARO,"EFIS 1 baro momentary [0:Center, 1:Up, 2:Down, 3:Up fast, 4:Down fast]",System.Int32,,TRUE,TRUE
system.switches.S_MCP_EFIS1_BARO_MODE,"EFIS 1 Baro mode [0:Inch, 1:HPa]",System.Int32,,TRUE,TRUE
system.switches.S_MCP_EFIS1_BARO_STD,"EFIS 1 Baro STD [0:Off, 1:Pushed]",System.Int32,,TRUE,TRUE
system.switches.S_MCP_EFIS1_CTR,"EFIS 1 CTR [0:Off, 1:Pushed]",System.Int32,,TRUE,TRUE
system.switches.S_MCP_EFIS1_DATA,"EFIS 1 DATA [0:Off, 1:Pushed]",System.Int32,,TRUE,TRUE
system.switches.S_MCP_EFIS1_FPV,"EFIS 1 FPV [0:Off, 1:Pushed]",System.Int32,,TRUE,TRUE
system.switches.S_MCP_EFIS1_MINIMUMS,"EFIS 1 minimums momentary [0:Center, 1:Up, 2:Down, 3:Up fast, 4:Down fast]",System.Int32,,TRUE,TRUE
system.switches.S_MCP_EFIS1_MINIMUMS_MODE,"EFIS 1 Minimums mode [0:Radio, 1:Baro]",System.Int32,,TRUE,TRUE
system.switches.S_MCP_EFIS1_MINIMUMS_RESET,"EFIS 1 MINS Reset [0:Off, 1:Pushed]",System.Int32,,TRUE,TRUE
system.switches.S_MCP_EFIS1_MODE,"EFIS 1 Mode [0:APP, 1:VOR, 2:MAP, 3:PLN]",System.Int32,,TRUE,TRUE
system.switches.S_MCP_EFIS1_MTRS,"EFIS 1 MTRS [0:Off, 1:Pushed]",System.Int32,,TRUE,TRUE
system.switches.S_MCP_EFIS1_POS,"EFIS 1 POS [0:Off, 1:Pushed]",System.Int32,,TRUE,TRUE
system.switches.S_MCP_EFIS1_RANGE,"EFIS 1 Range [0:5, 1:10, 2:20, 3:40, 4:80, 5:160, 6:320, 7:640]",System.Int32,,TRUE,TRUE
system.switches.S_MCP_EFIS1_SEL1,"EFIS 1 Selector 1 [0:OFF, 1:VOR 1, 2:ADF 1]",System.Int32,,TRUE,TRUE
system.switches.S_MCP_EFIS1_SEL2,"EFIS 1 Selector 2 [0:OFF, 1:VOR 2, 2:ADF 2]",System.Int32,,TRUE,TRUE
system.switches.S_MCP_EFIS1_STA,"EFIS 1 STA [0:Off, 1:Pushed]",System.Int32,,TRUE,TRUE
system.switches.S_MCP_EFIS1_TERR,"EFIS 1 TERR [0:Off, 1:Pushed]",System.Int32,,TRUE,TRUE
system.switches.S_MCP_EFIS1_TFC,"EFIS 1 TFC [0:Off, 1:Pushed]",System.Int32,,TRUE,TRUE
system.switches.S_MCP_EFIS1_WPT,"EFIS 1 WPT [0:Off, 1:Pushed]",System.Int32,,TRUE,TRUE
system.switches.S_MCP_EFIS1_WXR,"EFIS 1 WXR [0:Off, 1:Pushed]",System.Int32,,TRUE,TRUE
system.switches.S_MCP_EFIS2_ARPT,"EFIS 2 ARPT [0:Off, 1:Pushed]",System.Int32,,TRUE,TRUE
system.switches.S_MCP_EFIS2_BARO,"EFIS 2 baro momentary [0:Center, 1:Up, 2:Down, 3:Up fast, 4:Down fast]",System.Int32,,TRUE,TRUE
system.switches.S_MCP_EFIS2_BARO_MODE,"EFIS 2 Baro mode [0:Inch, 1:HPa]",System.Int32,,TRUE,TRUE
system.switches.S_MCP_EFIS2_BARO_STD,"EFIS 2 Baro STD [0:Off, 1:Pushed]",System.Int32,,TRUE,TRUE
system.switches.S_MCP_EFIS2_CTR,"EFIS 2 CTR [0:Off, 1:Pushed]",System.Int32,,TRUE,TRUE
system.switches.S_MCP_EFIS2_DATA,"EFIS 2 DATA [0:Off, 1:Pushed]",System.Int32,,TRUE,TRUE
system.switches.S_MCP_EFIS2_FPV,"EFIS 2 FPV [0:Off, 1:Pushed]",System.Int32,,TRUE,TRUE
system.switches.S_MCP_EFIS2_MINIMUMS,"EFIS 2 minimums momentary [0:Center, 1:Up, 2:Down, 3:Up fast, 4:Down fast]",System.Int32,,TRUE,TRUE
system.switches.S_MCP_EFIS2_MINIMUMS_MODE,"EFIS 2 Minimums mode [0:Radio, 1:Baro]",System.Int32,,TRUE,TRUE
system.switches.S_MCP_EFIS2_MINIMUMS_RESET,"EFIS 2 MINS Reset [0:Off, 1:Pushed]",System.Int32,,TRUE,TRUE
system.switches.S_MCP_EFIS2_MODE,"EFIS 2 Mode [0:APP, 1:VOR, 2:MAP, 3:PLN]",System.Int32,,TRUE,TRUE
system.switches.S_MCP_EFIS2_MTRS,"EFIS 2 MTRS [0:Off, 1:Pushed]",System.Int32,,TRUE,TRUE
system.switches.S_MCP_EFIS2_POS,"EFIS 2 POS [0:Off, 1:Pushed]",System.Int32,,TRUE,TRUE
system.switches.S_MCP_EFIS2_RANGE,"EFIS 2 Range [0:5, 1:10, 2:20, 3:40, 4:80, 5:160, 6:320, 7:640]",System.Int32,,TRUE,TRUE
system.switches.S_MCP_EFIS2_SEL1,"EFIS 2 Selector 1 [0:OFF, 1:VOR 1, 2:ADF 1]",System.Int32,,TRUE,TRUE
system.switches.S_MCP_EFIS2_SEL2,"EFIS 2 Selector 2 [0:OFF, 1:VOR 2, 2:ADF 2]",System.Int32,,TRUE,TRUE
system.switches.S_MCP_EFIS2_STA,"EFIS 2 STA [0:Off, 1:Pushed]",System.Int32,,TRUE,TRUE
system.switches.S_MCP_EFIS2_TERR,"EFIS 2 TERR [0:Off, 1:Pushed]",System.Int32,,TRUE,TRUE
system.switches.S_MCP_EFIS2_TFC,"EFIS 2 TFC [0:Off, 1:Pushed]",System.Int32,,TRUE,TRUE
system.switches.S_MCP_EFIS2_WPT,"EFIS 2 WPT [0:Off, 1:Pushed]",System.Int32,,TRUE,TRUE
system.switches.S_MCP_EFIS2_WXR,"EFIS 2 WXR [0:Off, 1:Pushed]",System.Int32,,TRUE,TRUE
system.switches.S_MCP_FD1,"MCP Captain F/D [0:Off, 1:On]",System.Int32,,TRUE,TRUE
system.switches.S_MCP_FD2,"MCP F/O F/D [0:Off, 1:On]",System.Int32,,TRUE,TRUE
system.switches.S_MCP_HDG_SEL,"MCP Heading sel [0:Off, 1:Pushed]",System.Int32,,TRUE,TRUE
system.switches.S_MCP_LEVEL_CHANGE,"MCP Level change [0:Off, 1:Pushed]",System.Int32,,TRUE,TRUE
system.switches.S_MCP_LNAV,"MCP LNAV [0:Off, 1:Pushed]",System.Int32,,TRUE,TRUE
system.switches.S_MCP_N1,"MCP N1 [0:Off, 1:Pushed]",System.Int32,,TRUE,TRUE
system.switches.S_MCP_SPEED,"MCP Speed hold [0:Off, 1:Pushed]",System.Int32,,TRUE,TRUE
system.switches.S_MCP_SPEED_INT,"MCP Speed Int [0:Off, 1:Pushed]",System.Int32,,TRUE,TRUE
system.switches.S_MCP_VNAV,"MCP VNAV [0:Off, 1:Pushed]",System.Int32,,TRUE,TRUE
system.switches.S_MCP_VORLOC,"MCP VOR/LOC [0:Off, 1:Pushed]",System.Int32,,TRUE,TRUE
system.switches.S_MCP_VS,"MCP V/S [0:Off, 1:Pushed]",System.Int32,,TRUE,TRUE
system.switches.S_MFD_ENG,"MFD ENG [0:Normal, 1:Pushed]",System.Int32,,TRUE,TRUE
system.switches.S_MFD_SYS,"MFD SYS [0:Normal, 1:Pushed]",System.Int32,,TRUE,TRUE
system.switches.S_MIP_ANTI_SKID_INOP_PTT,"Anti skid INOP PTT [0:Normal, 1:Pushed]",System.Int32,,TRUE,TRUE
system.switches.S_MIP_AUTOBRAKE,"Autobrake [0:Off, 1:RTO, 2:1, 3:2, 4:3, 5:Max]",System.Int32,,TRUE,TRUE
system.switches.S_MIP_AUTOBRAKE_DISARM_PTT,"Autobrake disarm PTT [0:Normal, 1:Pushed]",System.Int32,,TRUE,TRUE
system.switches.S_MIP_AUTOLAND_FO_PTT,"Autoland FO PTT [0:Normal, 1:Pushed]",System.Int32,,TRUE,TRUE
system.switches.S_MIP_AUTOLAND_PTT,"Autoland PTT [0:Normal, 1:Pushed]",System.Int32,,TRUE,TRUE
system.switches.S_MIP_BRAKE_TEMP_PTT,"Brake Temp PTT [0:Normal, 1:Pushed]",System.Int32,,TRUE,TRUE
system.switches.S_MIP_CABIN_ALTITUDE_FO_PTT,"Cabin altitude indicator FO PTT [0:Normal, 1:Pushed]",System.Int32,,TRUE,TRUE
system.switches.S_MIP_CABIN_ALTITUDE_PTT,"Cabin altitude indicator PTT [0:Normal, 1:Pushed]",System.Int32,,TRUE,TRUE
system.switches.S_MIP_CHRONO_CAPT_ALTERNATE,"Chrono capt alternate control [0:Run, 1:Hold, 2:Reset]",System.Int32,,TRUE,TRUE
system.switches.S_MIP_CHRONO_CAPT_CHR,"Chrono capt CHR [0:Normal, 1:Pushed]",System.Int32,,TRUE,TRUE
system.switches.S_MIP_CHRONO_CAPT_DATE_TIME,"Chrono capt Date/Time [0:Normal, 1:Pushed]",System.Int32,,TRUE,TRUE
system.switches.S_MIP_CHRONO_CAPT_ET,"Chrono capt ET [0:Normal, 1:Pushed]",System.Int32,,TRUE,TRUE
system.switches.S_MIP_CHRONO_CAPT_MINUS,"Chrono capt - [0:Normal, 1:Pushed]",System.Int32,,TRUE,TRUE
system.switches.S_MIP_CHRONO_CAPT_PLUS,"Chrono capt + [0:Normal, 1:Pushed]",System.Int32,,TRUE,TRUE
system.switches.S_MIP_CHRONO_CAPT_RESET,"Chrono capt RESET [0:Normal, 1:Pushed]",System.Int32,,TRUE,TRUE
system.switches.S_MIP_CHRONO_CAPT_SET,"Chrono capt SET [0:Normal, 1:Pushed]",System.Int32,,TRUE,TRUE
system.switches.S_MIP_CHRONO_FO_ALTERNATE,"Chrono f/o alternate control [0:Run, 1:Hold, 2:Reset]",System.Int32,,TRUE,TRUE
system.switches.S_MIP_CHRONO_FO_CHR,"Chrono f/o CHR [0:Normal, 1:Pushed]",System.Int32,,TRUE,TRUE
system.switches.S_MIP_CHRONO_FO_DATE_TIME,"Chrono f/o Date/Time [0:Normal, 1:Pushed]",System.Int32,,TRUE,TRUE
system.switches.S_MIP_CHRONO_FO_ET,"Chrono f/o ET [0:Normal, 1:Pushed]",System.Int32,,TRUE,TRUE
system.switches.S_MIP_CHRONO_FO_MINUS,"Chrono f/o - [0:Normal, 1:Pushed]",System.Int32,,TRUE,TRUE
system.switches.S_MIP_CHRONO_FO_PLUS,"Chrono f/o + [0:Normal, 1:Pushed]",System.Int32,,TRUE,TRUE
system.switches.S_MIP_CHRONO_FO_RESET,"Chrono f/o RESET [0:Normal, 1:Pushed]",System.Int32,,TRUE,TRUE
system.switches.S_MIP_CHRONO_FO_SET,"Chrono f/o SET [0:Normal, 1:Pushed]",System.Int32,,TRUE,TRUE
system.switches.S_MIP_CLOCK_CAPT,"Clock Captain [0:Normal, 1:Pushed]",System.Int32,,TRUE,TRUE
system.switches.S_MIP_CLOCK_FO,"Clock F/O [0:Normal, 1:Pushed]",System.Int32,,TRUE,TRUE
system.switches.S_MIP_FLAP_LOAD_RELIEF_PTT,"Flap load relief PTT [0:Normal, 1:Pushed]",System.Int32,,TRUE,TRUE
system.switches.S_MIP_FUELFLOW,"Fuel flow [0:Rate, 1:Used, 2:Reset]",System.Int32,,TRUE,TRUE
system.switches.S_MIP_GEAR,"Gear [0:Off, 1:Down, 2:Up]",System.Int32,,TRUE,TRUE
system.switches.S_MIP_GEAR_LEFT_DOWN_PTT,"Gear left PTT [0:Normal, 1:Pushed]",System.Int32,,TRUE,TRUE
system.switches.S_MIP_GEAR_LEFT_TRANSIT_PTT,"Gear left transit PTT [0:Normal, 1:Pushed]",System.Int32,,TRUE,TRUE
system.switches.S_MIP_GEAR_NOSE_DOWN_PTT,"Gear nose PTT [0:Normal, 1:Pushed]",System.Int32,,TRUE,TRUE
system.switches.S_MIP_GEAR_NOSE_TRANSIT_PTT,"Gear nose transit PTT [0:Normal, 1:Pushed]",System.Int32,,TRUE,TRUE
system.switches.S_MIP_GEAR_OVERRIDE,"Gear handle lock override [0:Normal, 1:Override]",System.Int32,,TRUE,TRUE
system.switches.S_MIP_GEAR_RIGHT_DOWN_PTT,"Gear right PTT [0:Normal, 1:Pushed]",System.Int32,,TRUE,TRUE
system.switches.S_MIP_GEAR_RIGHT_TRANSIT_PTT,"Gear right transit PTT [0:Normal, 1:Pushed]",System.Int32,,TRUE,TRUE
system.switches.S_MIP_GPWS_INOP_PTT,"GPWS Inop PTT [0:Normal, 1:Pushed]",System.Int32,,TRUE,TRUE
system.switches.S_MIP_GS_PUSH_INHIBIT,"Glideslope push to inhibit [0:Normal, 1:Pushed]",System.Int32,,TRUE,TRUE
system.switches.S_MIP_GS_PUSH_INHIBIT_FO,"Glideslope push to inhibit F/O [0:Normal, 1:Pushed]",System.Int32,,TRUE,TRUE
system.switches.S_MIP_ISFD_APP,"ISFD APP [0:Off, 1:Pushed]",System.Int32,,TRUE,TRUE
system.switches.S_MIP_ISFD_BARO_STD,"ISFD baro STD [0:Off, 1:Pushed]",System.Int32,,TRUE,TRUE
system.switches.S_MIP_ISFD_HP_INCH,"ISFD HP/IN [0:Off, 1:Pushed]",System.Int32,,TRUE,TRUE
system.switches.S_MIP_ISFD_MINUS,"ISFD - [0:Off, 1:Pushed]",System.Int32,,TRUE,TRUE
system.switches.S_MIP_ISFD_PLUS,"ISFD + [0:Off, 1:Pushed]",System.Int32,,TRUE,TRUE
system.switches.S_MIP_ISFD_RST,"ISFD RST [0:Off, 1:Pushed]",System.Int32,,TRUE,TRUE
system.switches.S_MIP_LE_FLAP_EXT_PTT,"LE Flap Extend PTT [0:Normal, 1:Pushed]",System.Int32,,TRUE,TRUE
system.switches.S_MIP_LE_FLAP_TRANSIT_PTT,"LE Flap Transit PTT [0:Normal, 1:Pushed]",System.Int32,,TRUE,TRUE
system.switches.S_MIP_LIGHTTEST,"Light Test [0:Bright, 1:Dim, 2:Test]",System.Int32,,TRUE,TRUE
system.switches.S_MIP_LOWER_DU_CAPT,"Lower DU Capt [0:Norm, 1:ND, 2:Eng Pri]",System.Int32,,TRUE,TRUE
system.switches.S_MIP_LOWER_DU_FO,"Lower DU FO [0:Norm, 1:ND, 2:Eng Pri]",System.Int32,,TRUE,TRUE
system.switches.S_MIP_MAIN_DU_CAPT,"Main Panel DUs Capt [0:Norm, 1:Outbd PFD, 2:Eng Pri, 3:PFD, 4:MFD]",System.Int32,,TRUE,TRUE
system.switches.S_MIP_MAIN_DU_FO,"Main Panel DUs FO [0:Norm, 1:Outbd PFD, 2:Eng Pri, 3:PFD, 4:MFD]",System.Int32,,TRUE,TRUE
system.switches.S_MIP_MIC_PTT_CAPT,"MIP Mic PTT captain [0:Normal, 1:Pushed]",System.Int32,,TRUE,TRUE
system.switches.S_MIP_MIC_PTT_FO,"MIP Mic PTT F/O [0:Normal, 1:Pushed]",System.Int32,,TRUE,TRUE
system.switches.S_MIP_N1_SET,"N1 SET [0:AUTO, 1:1, 2:2, 3:Both]",System.Int32,,TRUE,TRUE
system.switches.S_MIP_N1_SET_VALUE,"N1 SET Rotary momentary [0:Center, 1:Up, 2:Down, 3:Up fast, 4:Down fast]",System.Int32,,TRUE,TRUE
system.switches.S_MIP_NOSEWHEEL_STEERING,"Nose wheel steering [0:Normal, 1:Alternate]",System.Int32,,TRUE,TRUE
system.switches.S_MIP_PARKING_BRAKE,"Parking brake [0:Off, 1:On]",System.Int32,,TRUE,TRUE
system.switches.S_MIP_RMI_CAPT_NAV1,"Standby RMI NAV1 mode [0:VOR, 1:ADF]",System.Int32,,TRUE,TRUE
system.switches.S_MIP_RMI_CAPT_NAV2,"Standby RMI NAV2 mode [0:VOR, 1:ADF]",System.Int32,,TRUE,TRUE
system.switches.S_MIP_RMI_FO_NAV1,"Standby RMI NAV1 mode F/O [0:VOR, 1:ADF]",System.Int32,,TRUE,TRUE
system.switches.S_MIP_RMI_FO_NAV2,"Standby RMI NAV2 mode F/O [0:VOR, 1:ADF]",System.Int32,,TRUE,TRUE
system.switches.S_MIP_RUNWAY_INOP_PTT,"Runway Inop PTT [0:Normal, 1:Pushed]",System.Int32,,TRUE,TRUE
system.switches.S_MIP_SPD_REF_VALUE,"SPD REF Rotary momentary [0:Center, 1:Up, 2:Down, 3:Up fast, 4:Down fast]",System.Int32,,TRUE,TRUE
system.switches.S_MIP_SPDREF,"SPD REF [0:AUTO, 1:V1, 2:VR, 3:WT, 4:VREF, 5:BUG, 6:SET]",System.Int32,,TRUE,TRUE
system.switches.S_MIP_SPEEDBRAKE_DO_NOT_ARM_PTT,"Speed brake do not arm PTT [0:Normal, 1:Pushed]",System.Int32,,TRUE,TRUE
system.switches.S_MIP_SPOILER_ARMED_PTT,"Spoiler Armed PTT [0:Normal, 1:Pushed]",System.Int32,,TRUE,TRUE
system.switches.S_MIP_SPOILER_EXTEND_PTT,"Spoiler Extend PTT [0:Normal, 1:Pushed]",System.Int32,,TRUE,TRUE
system.switches.S_MIP_STAB_OUT_OF_TRIM_PTT,"Stab out of trim PTT [0:Normal, 1:Pushed]",System.Int32,,TRUE,TRUE
system.switches.S_MIP_STANDBY_ATTITUDE_MODE,"Standby Attitude Mode [0:APP, 1:OFF, 2:BCRS]",System.Int32,,TRUE,TRUE
system.switches.S_MIP_TAKEOFF_CONFIG_FO_PTT,"Takeoff config FO PTT [0:Normal, 1:Pushed]",System.Int32,,TRUE,TRUE
system.switches.S_MIP_TAKEOFF_CONFIG_PTT,"Takeoff config PTT [0:Normal, 1:Pushed]",System.Int32,,TRUE,TRUE
system.switches.S_MISC_ATTEND_RESET,"Attend call reset [0:Off, 1:Pushed]",System.Int32,,TRUE,TRUE
system.switches.S_MULTINAV1_0,"Multi Nav CAPT 0 [0:Normal, 1:Pushed]",System.Int32,,TRUE,TRUE
system.switches.S_MULTINAV1_1,"Multi Nav CAPT 1 [0:Normal, 1:Pushed]",System.Int32,,TRUE,TRUE
system.switches.S_MULTINAV1_2,"Multi Nav CAPT 2 [0:Normal, 1:Pushed]",System.Int32,,TRUE,TRUE
system.switches.S_MULTINAV1_3,"Multi Nav CAPT 3 [0:Normal, 1:Pushed]",System.Int32,,TRUE,TRUE
system.switches.S_MULTINAV1_4,"Multi Nav CAPT 4 [0:Normal, 1:Pushed]",System.Int32,,TRUE,TRUE
system.switches.S_MULTINAV1_5,"Multi Nav CAPT 5 [0:Normal, 1:Pushed]",System.Int32,,TRUE,TRUE
system.switches.S_MULTINAV1_6,"Multi Nav CAPT 6 [0:Normal, 1:Pushed]",System.Int32,,TRUE,TRUE
system.switches.S_MULTINAV1_7,"Multi Nav CAPT 7 [0:Normal, 1:Pushed]",System.Int32,,TRUE,TRUE
system.switches.S_MULTINAV1_8,"Multi Nav CAPT 8 [0:Normal, 1:Pushed]",System.Int32,,TRUE,TRUE
system.switches.S_MULTINAV1_9,"Multi Nav CAPT 9 [0:Normal, 1:Pushed]",System.Int32,,TRUE,TRUE
system.switches.S_MULTINAV1_CLR,"Multi Nav CAPT CLR [0:Normal, 1:Pushed]",System.Int32,,TRUE,TRUE
system.switches.S_MULTINAV1_MODE_DOWN,"Multi Nav CAPT mode down [0:Normal, 1:Pushed]",System.Int32,,TRUE,TRUE
system.switches.S_MULTINAV1_MODE_UP,"Multi Nav CAPT mode up [0:Normal, 1:Pushed]",System.Int32,,TRUE,TRUE
system.switches.S_MULTINAV1_TEST,"Multi Nav CAPT test [0:Normal, 1:Pushed]",System.Int32,,TRUE,TRUE
system.switches.S_MULTINAV1_XFR,"Multi Nav CAPT xfr [0:Normal, 1:Pushed]",System.Int32,,TRUE,TRUE
system.switches.S_MULTINAV2_0,"Multi Nav F/O 0 [0:Normal, 1:Pushed]",System.Int32,,TRUE,TRUE
system.switches.S_MULTINAV2_1,"Multi Nav F/O 1 [0:Normal, 1:Pushed]",System.Int32,,TRUE,TRUE
system.switches.S_MULTINAV2_2,"Multi Nav F/O 2 [0:Normal, 1:Pushed]",System.Int32,,TRUE,TRUE
system.switches.S_MULTINAV2_3,"Multi Nav F/O 3 [0:Normal, 1:Pushed]",System.Int32,,TRUE,TRUE
system.switches.S_MULTINAV2_4,"Multi Nav F/O 4 [0:Normal, 1:Pushed]",System.Int32,,TRUE,TRUE
system.switches.S_MULTINAV2_5,"Multi Nav F/O 5 [0:Normal, 1:Pushed]",System.Int32,,TRUE,TRUE
system.switches.S_MULTINAV2_6,"Multi Nav F/O 6 [0:Normal, 1:Pushed]",System.Int32,,TRUE,TRUE
system.switches.S_MULTINAV2_7,"Multi Nav F/O 7 [0:Normal, 1:Pushed]",System.Int32,,TRUE,TRUE
system.switches.S_MULTINAV2_8,"Multi Nav F/O 8 [0:Normal, 1:Pushed]",System.Int32,,TRUE,TRUE
system.switches.S_MULTINAV2_9,"Multi Nav F/O 9 [0:Normal, 1:Pushed]",System.Int32,,TRUE,TRUE
system.switches.S_MULTINAV2_CLR,"Multi Nav F/O CLR [0:Normal, 1:Pushed]",System.Int32,,TRUE,TRUE
system.switches.S_MULTINAV2_MODE_DOWN,"Multi Nav F/O mode down [0:Normal, 1:Pushed]",System.Int32,,TRUE,TRUE
system.switches.S_MULTINAV2_MODE_UP,"Multi Nav F/O mode up [0:Normal, 1:Pushed]",System.Int32,,TRUE,TRUE
system.switches.S_MULTINAV2_TEST,"Multi Nav F/O test [0:Normal, 1:Pushed]",System.Int32,,TRUE,TRUE
system.switches.S_MULTINAV2_XFR,"Multi Nav F/O xfr [0:Normal, 1:Pushed]",System.Int32,,TRUE,TRUE
system.switches.S_NAV1_TFC,"Radio TFR NAV1 [0:Normal, 1:Pushed]",System.Int32,,TRUE,TRUE
system.switches.S_NAV2_TFC,"Radio TFR NAV2 [0:Normal, 1:Pushed]",System.Int32,,TRUE,TRUE
system.switches.S_OH_AIR_TEMP_SELECTOR,"Air Temp Selector [0:CONT CAB, 1:DUCT FWD, 2:DUCT AFT, 3:CAB FWD, 4:CAB AFT, 5:R, 6:L]",System.Int32,,TRUE,TRUE
system.switches.S_OH_ALT_FLAP_CTRL,"Alternate flaps ctrl [0:Off, 1:Up, 2:Down]",System.Int32,,TRUE,TRUE
system.switches.S_OH_ALT_FLAPS,"Alternate flaps [0:Off, 1:Arm]",System.Int32,,TRUE,TRUE
system.switches.S_OH_ALT_HORN_CUTOUT,"Alt horn cutout [0:Off, 1:Pushed]",System.Int32,,TRUE,TRUE
system.switches.S_OH_APU,"APU switch [0:Off, 1:On, 2:Start]",System.Int32,,TRUE,TRUE
system.switches.S_OH_ATTEND,"Attend [0:Off, 1:Pushed]",System.Int32,,TRUE,TRUE
system.switches.S_OH_BATTERY,"Battery switch [0:Off, 1:On]",System.Int32,,TRUE,TRUE
system.switches.S_OH_BLEED_APU,"Bleed APU [0:Off, 1:On]",System.Int32,,TRUE,TRUE
system.switches.S_OH_BLEED_L,"Bleed 1 [0:Off, 1:On]",System.Int32,,TRUE,TRUE
system.switches.S_OH_BLEED_OVT_TEST,"OVHT test [0:Off, 1:On]",System.Int32,,TRUE,TRUE
system.switches.S_OH_BLEED_R,"Bleed 2 [0:Off, 1:On]",System.Int32,,TRUE,TRUE
system.switches.S_OH_BUS_TRANSFER,"Bus transfer switch [0:Off, 1:Auto]",System.Int32,,TRUE,TRUE
system.switches.S_OH_CROSSFEED,"Crossfeed [0:Off, 1:On]",System.Int32,,TRUE,TRUE
system.switches.S_OH_DISCONNECT1,"Disconnect 1 [0:Normal, 1:Off]",System.Int32,,TRUE,TRUE
system.switches.S_OH_DISCONNECT2,"Disconnect 2 [0:Normal, 1:Off]",System.Int32,,TRUE,TRUE
system.switches.S_OH_DISP_PAN,"Display Control Panel [0:Normal, 1:Both on 1, 2:Both on 2]",System.Int32,,TRUE,TRUE
system.switches.S_OH_DISPLAY_SOURCE,"Display source [0:Auto, 1:All on 1, 2:All on 2]",System.Int32,,TRUE,TRUE
system.switches.S_OH_EEC1,"EEC left [0:Off, 1:Pushed]",System.Int32,,TRUE,TRUE
system.switches.S_OH_EEC1_LATCH,"EEC left latch [0:Off, 1:On]",System.Int32,,TRUE,TRUE
system.switches.S_OH_EEC2,"EEC right [0:Off, 1:Pushed]",System.Int32,,TRUE,TRUE
system.switches.S_OH_EEC2_LATCH,"EEC right latch [0:Off, 1:On]",System.Int32,,TRUE,TRUE
system.switches.S_OH_ELEC_AC,"Elec Pnl AC [0:STBY PWR, 1:GRD PWR, 2:GEN1, 3:APU GEN, 4:GEN2, 5:INV, 6:TEST]",System.Int32,,TRUE,TRUE
system.switches.S_OH_ELEC_DC,"Elec Pnl DC [0:STBY PWR, 1:BAT BUS, 2:BAT, 3:AUX BAT, 4:TR1, 5:TR2, 6:TR3, 7:TEST]",System.Int32,,TRUE,TRUE
system.switches.S_OH_ELEC_HYD_PUMP_1,"Hyd ELEC1 [0:Off, 1:On]",System.Int32,,TRUE,TRUE
system.switches.S_OH_ELEC_HYD_PUMP_2,"Hyd ELEC2 [0:Off, 1:On]",System.Int32,,TRUE,TRUE
system.switches.S_OH_ELEC_MAINT,"Elec maint [0:Off, 1:Pushed]",System.Int32,,TRUE,TRUE
system.switches.S_OH_ELT,"ELT [0:Armed, 1:On]",System.Int32,,TRUE,TRUE
system.switches.S_OH_EMERG_EXIT_LIGHTS,"Emer Exit Lights [0:Off, 1:Armed, 2:On]",System.Int32,,TRUE,TRUE
system.switches.S_OH_ENG_HYD_PUMP_L,"Hyd ENG1 [0:Off, 1:On]",System.Int32,,TRUE,TRUE
system.switches.S_OH_ENG_HYD_PUMP_R,"Hyd ENG2 [0:Off, 1:On]",System.Int32,,TRUE,TRUE
system.switches.S_OH_ENG_START_L,"Start 1 [0:Off, 1:GRD, 2:CONT, 3:FLT]",System.Int32,,TRUE,TRUE
system.switches.S_OH_ENG_START_R,"Start 2 [0:Off, 1:GRD, 2:CONT, 3:FLT]",System.Int32,,TRUE,TRUE
system.switches.S_OH_ENGINE_AI1,"Eng Anti-Ice 1 [0:Off, 1:On]",System.Int32,,TRUE,TRUE
system.switches.S_OH_ENGINE_AI2,"Eng Anti-Ice 2 [0:Off, 1:On]",System.Int32,,TRUE,TRUE
system.switches.S_OH_EQUIP_COOLING_EXHAUST,"Equip cooling exhaust [0:Normal, 1:Alternate]",System.Int32,,TRUE,TRUE
system.switches.S_OH_EQUIP_COOLING_SUPPLY,"Equip cooling supply [0:Normal, 1:Alternate]",System.Int32,,TRUE,TRUE
system.switches.S_OH_FLIGHT_REC,"Flight recorder [0:Normal, 1:Test]",System.Int32,,TRUE,TRUE
system.switches.S_OH_FLT_CTRL_A,"Flt Ctrl A [0:Off, 1:Stby Rud, 2:A On]",System.Int32,,TRUE,TRUE
system.switches.S_OH_FLT_CTRL_B,"Flt Ctrl B [0:Off, 1:Stby Rud, 2:B On]",System.Int32,,TRUE,TRUE
system.switches.S_OH_FMC,"FMC [0:Normal, 1:Both on L, 2:Both on R]",System.Int32,,TRUE,TRUE
system.switches.S_OH_FUEL_PUMP_CL,"Fuel Center Left [0:Off, 1:On]",System.Int32,,TRUE,TRUE
system.switches.S_OH_FUEL_PUMP_CR,"Fuel Center Right [0:Off, 1:On]",System.Int32,,TRUE,TRUE
system.switches.S_OH_FUEL_PUMP_LA,"Fuel Left Aft [0:Off, 1:On]",System.Int32,,TRUE,TRUE
system.switches.S_OH_FUEL_PUMP_LF,"Fuel Left Fwd [0:Off, 1:On]",System.Int32,,TRUE,TRUE
system.switches.S_OH_FUEL_PUMP_RA,"Fuel Right Aft [0:Off, 1:On]",System.Int32,,TRUE,TRUE
system.switches.S_OH_FUEL_PUMP_RF,"Fuel Right Fwd [0:Off, 1:On]",System.Int32,,TRUE,TRUE
system.switches.S_OH_GALLEY,"Galley [0:Off, 1:On]",System.Int32,,TRUE,TRUE
system.switches.S_OH_GROUND_CALL,"Ground call [0:Off, 1:Pushed]",System.Int32,,TRUE,TRUE
system.switches.S_OH_GROUND_POWER,"Ground Power [0:Off, 1:Center, 2:On]",System.Int32,,TRUE,TRUE
system.switches.S_OH_HIGH_ALT_LDG,"HIGH ALT LDG [0:Off, 1:Pushed]",System.Int32,,TRUE,TRUE
system.switches.S_OH_HIGH_ALT_LDG_LATCH,"HIGH ALT LDG latch [0:Off, 1:On]",System.Int32,,TRUE,TRUE
system.switches.S_OH_IGNITION_SELECT,"Ignition select [0:Both, 1:Left, 2:Right]",System.Int32,,TRUE,TRUE
system.switches.S_OH_IRS_DISP_SEL,"IRS Disp Sel [0:TK/GS, 1:Test, 2:PPOS, 3:Wind, 4:HDG/STS]",System.Int32,,TRUE,TRUE
system.switches.S_OH_IRS_KEY_0,"IRS Keypad 0 [0:Off, 1:Pushed]",System.Int32,,TRUE,TRUE
system.switches.S_OH_IRS_KEY_1,"IRS Keypad 1 [0:Off, 1:Pushed]",System.Int32,,TRUE,TRUE
system.switches.S_OH_IRS_KEY_2,"IRS Keypad 2 [0:Off, 1:Pushed]",System.Int32,,TRUE,TRUE
system.switches.S_OH_IRS_KEY_3,"IRS Keypad 3 [0:Off, 1:Pushed]",System.Int32,,TRUE,TRUE
system.switches.S_OH_IRS_KEY_4,"IRS Keypad 4 [0:Off, 1:Pushed]",System.Int32,,TRUE,TRUE
system.switches.S_OH_IRS_KEY_5,"IRS Keypad 5 [0:Off, 1:Pushed]",System.Int32,,TRUE,TRUE
system.switches.S_OH_IRS_KEY_6,"IRS Keypad 6 [0:Off, 1:Pushed]",System.Int32,,TRUE,TRUE
system.switches.S_OH_IRS_KEY_7,"IRS Keypad 7 [0:Off, 1:Pushed]",System.Int32,,TRUE,TRUE
system.switches.S_OH_IRS_KEY_8,"IRS Keypad 8 [0:Off, 1:Pushed]",System.Int32,,TRUE,TRUE
system.switches.S_OH_IRS_KEY_9,"IRS Keypad 9 [0:Off, 1:Pushed]",System.Int32,,TRUE,TRUE
system.switches.S_OH_IRS_KEY_CLR,"IRS Keypad CLR [0:Off, 1:Pushed]",System.Int32,,TRUE,TRUE
system.switches.S_OH_IRS_KEY_ENT,"IRS Keypad ENT [0:Off, 1:Pushed]",System.Int32,,TRUE,TRUE
system.switches.S_OH_IRS_SEL,"IRS [0:Normal, 1:Both on L, 2:Both on R]",System.Int32,,TRUE,TRUE
system.switches.S_OH_IRS_SEL_L,"IRS left [0:Nav, 1:Off, 2:Align, 3:Att]",System.Int32,,TRUE,TRUE
system.switches.S_OH_IRS_SEL_R,"IRS right [0:Nav, 1:Off, 2:Align, 3:Att]",System.Int32,,TRUE,TRUE
system.switches.S_OH_IRS_SYS_DISP,"IRS SYS DSPL [0:Left, 1:Right]",System.Int32,,TRUE,TRUE
system.switches.S_OH_LEDEVICES_TEST,"LE Devices test [0:Off, 1:Pushed]",System.Int32,,TRUE,TRUE
system.switches.S_OH_LIGHT_ANTI_COLLISION,"Lights Anti collision [0:Off, 1:On]",System.Int32,,TRUE,TRUE
system.switches.S_OH_LIGHT_DOME,"Dome light [0:Dim, 1:Off, 2:Bright]",System.Int32,,TRUE,TRUE
system.switches.S_OH_LIGHT_LOGO,"Lights Logo [0:Off, 1:On]",System.Int32,,TRUE,TRUE
system.switches.S_OH_LIGHT_MAIN_FIXED1,"Light Main Fixed L [0:Off, 1:On]",System.Int32,,TRUE,TRUE
system.switches.S_OH_LIGHT_MAIN_FIXED2,"Light Main Fixed R [0:Off, 1:On]",System.Int32,,TRUE,TRUE
system.switches.S_OH_LIGHT_MAIN_RET1,"Light Main Retract L [0:Off, 1:On]",System.Int32,,TRUE,TRUE
system.switches.S_OH_LIGHT_MAIN_RET2,"Light Main Retract R [0:Off, 1:On]",System.Int32,,TRUE,TRUE
system.switches.S_OH_LIGHT_POSITION,"Lights Position [0:Off, 1:On]",System.Int32,,TRUE,TRUE
system.switches.S_OH_LIGHT_RETRACT_L_3POS,"Light Main Retract L 3 POS [0:Retracted, 1:Extended, 2:On]",System.Int32,,TRUE,TRUE
system.switches.S_OH_LIGHT_RETRACT_R_3POS,"Light Main Retract R 3 POS [0:Retracted, 1:Extended, 2:On]",System.Int32,,TRUE,TRUE
system.switches.S_OH_LIGHT_RWY1,"Lights Runway turnoff L [0:Off, 1:On]",System.Int32,,TRUE,TRUE
system.switches.S_OH_LIGHT_RWY2,"Lights Runway turnoff R [0:Off, 1:On]",System.Int32,,TRUE,TRUE
system.switches.S_OH_LIGHT_STROBE,"Lights Strobe [0:Off, 1:On]",System.Int32,,TRUE,TRUE
system.switches.S_OH_LIGHT_STROBE_STEADY,"Lights Strobe && Steady [0:Strobe && Steady, 1:Off, 2:Steady]",System.Int32,,TRUE,TRUE
system.switches.S_OH_LIGHT_TAXI,"Lights Taxi [0:Off, 1:On]",System.Int32,,TRUE,TRUE
system.switches.S_OH_LIGHT_WHEEL_WELL,"Lights Wheel well [0:Off, 1:On]",System.Int32,,TRUE,TRUE
system.switches.S_OH_LIGHT_WING,"Lights Wing [0:Off, 1:On]",System.Int32,,TRUE,TRUE
system.switches.S_OH_MACH_WARNING_TEST_1,"Mach Airspeed warning test no1 [0:Off, 1:Pushed]",System.Int32,,TRUE,TRUE
system.switches.S_OH_MACH_WARNING_TEST_2,"Mach Airspeed warning test no2 [0:Off, 1:Pushed]",System.Int32,,TRUE,TRUE
system.switches.S_OH_NO_SMOKING,"No Smoking [0:Off, 1:Auto, 2:On]",System.Int32,,TRUE,TRUE
system.switches.S_OH_OUTFLOW_VALVE,"Outflow valve [0:Off, 1:Open, 2:Close]",System.Int32,,TRUE,TRUE
system.switches.S_OH_PACK_L,"Pack 1 [0:Off, 1:Auto, 2:High]",System.Int32,,TRUE,TRUE
system.switches.S_OH_PACK_R,"Pack 2 [0:Off, 1:Auto, 2:High]",System.Int32,,TRUE,TRUE
system.switches.S_OH_PASS_OXY,"Pass oxygen [0:Normal, 1:On]",System.Int32,,TRUE,TRUE
system.switches.S_OH_PNEUMATIC_ISOLATION,"Pneumatic Isolation switch [0:Auto, 1:Close, 2:Open]",System.Int32,,TRUE,TRUE
system.switches.S_OH_PRESS_MODE,"Pressurization [0:Auto, 1:Altn, 2:Man]",System.Int32,,TRUE,TRUE
system.switches.S_OH_PROBE_HEAT_A,"Probe heat A [0:OFF, 1:ON]",System.Int32,,TRUE,TRUE
system.switches.S_OH_PROBE_HEAT_B,"Probe heat B [0:OFF, 1:ON]",System.Int32,,TRUE,TRUE
system.switches.S_OH_RECIRC_L,"Recirc Fan L [0:Off, 1:Auto]",System.Int32,,TRUE,TRUE
system.switches.S_OH_RECIRC_R,"Recirc Fan R [0:Off, 1:Auto]",System.Int32,,TRUE,TRUE
system.switches.S_OH_SEATBELT,"Seatbelt [0:Off, 1:Auto, 2:On]",System.Int32,,TRUE,TRUE
system.switches.S_OH_SOURCE_APU1,"APU GEN 1 [0:Center, 1:Off, 2:On]",System.Int32,,TRUE,TRUE
system.switches.S_OH_SOURCE_APU2,"APU GEN 2 [0:Center, 1:Off, 2:On]",System.Int32,,TRUE,TRUE
system.switches.S_OH_SOURCE_GEN1,"GEN 1 [0:Center, 1:Off, 2:On]",System.Int32,,TRUE,TRUE
system.switches.S_OH_SOURCE_GEN2,"GEN 2 [0:Center, 1:Off, 2:On]",System.Int32,,TRUE,TRUE
system.switches.S_OH_SPOILER_A,"Spoiler A [0:Off, 1:On]",System.Int32,,TRUE,TRUE
system.switches.S_OH_SPOILER_B,"Spoiler B [0:Off, 1:On]",System.Int32,,TRUE,TRUE
system.switches.S_OH_STALL_TEST_1,"Stall test 1 [0:Off, 1:Pushed]",System.Int32,,TRUE,TRUE
system.switches.S_OH_STALL_TEST_2,"Stall test 2 [0:Off, 1:Pushed]",System.Int32,,TRUE,TRUE
system.switches.S_OH_STANDBY_POWER,"Standby power switch [0:Auto, 1:Off, 2:Bat]",System.Int32,,TRUE,TRUE
system.switches.S_OH_TAT_TEST,"TAT test [0:Off, 1:Pushed]",System.Int32,,TRUE,TRUE
system.switches.S_OH_TRIMAIR,"Trim air [0:Off, 1:On]",System.Int32,,TRUE,TRUE
system.switches.S_OH_TRIP_RESET,"Trip reset [0:Off, 1:On]",System.Int32,,TRUE,TRUE
system.switches.S_OH_VHF_NAV,"VHF NAV [0:Normal, 1:Both on 1, 2:Both on 2]",System.Int32,,TRUE,TRUE
system.switches.S_OH_VOICE_RECORDER,"Voice recorder [0:Auto, 1:On]",System.Int32,,TRUE,TRUE
system.switches.S_OH_VOICE_RECORDER_ERASE,"Voice recorder erase [0:Off, 1:Pushed]",System.Int32,,TRUE,TRUE
system.switches.S_OH_VOICE_RECORDER_TEST,"Voice recorder test [0:Off, 1:Pushed]",System.Int32,,TRUE,TRUE
system.switches.S_OH_WAI,"Wing Anti-Ice [0:Off, 1:On]",System.Int32,,TRUE,TRUE
system.switches.S_OH_WINDOW_HEAT_FL,"Window heat FWD L [0:Off, 1:On]",System.Int32,,TRUE,TRUE
system.switches.S_OH_WINDOW_HEAT_FR,"Window heat FWD R [0:Off, 1:On]",System.Int32,,TRUE,TRUE
system.switches.S_OH_WINDOW_HEAT_SL,"Window heat Side L [0:Off, 1:On]",System.Int32,,TRUE,TRUE
system.switches.S_OH_WINDOW_HEAT_SR,"Window heat Side R [0:Off, 1:On]",System.Int32,,TRUE,TRUE
system.switches.S_OH_WINDOW_HEAT_TEST,"Window heat test [0:Center, 1:OVHT, 2:PWR TEST]",System.Int32,,TRUE,TRUE
system.switches.S_OH_WIPER_L,"Wiper left [0:Park, 1:Int, 2:Low, 3:High]",System.Int32,,TRUE,TRUE
system.switches.S_OH_WIPER_R,"Wiper right [0:Park, 1:Int, 2:Low, 3:High]",System.Int32,,TRUE,TRUE
system.switches.S_OH_YAW_DAMPER,"Yaw damper [0:Off, 1:On]",System.Int32,,TRUE,TRUE
system.switches.S_OXYMASK_TEST_CPT,"Oxygen mask Captain test switch [0:Normal, 1:Pressed]",System.Int32,,TRUE,TRUE
system.switches.S_OXYMASK_TEST_FO,"Oxygen mask First Officer test switch [0:Normal, 1:Pressed]",System.Int32,,TRUE,TRUE
system.switches.S_PED_ATC_0,"ATC 0 [0:Normal, 1:Pushed]",System.Int32,,TRUE,TRUE
system.switches.S_PED_ATC_1,"ATC 1 [0:Normal, 1:Pushed]",System.Int32,,TRUE,TRUE
system.switches.S_PED_ATC_2,"ATC 2 [0:Normal, 1:Pushed]",System.Int32,,TRUE,TRUE
system.switches.S_PED_ATC_3,"ATC 3 [0:Normal, 1:Pushed]",System.Int32,,TRUE,TRUE
system.switches.S_PED_ATC_4,"ATC 4 [0:Normal, 1:Pushed]",System.Int32,,TRUE,TRUE
system.switches.S_PED_ATC_5,"ATC 5 [0:Normal, 1:Pushed]",System.Int32,,TRUE,TRUE
system.switches.S_PED_ATC_6,"ATC 6 [0:Normal, 1:Pushed]",System.Int32,,TRUE,TRUE
system.switches.S_PED_ATC_7,"ATC 7 [0:Normal, 1:Pushed]",System.Int32,,TRUE,TRUE
system.switches.S_PED_ATC_CLR,"ATC CLR [0:Normal, 1:Pushed]",System.Int32,,TRUE,TRUE
system.switches.S_PEDESTAL_STAB_TRIM_OVERRIDE,"Stab trim override [0:Normal, 1:Override]",System.Int32,,TRUE,TRUE
system.switches.S_R575_ENG_2_ALTN_PWR_RELAY,"ENG 2 ALTN POWER RELAY Switch [0:Open, 1:Closed]",System.Int32,,TRUE,TRUE
system.switches.S_R576_ENG_1_ALTN_PWR_RELAY,"ENG 1 ALTN POWER RELAY Switch [0:Open, 1:Closed]",System.Int32,,TRUE,TRUE
system.switches.S_RADIO_ADF1_MODE,"ADF1 mode switch [0:Off, 1:Antenna, 2:ADF]",System.Int32,,TRUE,TRUE
system.switches.S_RADIO_ADF1_TEST,"Radio TEST ADF1 [0:Normal, 1:Pushed]",System.Int32,,TRUE,TRUE
system.switches.S_RADIO_ADF1_TONE,"ADF1 tone [0:Off, 1:On]",System.Int32,,TRUE,TRUE
system.switches.S_RADIO_ADF2_MODE,"ADF2 mode switch [0:Off, 1:Antenna, 2:ADF]",System.Int32,,TRUE,TRUE
system.switches.S_RADIO_ADF2_TEST,"Radio TEST ADF2 [0:Normal, 1:Pushed]",System.Int32,,TRUE,TRUE
system.switches.S_RADIO_ADF2_TONE,"ADF2 tone [0:Off, 1:On]",System.Int32,,TRUE,TRUE
system.switches.S_RADIO_COM1_TEST,"Radio TEST COM1 [0:Normal, 1:Pushed]",System.Int32,,TRUE,TRUE
system.switches.S_RADIO_COM2_TEST,"Radio TEST COM2 [0:Normal, 1:Pushed]",System.Int32,,TRUE,TRUE
system.switches.S_RADIO_COM3_TEST,"Radio TEST COM3 [0:Normal, 1:Pushed]",System.Int32,,TRUE,TRUE
system.switches.S_RADIO_NAV1_TEST,"Radio TEST NAV1 [0:Normal, 1:Pushed]",System.Int32,,TRUE,TRUE
system.switches.S_RADIO_NAV2_TEST,"Radio TEST NAV2 [0:Normal, 1:Pushed]",System.Int32,,TRUE,TRUE
system.switches.S_RADIO_XPDR_SELECTOR_1,"Radio XPDR selector 1 [0:Off, 1:0, 2:1, 3:2, 4:3, 5:4, 6:5, 7:6, 8:7]",System.Int32,,TRUE,TRUE
system.switches.S_RADIO_XPDR_SELECTOR_2,"Radio XPDR selector 2 [0:Off, 1:0, 2:1, 3:2, 4:3, 5:4, 6:5, 7:6, 8:7]",System.Int32,,TRUE,TRUE
system.switches.S_RADIO_XPDR_SELECTOR_3,"Radio XPDR selector 3 [0:Off, 1:0, 2:1, 3:2, 4:3, 5:4, 6:5, 7:6, 8:7]",System.Int32,,TRUE,TRUE
system.switches.S_RADIO_XPDR_SELECTOR_4,"Radio XPDR selector 4 [0:Off, 1:0, 2:1, 3:2, 4:3, 5:4, 6:5, 7:6, 8:7]",System.Int32,,TRUE,TRUE
system.switches.S_RECALL_CP,"Recall 1 [0:Off, 1:Pushed]",System.Int32,,TRUE,TRUE
system.switches.S_RECALL_FO,"Recall 2 [0:Off, 1:Pushed]",System.Int32,,TRUE,TRUE
system.switches.S_RELAY_TRIM_AIR,"Trim Air Relay Switch [0:Open, 1:Closed]",System.Int32,,TRUE,TRUE
system.switches.S_RMP1_ADF,"RMP Capt ADF [0:Normal, 1:Pushed]",System.Int32,,TRUE,TRUE
system.switches.S_RMP1_AM,"RMP Capt AM [0:Normal, 1:Pushed]",System.Int32,,TRUE,TRUE
system.switches.S_RMP1_HF1,"RMP Capt HF1 [0:Normal, 1:Pushed]",System.Int32,,TRUE,TRUE
system.switches.S_RMP1_HF2,"RMP Capt HF2 [0:Normal, 1:Pushed]",System.Int32,,TRUE,TRUE
system.switches.S_RMP1_NAV_1,"RMP Capt NAV1 [0:Normal, 1:Pushed]",System.Int32,,TRUE,TRUE
system.switches.S_RMP1_NAV_2,"RMP Capt NAV2 [0:Normal, 1:Pushed]",System.Int32,,TRUE,TRUE
system.switches.S_RMP1_PANEL_OFF,"RMP Capt panel off [0:Normal, 1:Pushed]",System.Int32,,TRUE,TRUE
system.switches.S_RMP1_TEST,"RMP Capt VHF test [0:Normal, 1:Pushed]",System.Int32,,TRUE,TRUE
system.switches.S_RMP1_VHF1,"RMP Capt VHF1 [0:Normal, 1:Pushed]",System.Int32,,TRUE,TRUE
system.switches.S_RMP1_VHF2,"RMP Capt VHF2 [0:Normal, 1:Pushed]",System.Int32,,TRUE,TRUE
system.switches.S_RMP1_VHF3,"RMP Capt VHF3 [0:Normal, 1:Pushed]",System.Int32,,TRUE,TRUE
system.switches.S_RMP1_XFER,"RMP Capt transfer [0:Normal, 1:Pushed]",System.Int32,,TRUE,TRUE
system.switches.S_RMP2_ADF,"RMP F/O ADF [0:Normal, 1:Pushed]",System.Int32,,TRUE,TRUE
system.switches.S_RMP2_AM,"RMP F/O AM [0:Normal, 1:Pushed]",System.Int32,,TRUE,TRUE
system.switches.S_RMP2_HF1,"RMP F/O HF1 [0:Normal, 1:Pushed]",System.Int32,,TRUE,TRUE
system.switches.S_RMP2_HF2,"RMP F/O HF2 [0:Normal, 1:Pushed]",System.Int32,,TRUE,TRUE
system.switches.S_RMP2_NAV_1,"RMP F/O NAV1 [0:Normal, 1:Pushed]",System.Int32,,TRUE,TRUE
system.switches.S_RMP2_NAV_2,"RMP F/O NAV2 [0:Normal, 1:Pushed]",System.Int32,,TRUE,TRUE
system.switches.S_RMP2_PANEL_OFF,"RMP F/O panel off [0:Normal, 1:Pushed]",System.Int32,,TRUE,TRUE
system.switches.S_RMP2_TEST,"RMP F/O VHF test [0:Normal, 1:Pushed]",System.Int32,,TRUE,TRUE
system.switches.S_RMP2_VHF1,"RMP F/O VHF1 [0:Normal, 1:Pushed]",System.Int32,,TRUE,TRUE
system.switches.S_RMP2_VHF2,"RMP F/O VHF2 [0:Normal, 1:Pushed]",System.Int32,,TRUE,TRUE
system.switches.S_RMP2_VHF3,"RMP F/O VHF3 [0:Normal, 1:Pushed]",System.Int32,,TRUE,TRUE
system.switches.S_RMP2_XFER,"RMP F/O transfer [0:Normal, 1:Pushed]",System.Int32,,TRUE,TRUE
system.switches.S_RUDDER_TRIM,"Rudder trim [0:Center, 1:Left, 2:Right]",System.Int32,,TRUE,TRUE
system.switches.S_SELCAL_HF1,"SELCAL HF1 switch [0:Normal, 1:Pushed]",System.Int32,,TRUE,TRUE
system.switches.S_SELCAL_HF2,"SELCAL HF2 switch [0:Normal, 1:Pushed]",System.Int32,,TRUE,TRUE
system.switches.S_SELCAL_VHF1,"SELCAL VHF1 switch [0:Normal, 1:Pushed]",System.Int32,,TRUE,TRUE
system.switches.S_SELCAL_VHF2,"SELCAL VHF2 switch [0:Normal, 1:Pushed]",System.Int32,,TRUE,TRUE
system.switches.S_SELCAL_VHF3,"SELCAL VHF3 switch [0:Normal, 1:Pushed]",System.Int32,,TRUE,TRUE
system.switches.S_TCAS_HOR_RANGE,"TCAS horizontal range [0:Max, 1:5, 2:10, 3:20]",System.Int32,,TRUE,TRUE
system.switches.S_TCAS_VERT_RANGE,"TCAS vertical range [0:Normal, 1:Above, 2:Below]",System.Int32,,TRUE,TRUE
system.switches.S_THROTTLE_AT_DISENGAGE,"AT Disengage [0:Off, 1:Pushed]",System.Int32,,TRUE,TRUE
system.switches.S_THROTTLE_AT_DISENGAGE_2,"AT Disengage 2nd switch [0:Off, 1:Pushed]",System.Int32,,TRUE,TRUE
system.switches.S_THROTTLE_FLAP,"Flap [0:Up, 1:1, 2:2, 3:5, 4:10, 5:15, 6:25, 7:30, 8:40]",System.Int32,,TRUE,TRUE
system.switches.S_THROTTLE_FLAP_PULSE_DOWN,"Flap Pulse Down [0:Normal, 1:Pushed]",System.Int32,,TRUE,TRUE
system.switches.S_THROTTLE_FLAP_PULSE_UP,"Flap Pulse Up [0:Normal, 1:Pushed]",System.Int32,,TRUE,TRUE
system.switches.S_THROTTLE_FUEL_CUTOFF1,"Fuel cutoff left [0:Idle, 1:Cutoff]",System.Int32,,TRUE,TRUE
system.switches.S_THROTTLE_FUEL_CUTOFF2,"Fuel cutoff right [0:Idle, 1:Cutoff]",System.Int32,,TRUE,TRUE
system.switches.S_THROTTLE_GEAR_WARNING_CUTOUT,"Gear horn cutout [0:Off, 1:Pushed]",System.Int32,,TRUE,TRUE
system.switches.S_THROTTLE_STAB_TRIM_AP,"Stab trim main auto pilot [0:Normal, 1:Cutout]",System.Int32,,TRUE,TRUE
system.switches.S_THROTTLE_STAB_TRIM_ELEC,"Stab trim main elec [0:Normal, 1:Cutout]",System.Int32,,TRUE,TRUE
system.switches.S_THROTTLE_TOGA,"TOGA [0:Off, 1:Pushed]",System.Int32,,TRUE,TRUE
system.switches.S_THROTTLE_TOGA_2,"TOGA 2nd switch [0:Off, 1:Pushed]",System.Int32,,TRUE,TRUE
system.switches.S_WR_AUTO,"Weather Radar AUTO [0:Off, 1:Pushed]",System.Int32,,TRUE,TRUE
system.switches.S_WR_AUTO_LATCH,"Weather Radar AUTO latch [0:Off, 1:On]",System.Int32,,TRUE,TRUE
system.switches.S_WR_GC_LEFT,"Weather Radar GC Left [0:Normal, 1:Pushed]",System.Int32,,TRUE,TRUE
system.switches.S_WR_GC_RIGHT,"Weather Radar GC Right [0:Normal, 1:Pushed]",System.Int32,,TRUE,TRUE
system.switches.S_WR_LR,"Weather Radar L/R [0:Off, 1:Pushed]",System.Int32,,TRUE,TRUE
system.switches.S_WR_LR_LATCH,"Weather Radar L/R latch [0:Off, 1:On]",System.Int32,,TRUE,TRUE
system.switches.S_WR_MAP_LEFT,"Weather Radar MAP Left [0:Normal, 1:Pushed]",System.Int32,,TRUE,TRUE
system.switches.S_WR_MAP_RIGHT,"Weather Radar MAP Right [0:Normal, 1:Pushed]",System.Int32,,TRUE,TRUE
system.switches.S_WR_MODE,"Weather Radar Mode [0:WX+T, 1:WX, 2:WXR(VAR), 3:MAP, 4:TEST]",System.Int32,,TRUE,TRUE
system.switches.S_WR_MODE_LEFT,"Weather Radar (Dual) Mode Left [0:MAP, 1:AUTO, 2:MANUAL]",System.Int32,,TRUE,TRUE
system.switches.S_WR_MODE_RIGHT,"Weather Radar (Dual) Mode Right [0:MAP, 1:AUTO, 2:MANUAL]",System.Int32,,TRUE,TRUE
system.switches.S_WR_TEST,"Weather Radar TEST [0:Normal, 1:Pushed]",System.Int32,,TRUE,TRUE
system.switches.S_WR_TFR_LEFT,"Weather Radar TFR Left [0:Off, 1:Pushed]",System.Int32,,TRUE,TRUE
system.switches.S_WR_TFR_LEFT_LATCH,"Weather Radar TFR Left latch [0:Off, 1:On]",System.Int32,,TRUE,TRUE
system.switches.S_WR_TFR_RIGHT,"Weather Radar TFR Right [0:Off, 1:Pushed]",System.Int32,,TRUE,TRUE
system.switches.S_WR_TFR_RIGHT_LATCH,"Weather Radar TFR Right latch [0:Off, 1:On]",System.Int32,,TRUE,TRUE
system.switches.S_WR_WX_LEFT,"Weather Radar WX Left [0:Normal, 1:Pushed]",System.Int32,,TRUE,TRUE
system.switches.S_WR_WX_RIGHT,"Weather Radar WX Right [0:Normal, 1:Pushed]",System.Int32,,TRUE,TRUE
system.switches.S_WR_WXT_LEFT,"Weather Radar WX+T Left [0:Normal, 1:Pushed]",System.Int32,,TRUE,TRUE
system.switches.S_WR_WXT_RIGHT,"Weather Radar WX+T Right [0:Normal, 1:Pushed]",System.Int32,,TRUE,TRUE
system.switches.S_XPDR_ALT_SOURCE,"XPDR ALT source [0:1, 1:2]",System.Int32,,TRUE,TRUE
system.switches.S_XPDR_IDENT,"XPDR Ident [0:Normal, 1:Pushed]",System.Int32,,TRUE,TRUE
system.switches.S_XPDR_MODE,"TCAS [0:Stdby, 1:Alt rptg off, 2:XPDR, 3:TA, 4:TA/RA, 5:Test]",System.Int32,,TRUE,TRUE
system.switches.S_XPDR_OPERATION,"XPDR operation [0:Auto, 1:Standby, 2:On]",System.Int32,,TRUE,TRUE
system.switches.S_XPDR_SELECTOR,"XPDR selector [0:1, 1:2]",System.Int32,,TRUE,TRUE
system.switches.S_XPDR_TEST,"TCAS TEST [0:Normal, 1:Pushed]",System.Int32,,TRUE,TRUE
system.switches.S_YOKE_AP_DISCONNECT_CAPT,"AP Disconnect Yoke Capt [0:Normal, 1:Pushed]",System.Int32,,TRUE,TRUE
system.switches.S_YOKE_AP_DISCONNECT_FO,"AP Disconnect Yoke F/O [0:Normal, 1:Pushed]",System.Int32,,TRUE,TRUE
system.switches.S_YOKE_PTT_IC_CAPT,"Yoke PTT IC captain [0:Normal, 1:Pushed]",System.Int32,,TRUE,TRUE
system.switches.S_YOKE_PTT_IC_FO,"Yoke PTT IC F/O [0:Normal, 1:Pushed]",System.Int32,,TRUE,TRUE
system.switches.S_YOKE_PTT_RT_CAPT,"Yoke PTT RT captain [0:Normal, 1:Pushed]",System.Int32,,TRUE,TRUE
system.switches.S_YOKE_PTT_RT_FO,"Yoke PTT RT F/O [0:Normal, 1:Pushed]",System.Int32,,TRUE,TRUE
system.timers.drivers.gateInput,gateInput,System.Double,ms,TRUE,FALSE
system.timers.drivers.sdk,sdk,System.Double,ms,TRUE,FALSE
system.timers.drivers.system,system,System.Double,ms,TRUE,FALSE
system.timers.internal.aircraftSystems,Aircraft systems,System.Double,ms,TRUE,FALSE
system.timers.internal.asyncFast,Async fast,System.Double,ms,TRUE,FALSE
system.timers.internal.asyncSlow,Async slow,System.Double,ms,TRUE,FALSE
system.timers.internal.hardware,Hardware,System.Double,ms,TRUE,FALSE
system.timers.internal.ioElements.in,IO elements in,System.Double,ms,TRUE,FALSE
system.timers.internal.ioElements.out,IO elements out,System.Double,ms,TRUE,FALSE
system.timers.internal.network,Network,System.Double,ms,TRUE,FALSE
system.timers.internal.sdk,SDK,System.Double,ms,TRUE,FALSE
system.timers.internal.total,Total,System.Double,ms,TRUE,FALSE
system.version,Full version string of the ProSim737 system instance,System.String,,TRUE,FALSE